Product ID,Product Name,Category,Stock Quantity,Supplier,Discount,Rating,Reviews,SKU,Warehouse,Return Policy,Brand,Supplier Contact,Placeholder,Price
1,Product C,Home,83,Supplier Z,17.92011193469083,2.642116455786864,66,SKU001,Warehouse B,30 Days,Brand X,9465317820,75,206.023000004478
2,Product A,Electronics,45,Supplier Y,1.03309257967158,3.015927702745451,51,SKU001,Warehouse C,15 Days,Brand X,9369407588,68,443.641578386826
3,Product C,Home,79,Supplier Z,4.845421733890554,4.868813823368773,5,SKU002,Warehouse B,7 Days,Brand Z,9900342830,4,414.6563251804426
4,Product C,Electronics,80,Supplier Y,14.52516235993095,3.646445986033569,9,SKU001,Warehouse A,7 Days,Brand X,9309893449,2,434.6297698987732
5,Product A,Home,2,Supplier Z,32.9852241073546,4.619980903889299,37,SKU001,Warehouse B,30 Days,Brand Y,9173870798,3,589.7056805624725
6,Product A,Home,93,Supplier Z,4.925753673426692,1.715034013884257,76,SKU001,Warehouse C,30 Days,Brand Y,9252943088,62,525.9619876644022
7,Product C,Electronics,68,Supplier Z,28.03284267503409,2.932944624980608,11,SKU002,Warehouse A,30 Days,Brand Z,9602181634,87,158.2793603640937
8,Product B,Home,50,Supplier X,5.994293541200213,4.634646679380202,45,SKU003,Warehouse A,30 Days,Brand X,9469725959,4,74.92328192016996
9,Product C,Clothing,29,Supplier Y,10.58076636746907,2.290448245765671,48,SKU003,Warehouse A,15 Days,Brand X,9814898584,60,732.1212942392751
10,Product C,Electronics,95,Supplier X,8.609426377788138,4.870656792585683,90,SKU002,Warehouse A,15 Days,Brand Z,9431916067,94,564.1202615690303
11,Product C,Clothing,81,Supplier X,3.361431778540525,1.38830996189463,71,SKU003,Warehouse C,30 Days,Brand Z,9795790122,56,365.4107603984711
12,Product C,Electronics,10,Supplier Z,33.56649086932951,4.610684681100148,62,SKU002,Warehouse B,30 Days,Brand X,9228372475,98,810.2742442730931
13,Product A,Home,27,Supplier Y,23.17017736930173,2.780848488263435,68,SKU001,Warehouse A,15 Days,Brand Z,9366096109,41,394.1778895183474
14,Product C,Home,15,Supplier Y,41.55267204486691,1.294976660564643,99,SKU003,Warehouse B,30 Days,Brand Y,9677371860,82,798.0054387046015
15,Product B,Home,60,Supplier Y,4.944541999115848,4.518086370344349,42,SKU002,Warehouse B,7 Days,Brand Z,9944605402,55,312.6985662372509
16,Product A,Electronics,31,Supplier Y,7.236646666903612,2.007760849636454,93,SKU002,Warehouse B,15 Days,Brand Y,9231622856,71,82.11684456974776
17,Product B,Clothing,21,Supplier X,15.32288656752253,1.089000501980901,59,SKU001,Warehouse B,7 Days,Brand Y,9609538441,27,933.3132968619298
18,Product B,Clothing,60,Supplier X,38.29329934694041,1.543228422276769,28,SKU002,Warehouse C,7 Days,Brand Y,9441097754,54,400.6056179885594
19,Product B,Electronics,58,Supplier Y,15.28794115778494,3.636458967599046,85,SKU003,Warehouse A,7 Days,Brand X,9937534040,37,794.7656471208841
20,Product B,Electronics,41,Supplier X,20.42093537493463,4.911245956552779,77,SKU001,Warehouse A,7 Days,Brand Y,9729544972,22,286.3526918900814
21,Product A,Clothing,46,Supplier Y,15.08017831485823,1.445848558334067,73,SKU002,Warehouse B,30 Days,Brand Z,9895000370,6,649.9014610024194
22,Product A,Clothing,45,Supplier X,4.011214590051498,2.847792192499048,10,SKU001,Warehouse A,30 Days,Brand Y,9555025219,37,874.577764525151
23,Product B,Clothing,26,Supplier Z,46.97168114480937,1.72254620379013,34,SKU002,Warehouse B,30 Days,Brand X,9257620091,76,51.22758211658052
24,Product B,Clothing,51,Supplier Z,27.42694960355944,3.980146136406368,22,SKU003,Warehouse C,30 Days,Brand X,9397648271,56,832.3294070392284
25,Product A,Electronics,36,Supplier Y,39.39165940927484,1.472235599047257,71,SKU003,Warehouse A,15 Days,Brand X,9362281867,84,575.6196749222094
26,Product A,Electronics,52,Supplier Y,32.9178546092648,1.959366993923558,20,SKU001,Warehouse B,30 Days,Brand X,9033368344,36,611.3970363694835
27,Product A,Home,81,Supplier X,25.71271395309875,1.785623870596285,36,SKU002,Warehouse A,15 Days,Brand Z,9506659823,5,527.9264207979228
28,Product C,Clothing,51,Supplier Y,4.483912832969006,3.210079121467912,27,SKU001,Warehouse B,7 Days,Brand X,9174990078,9,875.730352250806
29,Product C,Home,3,Supplier Y,32.13667726351522,4.492736368002529,94,SKU001,Warehouse A,15 Days,Brand Z,9942506416,26,52.99902366328109
30,Product C,Electronics,14,Supplier X,7.768517796841606,3.044360804625674,57,SKU003,Warehouse C,30 Days,Brand X,9887906703,89,268.4181076204896
31,Product B,Electronics,49,Supplier Y,20.71915846781383,1.232973811085885,52,SKU001,Warehouse A,7 Days,Brand X,9657849190,56,877.0049134705638
32,Product C,Home,77,Supplier Y,31.45565717402152,3.253555722387325,27,SKU002,Warehouse C,7 Days,Brand Z,9590451713,91,754.8222455066365
33,Product B,Clothing,91,Supplier Z,39.11145002360617,4.190083997272037,41,SKU003,Warehouse C,30 Days,Brand Y,9651514490,15,27.46870857681979
34,Product B,Clothing,1,Supplier Z,34.25225878543097,1.528624789217291,90,SKU002,Warehouse B,7 Days,Brand Z,9836003563,58,521.8362203776115
35,Product C,Clothing,57,Supplier Z,33.57667645273144,1.290844857378367,84,SKU001,Warehouse B,7 Days,Brand Y,9977320318,27,534.2769539055481
36,Product B,Clothing,17,Supplier Y,7.452110458760375,1.751231110230276,72,SKU003,Warehouse A,7 Days,Brand Z,9809567820,2,406.8733137766313
37,Product C,Home,50,Supplier X,17.30642700357939,3.98434529128651,92,SKU002,Warehouse C,15 Days,Brand Y,9248344653,56,304.4193987413698
38,Product C,Home,98,Supplier Z,2.145613633009708,3.366721678128006,60,SKU002,Warehouse B,7 Days,Brand X,9721842507,64,684.9076019082187
39,Product A,Electronics,14,Supplier Y,35.97384465882323,3.162378615846996,78,SKU001,Warehouse C,7 Days,Brand Y,9353030293,66,215.7125600577063
40,Product C,Clothing,59,Supplier Z,47.62929906587095,1.997919578527073,32,SKU002,Warehouse C,15 Days,Brand Y,9007866324,29,800.959076450989
41,Product A,Clothing,81,Supplier X,13.20551950895379,2.328946380987438,54,SKU001,Warehouse C,30 Days,Brand X,9703011375,18,805.0067891597971
42,Product C,Clothing,3,Supplier X,4.384835458115466,4.863540051773369,36,SKU001,Warehouse A,15 Days,Brand X,9513907313,96,421.1088231970923
43,Product C,Home,98,Supplier X,23.77850383768268,1.962500906917543,46,SKU001,Warehouse C,15 Days,Brand Y,9820663800,7,290.7125308005512
44,Product A,Clothing,40,Supplier X,42.83491115637844,4.606581693020354,35,SKU001,Warehouse C,30 Days,Brand Y,9938662463,61,291.0393997748061
45,Product A,Home,89,Supplier X,27.59870976358899,3.322126017830946,27,SKU003,Warehouse A,30 Days,Brand Z,9918375362,18,487.468410756248
46,Product C,Clothing,66,Supplier X,2.338857509505665,1.493185865484991,9,SKU002,Warehouse A,15 Days,Brand X,9818614421,35,722.3834325018652
47,Product B,Clothing,34,Supplier Y,48.7136120263973,2.869249512620272,22,SKU002,Warehouse B,7 Days,Brand X,9755770952,68,365.2800040839202
48,Product A,Electronics,90,Supplier Z,41.43249549813003,4.794194869443503,91,SKU003,Warehouse C,30 Days,Brand X,9871156782,59,613.942912003174
49,Product B,Clothing,95,Supplier X,6.579703852575508,2.674262392549434,97,SKU001,Warehouse C,7 Days,Brand Z,9127581991,33,388.6596159767684
50,Product B,Clothing,9,Supplier Z,46.08988782517545,4.453546259157449,4,SKU001,Warehouse A,30 Days,Brand Z,9949059945,54,311.4779572598695
51,Product B,Electronics,94,Supplier Z,22.53441443025943,2.025714778606831,81,SKU001,Warehouse A,7 Days,Brand Y,9498058932,26,34.61092075663622
52,Product A,Home,84,Supplier Y,18.59489952874706,3.283688607201492,5,SKU001,Warehouse B,15 Days,Brand Z,9981698933,38,13.87496467803673
53,Product B,Home,21,Supplier X,23.05266652635941,4.375408232807895,41,SKU003,Warehouse A,15 Days,Brand Z,9331922178,41,234.9356010536844
54,Product A,Clothing,93,Supplier X,41.72859784354736,4.682753764678782,46,SKU002,Warehouse A,15 Days,Brand Z,9839159902,41,412.3422239329855
55,Product B,Home,25,Supplier Y,32.97398391433929,2.943293468605203,86,SKU001,Warehouse A,15 Days,Brand X,9202284132,87,852.7485556884396
56,Product C,Clothing,44,Supplier Y,2.962422619986377,3.558752408581716,27,SKU001,Warehouse A,30 Days,Brand Y,9304385413,47,800.4994005011212
57,Product C,Electronics,25,Supplier Y,47.88021855580855,1.011920523129324,12,SKU001,Warehouse B,15 Days,Brand Z,9377704333,30,274.49360996211
58,Product A,Electronics,9,Supplier Y,7.389206673915888,2.012893230053558,24,SKU002,Warehouse C,7 Days,Brand Z,9919811666,21,252.0950385544564
59,Product C,Clothing,62,Supplier Y,37.27839758676755,2.114848414987783,6,SKU002,Warehouse C,15 Days,Brand Z,9173554617,86,235.0488503593272
60,Product C,Electronics,26,Supplier Z,31.80682652140655,1.373972046617723,65,SKU003,Warehouse C,15 Days,Brand X,9291252305,40,345.8449671235783
61,Product B,Electronics,57,Supplier Y,9.376402397328043,2.118780053427907,79,SKU002,Warehouse C,15 Days,Brand Y,9353730553,23,503.2167323660685
62,Product A,Clothing,37,Supplier X,8.536603805652481,2.284488132232557,57,SKU002,Warehouse C,15 Days,Brand Y,9557994616,39,444.2810943112597
63,Product B,Clothing,16,Supplier X,43.5163796852346,4.875064158272773,65,SKU001,Warehouse A,30 Days,Brand Z,9996146054,31,226.0904667936788
64,Product B,Electronics,37,Supplier Y,20.98474617497986,3.674409522243351,35,SKU002,Warehouse C,30 Days,Brand Y,9872889315,50,139.1468958441818
65,Product B,Home,76,Supplier Y,32.72882570870693,2.704020317665377,1,SKU001,Warehouse A,30 Days,Brand X,9257698204,32,22.45203436133343
66,Product B,Home,24,Supplier Y,25.20355019283366,4.952217842782037,37,SKU003,Warehouse C,7 Days,Brand Z,9187058178,27,162.4236062798388
67,Product B,Clothing,26,Supplier Y,36.36767585379798,1.612929280938445,73,SKU001,Warehouse C,7 Days,Brand Y,9088862732,80,708.3028064921771
68,Product B,Clothing,20,Supplier Y,23.96211875196653,2.904204775721938,13,SKU003,Warehouse A,15 Days,Brand Z,9819024035,89,251.2021836521271
69,Product B,Home,9,Supplier X,14.36899576277842,3.588248828196198,26,SKU002,Warehouse C,7 Days,Brand X,9304353896,81,473.9157920202947
70,Product A,Electronics,87,Supplier Z,18.16916854982482,1.222322537936308,14,SKU003,Warehouse A,7 Days,Brand Z,9533734744,78,595.3881374340123
71,Product C,Home,29,Supplier Y,42.95388472251713,3.867995432332475,84,SKU001,Warehouse B,7 Days,Brand X,9539598683,62,887.9724938032911
72,Product B,Home,31,Supplier Y,23.40173464613635,1.39946941168796,11,SKU002,Warehouse B,7 Days,Brand Z,9999870629,21,889.9665474094853
73,Product B,Home,19,Supplier Y,10.67246661223046,1.561129234398708,42,SKU002,Warehouse B,30 Days,Brand Z,9069545034,17,748.2763963445453
74,Product B,Home,20,Supplier X,46.73026940386266,1.638758049848336,96,SKU001,Warehouse C,30 Days,Brand Y,9724916283,84,44.80542212801641
75,Product B,Clothing,87,Supplier X,39.83002282491885,4.715559306622071,56,SKU002,Warehouse C,7 Days,Brand Y,9199284456,82,579.3197148945608
76,Product B,Clothing,27,Supplier Z,2.783307302809956,3.732942180552671,85,SKU001,Warehouse C,7 Days,Brand X,9479746429,1,788.7176361231914
77,Product B,Electronics,94,Supplier Z,49.94714809902589,3.621710004412416,47,SKU003,Warehouse C,30 Days,Brand X,9286555208,93,27.11516431572958
78,Product C,Electronics,85,Supplier Z,34.74633482200512,3.221973985859969,60,SKU003,Warehouse A,15 Days,Brand X,9583744277,88,554.1877675200125
79,Product C,Electronics,44,Supplier Z,8.013329952029347,2.171223994780411,81,SKU002,Warehouse B,30 Days,Brand Y,9112026260,25,859.1865043281691
80,Product B,Electronics,35,Supplier X,11.85838406492982,3.483558818397406,43,SKU001,Warehouse A,7 Days,Brand Z,9484856954,38,479.3610550838443
81,Product C,Home,71,Supplier Z,34.62227406207735,2.640598879554559,51,SKU001,Warehouse B,7 Days,Brand X,9936923602,16,14.06514086847397
82,Product A,Clothing,22,Supplier Y,38.9880527639561,1.58166460037046,61,SKU003,Warehouse B,7 Days,Brand Z,9037625120,15,20.90322475225138
83,Product B,Clothing,74,Supplier X,11.95179715749031,3.758389161310932,1,SKU001,Warehouse A,30 Days,Brand Z,9653582851,26,422.469677039613
84,Product A,Electronics,87,Supplier X,12.84844269496354,1.518328671719691,92,SKU002,Warehouse A,7 Days,Brand Y,9512555488,48,163.458580742587
85,Product A,Electronics,15,Supplier X,15.35603474360304,1.762674324084693,70,SKU002,Warehouse A,30 Days,Brand Y,9764025068,2,667.806150522327
86,Product B,Home,94,Supplier Y,29.90091824183184,4.270797247390424,30,SKU003,Warehouse B,15 Days,Brand Z,9504832719,41,711.7112722570924
87,Product C,Home,98,Supplier X,8.590808915063846,3.640468384500616,81,SKU001,Warehouse A,7 Days,Brand X,9210067627,62,186.1009975060223
88,Product A,Electronics,13,Supplier Y,5.212159944238875,3.52396461685457,72,SKU002,Warehouse C,7 Days,Brand Y,9790148480,28,889.6479556392401
89,Product B,Clothing,4,Supplier Z,33.94320445427568,2.672811137370896,71,SKU002,Warehouse A,15 Days,Brand Z,9795182525,1,447.4887665291366
90,Product A,Clothing,82,Supplier X,38.95489698965851,2.585122072957485,32,SKU002,Warehouse B,30 Days,Brand Y,9080738510,13,151.4174485160045
91,Product A,Clothing,56,Supplier Y,25.04647022082527,3.761050436741605,4,SKU001,Warehouse B,7 Days,Brand Z,9303465621,11,766.6090820887015
92,Product A,Electronics,23,Supplier X,18.19163551341927,3.960022154436183,77,SKU003,Warehouse A,7 Days,Brand Y,9803878623,23,792.0747550166051
93,Product A,Clothing,97,Supplier Z,21.60213567632382,3.040852809457242,57,SKU003,Warehouse A,7 Days,Brand X,9129274426,27,642.9025179388029
94,Product C,Home,98,Supplier X,19.42039169359759,4.877076977394105,76,SKU002,Warehouse B,7 Days,Brand X,9729387812,17,854.9308976705275
95,Product A,Home,34,Supplier Z,47.99924541188376,4.822798235675488,10,SKU003,Warehouse B,15 Days,Brand Y,9428016790,88,739.9992423103646
96,Product A,Electronics,99,Supplier X,38.40449526095701,2.649717960051035,83,SKU002,Warehouse A,30 Days,Brand Y,9159600288,5,883.3836798547206
97,Product A,Home,17,Supplier Y,10.40436074250551,4.282489017132614,22,SKU002,Warehouse C,15 Days,Brand Y,9369823856,29,439.5491680006247
98,Product C,Electronics,28,Supplier Z,19.209457602699,3.173071366393661,44,SKU001,Warehouse C,30 Days,Brand X,9544519399,94,750.1211568184481
99,Product A,Clothing,14,Supplier X,27.20061456815549,3.047023550228698,26,SKU002,Warehouse C,15 Days,Brand Y,9941303701,33,999.7540477947539
100,Product A,Clothing,34,Supplier Z,30.64929310318442,1.219856245514607,78,SKU002,Warehouse B,15 Days,Brand X,9682594239,82,727.681885544423
101,Product C,Clothing,75,Supplier Z,23.40919480143835,3.295898841873241,93,SKU001,Warehouse C,30 Days,Brand Y,9205887975,57,123.0419424347608
102,Product C,Home,57,Supplier Y,40.50633175059796,4.602311722252658,55,SKU001,Warehouse C,7 Days,Brand Y,9068155774,27,523.1355352048912
103,Product C,Electronics,77,Supplier Y,38.38030097291158,4.120535396780369,58,SKU003,Warehouse A,7 Days,Brand Z,9086285245,71,591.4743133305976
104,Product A,Clothing,97,Supplier Y,25.25789593140833,4.145268578797048,79,SKU001,Warehouse A,15 Days,Brand X,9737502581,74,182.4685683206771
105,Product C,Electronics,55,Supplier Y,42.72146933908652,1.639716154305357,39,SKU002,Warehouse C,15 Days,Brand Y,9370610101,52,963.2627178362573
106,Product C,Clothing,66,Supplier Z,37.55447652211929,2.433797788534255,17,SKU001,Warehouse B,15 Days,Brand X,9368452281,15,183.8239798582701
107,Product A,Home,98,Supplier Z,38.92909243603216,1.932819666600943,50,SKU001,Warehouse C,7 Days,Brand Z,9435291886,25,185.7823405160905
108,Product C,Home,93,Supplier X,47.82003897167083,2.263661129822544,60,SKU003,Warehouse A,30 Days,Brand X,9885544182,64,916.0154665948094
109,Product A,Electronics,37,Supplier X,13.32334706046013,3.318157373974902,22,SKU001,Warehouse A,7 Days,Brand X,9389164171,56,470.5533787904544
110,Product B,Home,68,Supplier X,13.38240811834246,2.459135253480992,35,SKU002,Warehouse A,15 Days,Brand X,9027490927,30,72.55639648177103
111,Product C,Home,76,Supplier Y,44.44761278453201,3.242791269857064,37,SKU002,Warehouse C,7 Days,Brand X,9576163217,26,602.2056249391433
112,Product B,Electronics,26,Supplier Z,38.61131866928397,2.754004993098308,71,SKU002,Warehouse B,7 Days,Brand X,9498503647,48,605.8080851467174
113,Product A,Clothing,61,Supplier Z,46.32727707178137,2.146462233798911,55,SKU001,Warehouse C,7 Days,Brand X,9170093250,8,73.85575109969618
114,Product C,Home,92,Supplier X,3.156508016222653,1.381613736820634,38,SKU001,Warehouse A,30 Days,Brand X,9275046331,25,972.7972706773254
115,Product A,Electronics,67,Supplier X,31.38785386307983,4.56735382937913,92,SKU002,Warehouse A,15 Days,Brand Y,9786372732,5,548.5896656416298
116,Product B,Home,84,Supplier Z,7.231416906172372,1.045493464018595,75,SKU001,Warehouse A,7 Days,Brand Y,9139440483,6,564.1977649579666
117,Product A,Home,74,Supplier Y,25.19485991462913,1.006609952567885,81,SKU003,Warehouse A,7 Days,Brand X,9381186286,12,524.9142603573706
118,Product C,Home,52,Supplier X,7.787346592672212,4.307190959054184,82,SKU003,Warehouse C,15 Days,Brand X,9729672685,48,614.6244618481738
119,Product C,Home,18,Supplier X,6.403925449243964,4.98724376130316,99,SKU003,Warehouse C,7 Days,Brand Y,9812321400,9,271.6567552460174
120,Product B,Electronics,53,Supplier Z,0.6084172691016576,3.908411310854625,96,SKU003,Warehouse B,7 Days,Brand Z,9913922648,42,294.3689344950924
121,Product A,Electronics,63,Supplier Z,31.51194061914522,1.061095352251539,68,SKU002,Warehouse A,7 Days,Brand Y,9037745663,48,516.2256988981715
122,Product C,Electronics,53,Supplier X,17.9511308345043,1.906760906674053,27,SKU001,Warehouse C,7 Days,Brand Z,9286002707,94,808.6189962159438
123,Product B,Home,27,Supplier X,5.259414243948584,4.887290801047845,89,SKU003,Warehouse C,15 Days,Brand X,9724716816,17,59.36593072923707
124,Product C,Home,31,Supplier Y,16.14188888656549,4.234417008695339,20,SKU002,Warehouse A,7 Days,Brand X,9806565040,10,607.3701700980436
125,Product C,Home,91,Supplier Y,8.447204572579247,3.267199375218844,61,SKU003,Warehouse C,30 Days,Brand Y,9325674389,9,808.7103610812509
126,Product A,Electronics,1,Supplier Y,47.08474157508297,1.947442837761436,22,SKU001,Warehouse A,7 Days,Brand Y,9956950641,27,165.3480993168549
127,Product C,Home,6,Supplier Y,16.00024428806741,1.057480823706996,20,SKU003,Warehouse B,30 Days,Brand Y,9196637600,84,24.87231656076063
128,Product A,Clothing,11,Supplier X,16.6976761644695,1.083445890549636,74,SKU003,Warehouse A,15 Days,Brand X,9346363673,52,319.5861621900435
129,Product C,Home,34,Supplier X,41.99290016997928,3.447923454120907,15,SKU003,Warehouse A,7 Days,Brand Y,9783589402,53,592.2622696623022
130,Product B,Clothing,84,Supplier X,32.38778806430021,1.087327505409692,61,SKU003,Warehouse C,30 Days,Brand Y,9774655675,24,146.9003416707002
131,Product C,Home,63,Supplier Y,35.50858037015006,4.974520567701491,96,SKU001,Warehouse B,30 Days,Brand Z,9823256481,5,431.8611472627607
132,Product A,Electronics,53,Supplier X,31.80009019944803,1.733535333974952,90,SKU002,Warehouse B,7 Days,Brand X,9515676758,10,556.7982824005352
133,Product A,Home,85,Supplier Z,47.30981419742827,3.842829447477109,64,SKU003,Warehouse C,7 Days,Brand X,9339523021,32,602.894263809744
134,Product B,Clothing,85,Supplier Y,10.35004157790226,1.620238885649654,79,SKU002,Warehouse B,15 Days,Brand X,9328394931,68,281.6676037903714
135,Product C,Clothing,18,Supplier Z,49.45196208778979,3.160373684390858,4,SKU001,Warehouse B,15 Days,Brand Y,9448504374,97,406.0293396264285
136,Product C,Home,21,Supplier Y,41.54780887782566,1.32244515386487,45,SKU001,Warehouse A,7 Days,Brand X,9223322358,95,780.5558367768831
137,Product B,Clothing,19,Supplier X,29.44862944381711,4.067113698132973,63,SKU003,Warehouse C,15 Days,Brand Y,9003999219,45,941.8025471794787
138,Product C,Clothing,4,Supplier Y,33.11858121981245,3.339684378899319,81,SKU002,Warehouse B,15 Days,Brand Z,9502925628,87,863.2615278070747
139,Product C,Electronics,77,Supplier Z,32.44129382503071,1.34466677360566,40,SKU003,Warehouse B,15 Days,Brand X,9254074289,76,568.6406667160976
140,Product A,Home,82,Supplier Y,2.919811202957695,4.394344756800022,97,SKU001,Warehouse B,15 Days,Brand Z,9206935272,54,416.1898749145071
141,Product C,Home,29,Supplier Z,10.90082492659693,3.188074459106808,43,SKU003,Warehouse A,7 Days,Brand Z,9833950654,69,339.6270482277041
142,Product C,Home,25,Supplier X,48.07354422623746,4.686369240053272,88,SKU003,Warehouse A,7 Days,Brand X,9713916351,97,133.7070004231779
143,Product B,Clothing,56,Supplier Z,26.71822144296896,4.666493494712451,97,SKU002,Warehouse C,30 Days,Brand X,9934796045,50,115.4857347439519
144,Product B,Home,77,Supplier X,18.9176801630956,4.68203115794633,14,SKU001,Warehouse C,15 Days,Brand Y,9928583549,24,691.4740486645211
145,Product A,Home,63,Supplier Z,38.10192316945375,1.311140800801872,67,SKU003,Warehouse A,7 Days,Brand Z,9077270636,22,267.1964720094488
146,Product C,Electronics,27,Supplier X,26.22594713279048,1.483831047018094,50,SKU003,Warehouse C,30 Days,Brand Z,9920163289,49,262.1150695681223
147,Product C,Electronics,60,Supplier Z,0.6581385715948795,4.950823238864792,53,SKU003,Warehouse C,15 Days,Brand Y,9872417005,45,998.2131039330078
148,Product C,Electronics,83,Supplier X,36.8118798357559,2.950403285594824,67,SKU002,Warehouse C,30 Days,Brand X,9165596025,76,196.0466982950574
149,Product A,Clothing,49,Supplier X,36.61087800264306,1.952856211316591,88,SKU001,Warehouse A,15 Days,Brand Z,9265932594,91,156.5791618939413
150,Product A,Home,65,Supplier X,8.25743560549872,4.078657953994632,76,SKU003,Warehouse A,7 Days,Brand Y,9655163034,43,107.6983754823214
151,Product B,Electronics,38,Supplier Z,47.83300442121067,2.057140884849928,41,SKU003,Warehouse B,30 Days,Brand Z,9964943015,12,584.0072917151282
152,Product A,Electronics,83,Supplier Z,11.19540657705572,3.908862752074569,45,SKU003,Warehouse B,7 Days,Brand Z,9102466627,70,631.5851877420804
153,Product C,Electronics,52,Supplier X,22.88746836910996,4.349143111399044,24,SKU001,Warehouse B,15 Days,Brand Y,9145514423,47,371.5756469943131
154,Product C,Home,1,Supplier Y,5.736798063045734,4.137053509181122,66,SKU002,Warehouse B,15 Days,Brand Z,9568989658,16,540.0592021563531
155,Product A,Home,40,Supplier X,30.16411597252942,2.096191232791742,34,SKU002,Warehouse C,15 Days,Brand Y,9934601450,72,790.5155356354634
156,Product C,Home,81,Supplier Y,18.77255600286063,2.606474296316948,72,SKU003,Warehouse C,30 Days,Brand Y,9743581222,13,819.9231266385309
157,Product C,Clothing,21,Supplier X,17.65867311048527,2.653004012933105,77,SKU003,Warehouse A,30 Days,Brand Z,9915617422,29,958.3329549584918
158,Product A,Clothing,86,Supplier Z,41.34884386104736,2.965091672417887,21,SKU002,Warehouse C,30 Days,Brand Z,9750621016,29,826.0253060636458
159,Product A,Electronics,15,Supplier Y,0.4780856425239122,1.669491406160544,8,SKU002,Warehouse C,7 Days,Brand X,9186699281,32,569.1930223502524
160,Product C,Home,50,Supplier Z,39.89733854462113,2.80988020165737,23,SKU002,Warehouse C,30 Days,Brand X,9692742195,53,187.8603961784775
161,Product C,Electronics,48,Supplier Y,28.57242828740393,3.043131962061919,22,SKU003,Warehouse B,15 Days,Brand Z,9172527036,56,108.765922125814
162,Product C,Home,32,Supplier Y,49.30492567400995,3.12683598632421,60,SKU003,Warehouse A,7 Days,Brand X,9953560797,88,63.96677101175061
163,Product B,Home,49,Supplier Y,29.47216103021245,4.279601719937833,36,SKU002,Warehouse B,15 Days,Brand X,9107793188,30,669.8605734675299
164,Product B,Home,68,Supplier Y,2.768956707397896,3.069337993917981,44,SKU002,Warehouse C,15 Days,Brand Y,9793592399,22,809.4608928440132
165,Product B,Clothing,45,Supplier Z,2.532266322186316,1.923135690054701,14,SKU001,Warehouse C,30 Days,Brand Z,9682017931,51,513.5971111772383
166,Product A,Clothing,32,Supplier Y,44.1576493185916,3.652514952976749,56,SKU003,Warehouse A,30 Days,Brand X,9986328784,90,64.16703308530353
167,Product B,Home,4,Supplier X,42.06070727555266,4.189256576346501,99,SKU001,Warehouse B,30 Days,Brand X,9600334744,96,540.1158688454248
168,Product A,Electronics,65,Supplier X,17.29450377910116,2.277486665753047,13,SKU002,Warehouse C,15 Days,Brand X,9607062350,53,936.3917689093049
169,Product A,Home,97,Supplier Y,30.90162420905686,3.581223716070421,51,SKU003,Warehouse A,7 Days,Brand Z,9977622296,46,601.6370590231359
170,Product B,Home,71,Supplier Z,24.47956785278001,1.587751983784051,83,SKU003,Warehouse C,30 Days,Brand Y,9250945940,48,811.3332135781867
171,Product B,Electronics,73,Supplier Z,48.35820275680261,2.367705218312256,35,SKU001,Warehouse C,30 Days,Brand Z,9231340153,83,802.151121907833
172,Product B,Home,65,Supplier Y,47.49804504384458,4.636895718198536,26,SKU001,Warehouse A,7 Days,Brand Y,9079664850,55,932.8078087828463
173,Product C,Electronics,80,Supplier Z,49.19195042703873,4.645232652650283,16,SKU001,Warehouse A,15 Days,Brand X,9630806359,91,772.5264779933746
174,Product B,Clothing,18,Supplier Z,43.32243903171321,3.301298314972255,89,SKU001,Warehouse C,15 Days,Brand Z,9129716870,7,750.2235088729586
175,Product C,Clothing,54,Supplier Z,45.47757953875507,3.809405843460427,40,SKU003,Warehouse A,7 Days,Brand Y,9909639668,21,241.7616383209342
176,Product A,Electronics,47,Supplier Y,10.86393893835682,4.416061660823766,3,SKU002,Warehouse C,30 Days,Brand X,9416662987,61,69.32590376787064
177,Product C,Clothing,6,Supplier X,41.55033944948872,4.834212741250507,2,SKU002,Warehouse B,7 Days,Brand X,9011598512,53,522.4234704032697
178,Product B,Clothing,66,Supplier X,35.44285566021374,2.959545761159078,18,SKU002,Warehouse C,30 Days,Brand Z,9241620006,34,133.1898658672876
179,Product A,Electronics,9,Supplier X,48.13932544140351,3.246302946504137,40,SKU001,Warehouse A,7 Days,Brand Y,9289286218,94,962.5739175152114
180,Product A,Clothing,68,Supplier X,28.56309142213097,2.662566266591321,39,SKU002,Warehouse B,15 Days,Brand X,9465134432,87,297.0255150066983
181,Product A,Home,23,Supplier X,4.258358335527817,1.287927748225715,57,SKU001,Warehouse A,15 Days,Brand X,9395118128,14,854.4147613504501
182,Product C,Home,43,Supplier Z,29.86994455935765,2.691213889795274,38,SKU001,Warehouse C,15 Days,Brand X,9816292056,94,393.7483789504348
183,Product B,Electronics,51,Supplier Z,34.32904640106439,4.162509357532309,6,SKU002,Warehouse A,15 Days,Brand Y,9879566069,4,329.9623073588037
184,Product A,Clothing,72,Supplier Z,11.01605143562142,4.219541991966114,35,SKU002,Warehouse C,7 Days,Brand Y,9433341158,85,935.8069866528549
185,Product A,Home,25,Supplier Y,19.70566917563642,4.569508458373199,82,SKU002,Warehouse A,7 Days,Brand X,9145723809,16,369.6893463653618
186,Product A,Home,80,Supplier Z,29.925170702584,1.205866820703876,75,SKU003,Warehouse A,30 Days,Brand Y,9047591166,91,396.3850295765051
187,Product C,Clothing,35,Supplier X,18.70528686582528,3.108618358322536,19,SKU001,Warehouse C,7 Days,Brand X,9534114959,2,115.0308618167801
188,Product C,Clothing,17,Supplier Z,18.7473858619332,1.429697951748305,75,SKU003,Warehouse B,30 Days,Brand X,9845696910,18,673.7421986296843
189,Product B,Home,18,Supplier X,6.65433195863987,1.802968732662973,28,SKU002,Warehouse C,7 Days,Brand Y,9343378727,90,295.9510203327384
190,Product C,Home,27,Supplier Z,47.0373361538833,4.600866009522425,93,SKU003,Warehouse B,7 Days,Brand Y,9042815438,80,589.7481261611122
191,Product A,Electronics,15,Supplier X,37.52471922475483,2.987165033718783,83,SKU003,Warehouse B,7 Days,Brand Z,9839415302,95,595.4381870126774
192,Product B,Electronics,81,Supplier Z,0.06217194330510045,4.034179683586455,67,SKU002,Warehouse B,7 Days,Brand Z,9150769252,36,722.0076986398094
193,Product A,Home,69,Supplier X,38.28066420110826,1.257536423714723,65,SKU002,Warehouse B,15 Days,Brand Y,9523546919,20,747.7890713107168
194,Product A,Electronics,80,Supplier X,36.98974963289294,2.667306015699408,46,SKU001,Warehouse C,7 Days,Brand Y,9236937665,50,519.307910057524
195,Product C,Home,15,Supplier Y,0.4865480077761497,3.696961122657351,93,SKU001,Warehouse C,30 Days,Brand Y,9175243077,53,337.682028127369
196,Product B,Home,42,Supplier Z,18.48021488068823,1.533625925112853,22,SKU003,Warehouse B,15 Days,Brand Y,9666727651,10,839.0763858863866
197,Product C,Electronics,34,Supplier X,30.33738451627653,2.303271516422733,5,SKU002,Warehouse B,7 Days,Brand X,9119384166,64,316.7669929143999
198,Product C,Electronics,48,Supplier Z,22.63753259290179,1.258191220095533,17,SKU001,Warehouse B,7 Days,Brand X,9827817957,29,512.4340035246381
199,Product B,Clothing,83,Supplier X,38.89930593602536,3.605359763478042,52,SKU001,Warehouse B,30 Days,Brand Z,9345457755,89,407.2400573716907
200,Product A,Clothing,8,Supplier Y,21.2729166317217,4.883565036232474,21,SKU003,Warehouse B,15 Days,Brand Y,9385420053,42,856.5276021099912
201,Product A,Clothing,10,Supplier Y,7.693148472691852,4.308181964571318,67,SKU003,Warehouse B,15 Days,Brand Z,9778440036,35,437.5993458343705
202,Product B,Home,5,Supplier Y,48.82078121369143,4.898492467230263,74,SKU003,Warehouse A,15 Days,Brand Y,9585103034,89,392.2381969491095
203,Product A,Electronics,48,Supplier Y,12.10199963880233,4.382419180393586,34,SKU002,Warehouse B,15 Days,Brand Y,9503143300,56,692.925455968661
204,Product B,Home,26,Supplier X,35.88461552706661,4.420783224787915,74,SKU001,Warehouse A,30 Days,Brand Y,9968493201,90,606.4166987628283
205,Product B,Electronics,86,Supplier Z,7.157815583203597,3.30870878148537,97,SKU001,Warehouse C,7 Days,Brand X,9800083210,25,116.1743651608876
206,Product C,Home,23,Supplier Y,16.45063068919663,3.07300924565284,8,SKU001,Warehouse C,7 Days,Brand Z,9582355062,81,513.0871182805236
207,Product B,Clothing,62,Supplier Y,22.10138042152119,2.62501706571131,30,SKU003,Warehouse B,15 Days,Brand Y,9276874742,96,738.1236044499152
208,Product C,Clothing,13,Supplier Y,9.611600226353195,4.27237958018352,95,SKU002,Warehouse C,30 Days,Brand Z,9508223751,99,992.1540169454427
209,Product A,Clothing,9,Supplier Z,22.49797881843048,1.728270449112098,42,SKU003,Warehouse C,7 Days,Brand Z,9889627923,97,632.8553656306159
210,Product A,Home,20,Supplier X,7.8581411495875,1.224899663296773,98,SKU003,Warehouse B,15 Days,Brand X,9669203514,59,376.5901357769046
211,Product A,Electronics,92,Supplier X,27.95032694929451,4.791575290738701,74,SKU002,Warehouse C,15 Days,Brand X,9965102938,89,233.8900838040972
212,Product A,Electronics,57,Supplier X,33.1856626260097,1.015112740813908,16,SKU002,Warehouse C,30 Days,Brand Y,9893447132,21,874.101931811787
213,Product C,Clothing,24,Supplier X,3.121714201400538,4.907317287503407,50,SKU003,Warehouse B,30 Days,Brand Z,9776489624,23,816.4195599923677
214,Product A,Clothing,33,Supplier Z,43.55660605410841,3.915413479495063,99,SKU002,Warehouse B,30 Days,Brand X,9446953657,11,241.583592571591
215,Product B,Clothing,20,Supplier Z,9.257044252101776,2.313995678791311,65,SKU003,Warehouse B,15 Days,Brand Z,9679541874,74,208.6257692451077
216,Product B,Clothing,60,Supplier Z,11.26812126601619,3.791279372345241,23,SKU001,Warehouse A,30 Days,Brand Z,9416989970,59,717.9854090430639
217,Product B,Electronics,48,Supplier Y,33.06749200415315,4.27150062874051,14,SKU002,Warehouse B,15 Days,Brand Y,9136680316,20,321.8025412995719
218,Product C,Home,64,Supplier Z,23.4375530217207,1.981448223945744,27,SKU001,Warehouse C,7 Days,Brand Z,9528199553,79,313.3348103783383
219,Product A,Home,30,Supplier X,24.96977995855329,4.083582733118328,2,SKU002,Warehouse B,15 Days,Brand X,9435333481,35,160.7673445969787
220,Product A,Home,73,Supplier Z,6.407749228156634,4.217478500032961,28,SKU003,Warehouse A,15 Days,Brand Y,9065842150,6,271.3357645127316
221,Product A,Home,17,Supplier Y,40.28679109382041,1.997418520501382,51,SKU003,Warehouse C,7 Days,Brand Y,9173326571,60,433.2324820167231
222,Product C,Clothing,14,Supplier X,30.8527123052105,1.167705417511934,53,SKU003,Warehouse A,30 Days,Brand Y,9787199417,52,735.5099538996914
223,Product B,Clothing,19,Supplier Z,6.769102165472801,1.816489138232391,57,SKU003,Warehouse C,30 Days,Brand X,9246560321,27,342.9450134696123
224,Product B,Clothing,71,Supplier X,18.6999683512798,1.802585635557578,44,SKU003,Warehouse B,15 Days,Brand Y,9829279494,23,335.3182960850443
225,Product A,Home,59,Supplier X,40.52049663675151,1.260961816701933,76,SKU003,Warehouse A,15 Days,Brand Z,9829047858,52,292.0641200269114
226,Product B,Clothing,67,Supplier Z,28.41775229933103,3.904029538620784,49,SKU002,Warehouse B,7 Days,Brand Y,9438415710,12,483.5008308359326
227,Product B,Clothing,97,Supplier Z,5.432438956646523,2.519899697833633,21,SKU002,Warehouse C,30 Days,Brand X,9948253088,77,188.8303309619021
228,Product C,Electronics,44,Supplier Y,18.63885228946434,4.537544669815434,51,SKU001,Warehouse B,7 Days,Brand X,9867074791,94,490.7744266918043
229,Product C,Electronics,32,Supplier Z,12.13471992278673,2.008684422660744,52,SKU002,Warehouse B,15 Days,Brand Y,9645099367,71,707.1338006327429
230,Product C,Clothing,11,Supplier Z,25.87327768268632,2.812928660399709,30,SKU002,Warehouse C,15 Days,Brand Z,9483738605,0,39.49259899229595
231,Product C,Electronics,2,Supplier Z,42.16805644359948,3.556069715707051,70,SKU001,Warehouse A,7 Days,Brand X,9987766796,80,19.68158650270425
232,Product A,Electronics,90,Supplier X,21.81335674022099,4.509859798687112,47,SKU001,Warehouse C,7 Days,Brand X,9086441353,40,84.37168105296414
233,Product C,Clothing,68,Supplier Y,21.66710151841615,3.098484406477499,89,SKU003,Warehouse C,30 Days,Brand X,9950197104,58,540.303461110831
234,Product B,Clothing,17,Supplier X,45.26754511635185,2.494098511249531,30,SKU001,Warehouse B,7 Days,Brand Y,9823609146,12,855.9105323535493
235,Product A,Clothing,81,Supplier Z,28.80927062536362,4.468060313888035,3,SKU001,Warehouse C,30 Days,Brand X,9986534693,53,14.83562136004942
236,Product B,Clothing,92,Supplier Y,28.30955436987034,2.240985698750442,34,SKU002,Warehouse A,30 Days,Brand X,9474648083,46,937.2946915388342
237,Product B,Home,94,Supplier Z,13.09549459376947,1.317694798530306,96,SKU003,Warehouse C,7 Days,Brand X,9998895885,26,115.2157264548304
238,Product B,Home,40,Supplier X,30.38613739185632,2.78016843004096,66,SKU001,Warehouse C,7 Days,Brand Y,9040690647,76,843.5636927776441
239,Product C,Clothing,87,Supplier X,28.79552337086982,4.140373225991968,63,SKU003,Warehouse B,30 Days,Brand X,9967539751,39,488.0262173331173
240,Product C,Electronics,46,Supplier Z,19.8425735170932,1.123123327014092,82,SKU003,Warehouse A,7 Days,Brand X,9506732166,90,662.7638134060555
241,Product A,Clothing,88,Supplier Y,49.53477829495903,3.343528979958368,8,SKU001,Warehouse B,30 Days,Brand Y,9136082181,31,515.5761546027106
242,Product A,Clothing,93,Supplier X,44.09454824740433,3.377856194108944,45,SKU001,Warehouse B,30 Days,Brand Y,9685041575,57,482.2777429275611
243,Product C,Electronics,4,Supplier Z,37.47931450384078,4.714167053709526,82,SKU001,Warehouse A,15 Days,Brand Z,9689776820,75,836.5504340807476
244,Product B,Home,38,Supplier Z,26.86727942065002,2.145859268580087,55,SKU001,Warehouse A,30 Days,Brand X,9626861794,42,758.3275157721382
245,Product A,Clothing,63,Supplier Z,23.10299009473151,2.115346452842785,55,SKU003,Warehouse C,15 Days,Brand Y,9631686408,51,488.5682141577742
246,Product C,Clothing,29,Supplier Y,9.244869761159968,2.761934605358713,82,SKU002,Warehouse A,7 Days,Brand Z,9994386936,76,120.519570102101
247,Product C,Home,19,Supplier Z,15.28687370073119,2.427659605886061,25,SKU003,Warehouse B,30 Days,Brand X,9492652649,79,124.2489297212641
248,Product C,Home,91,Supplier Z,38.69803999116051,3.945383450757307,59,SKU003,Warehouse A,30 Days,Brand Y,9549993280,33,803.5240661118847
249,Product B,Electronics,29,Supplier X,22.68744769687757,3.567008308526198,76,SKU003,Warehouse A,7 Days,Brand Y,9123834854,5,534.0967151340582
250,Product C,Home,35,Supplier Z,44.11347582847507,4.035684151625065,85,SKU001,Warehouse A,7 Days,Brand X,9022729107,47,486.773248817169
251,Product C,Home,70,Supplier Y,7.395556817276439,4.280167164794756,71,SKU001,Warehouse B,7 Days,Brand X,9989172101,17,683.761172947108
252,Product C,Home,23,Supplier Z,25.41735480068182,4.691924530936591,87,SKU002,Warehouse C,30 Days,Brand Z,9743735903,80,860.2531675801177
253,Product C,Electronics,46,Supplier Y,32.34828420106544,2.723746927138591,89,SKU002,Warehouse C,7 Days,Brand X,9497123110,38,632.5844129691721
254,Product A,Home,44,Supplier Z,25.8424228153963,4.938789557886198,47,SKU002,Warehouse B,7 Days,Brand X,9191339495,77,765.2194233230142
255,Product A,Home,48,Supplier Z,44.46134457924936,1.862643253614611,57,SKU003,Warehouse C,15 Days,Brand X,9887098132,6,767.6178188757874
256,Product C,Electronics,52,Supplier Z,49.47816409145699,3.857460647789314,62,SKU002,Warehouse C,15 Days,Brand Y,9849539108,5,362.6988343050295
257,Product B,Home,8,Supplier Y,5.791732917068487,3.136037269228757,57,SKU003,Warehouse B,30 Days,Brand Z,9509490955,75,281.3423636845857
258,Product A,Home,55,Supplier X,6.49774520384605,4.267602378739534,2,SKU001,Warehouse B,7 Days,Brand Z,9535552709,97,803.152426503407
259,Product C,Electronics,66,Supplier Y,6.516205678006054,2.907082082425704,6,SKU003,Warehouse C,7 Days,Brand Z,9223249150,52,383.4070038664011
260,Product A,Clothing,77,Supplier X,34.05885480352638,4.135754541449725,51,SKU001,Warehouse A,15 Days,Brand Y,9523514358,0,904.3026464574781
261,Product A,Electronics,40,Supplier Y,18.63380477479189,4.720674858590712,61,SKU001,Warehouse C,30 Days,Brand X,9718261774,28,78.99378976281844
262,Product B,Home,85,Supplier Z,36.66573306329531,3.929177064560349,1,SKU002,Warehouse A,7 Days,Brand Y,9485714836,91,67.63533695458625
263,Product C,Home,31,Supplier Z,20.27357364434894,4.104377144873297,32,SKU001,Warehouse B,30 Days,Brand Z,9676903508,68,927.7341185003942
264,Product C,Home,48,Supplier X,31.38033606660318,1.268701725063424,11,SKU002,Warehouse A,15 Days,Brand X,9771686499,84,651.9703650396206
265,Product B,Electronics,61,Supplier X,38.49290028394468,1.819830648929122,47,SKU002,Warehouse A,7 Days,Brand X,9931376080,97,385.803362883849
266,Product B,Home,52,Supplier Y,27.41079553274603,4.897214962014375,75,SKU002,Warehouse A,15 Days,Brand Z,9708305581,84,757.5098106680209
267,Product C,Home,38,Supplier Y,26.97517952250031,3.772748015149578,52,SKU003,Warehouse B,15 Days,Brand X,9292724166,87,675.6035418937048
268,Product C,Electronics,91,Supplier X,4.411716264281723,3.245796069244018,73,SKU002,Warehouse C,15 Days,Brand Y,9614123222,48,535.8890363514003
269,Product B,Clothing,36,Supplier X,20.53908714547174,2.4679054935858,40,SKU002,Warehouse C,7 Days,Brand Z,9673771372,58,107.8846092360248
270,Product A,Clothing,87,Supplier Y,27.28885766124688,1.177556004827672,90,SKU001,Warehouse A,30 Days,Brand Y,9316558933,12,814.057791419824
271,Product A,Home,55,Supplier X,23.0990412833205,2.47654363185654,81,SKU003,Warehouse C,7 Days,Brand X,9429949321,44,867.3629587738185
272,Product B,Electronics,85,Supplier X,45.03910000942128,2.995651493158304,57,SKU002,Warehouse B,15 Days,Brand Z,9793010769,45,180.4470016671226
273,Product A,Home,13,Supplier X,45.32653160597447,1.845838037547547,67,SKU002,Warehouse B,30 Days,Brand X,9660958017,22,852.006535457296
274,Product B,Electronics,37,Supplier X,41.09586902943808,1.69254716509533,22,SKU002,Warehouse B,15 Days,Brand Z,9503915381,31,879.0688379063986
275,Product A,Electronics,47,Supplier Z,18.764903768656,3.033666205430067,84,SKU001,Warehouse B,7 Days,Brand Z,9381624267,71,553.9343261656309
276,Product A,Clothing,90,Supplier Z,35.86495758437672,3.343616942510176,35,SKU001,Warehouse C,30 Days,Brand Z,9001575916,74,659.6172458604601
277,Product C,Clothing,71,Supplier X,19.76442305348049,1.959671675418099,93,SKU001,Warehouse A,7 Days,Brand Z,9589734392,12,388.4149468143465
278,Product C,Electronics,22,Supplier Y,11.62967994878795,3.349557897824852,84,SKU002,Warehouse A,30 Days,Brand Z,9770921588,52,288.9737310341733
279,Product A,Home,39,Supplier Z,17.14513217754408,4.601359855497179,86,SKU002,Warehouse A,15 Days,Brand X,9388157094,19,724.7633154821283
280,Product A,Clothing,87,Supplier Y,3.548231664276774,2.892693032085415,20,SKU002,Warehouse B,15 Days,Brand Z,9227280625,0,863.2563975256501
281,Product C,Home,58,Supplier Y,16.58887545023236,4.429560678348725,71,SKU002,Warehouse C,15 Days,Brand Y,9488200981,56,657.53677742619
282,Product C,Clothing,30,Supplier Z,23.03711086305858,4.709085778133273,54,SKU002,Warehouse C,7 Days,Brand Z,9398391786,65,516.4747045400837
283,Product C,Clothing,18,Supplier Y,47.7740447390415,1.369576115748343,55,SKU001,Warehouse C,7 Days,Brand Y,9014299477,10,167.3355191757298
284,Product B,Home,18,Supplier Y,15.67052931098125,1.383246318627188,12,SKU002,Warehouse C,15 Days,Brand X,9878439849,45,62.92412547876998
285,Product A,Clothing,74,Supplier X,45.12267696027603,2.904176731550406,21,SKU003,Warehouse C,15 Days,Brand Z,9409434581,29,451.234872344279
286,Product C,Clothing,39,Supplier X,11.44291379117485,3.352409777270811,6,SKU002,Warehouse C,30 Days,Brand Z,9292266117,68,58.85606806044706
287,Product A,Home,94,Supplier X,9.548444887962471,2.703533857860117,23,SKU001,Warehouse A,30 Days,Brand Y,9366414701,6,573.6412855881529
288,Product B,Clothing,26,Supplier Z,25.94977282160825,2.305803081670012,60,SKU002,Warehouse B,7 Days,Brand Z,9310303923,23,388.9018994045936
289,Product B,Clothing,71,Supplier X,33.6255684648703,3.563976464504623,4,SKU003,Warehouse A,30 Days,Brand X,9695081636,94,759.6172284851498
290,Product C,Clothing,7,Supplier Y,2.216612540114071,1.008326049399681,49,SKU002,Warehouse C,7 Days,Brand X,9872165587,47,312.5920118678216
291,Product B,Home,69,Supplier Y,11.05329325236083,4.87229312345497,61,SKU003,Warehouse B,7 Days,Brand Z,9639696389,93,597.0528739577578
292,Product A,Electronics,65,Supplier Y,22.78418332506582,1.928316352752089,54,SKU003,Warehouse B,30 Days,Brand Y,9160105032,42,542.3066865375495
293,Product C,Home,46,Supplier Y,16.55021679915907,4.668395074332029,25,SKU001,Warehouse B,30 Days,Brand X,9098297244,78,14.66530126701875
294,Product A,Electronics,18,Supplier Y,35.63105396741609,1.436058978138024,9,SKU003,Warehouse B,30 Days,Brand Z,9311763300,35,81.66550428166724
295,Product A,Clothing,13,Supplier Z,25.55802980206584,1.95234872817829,10,SKU002,Warehouse C,15 Days,Brand Y,9947599812,73,297.4645303611603
296,Product B,Electronics,25,Supplier Y,8.017955280195011,1.939494804350002,39,SKU003,Warehouse C,15 Days,Brand Y,9294294604,0,883.4127302105575
297,Product B,Home,8,Supplier Z,44.72326896575453,4.984611616802585,10,SKU002,Warehouse B,30 Days,Brand X,9655043866,6,155.5448053507808
298,Product B,Home,74,Supplier Y,14.64528377416798,1.018402182903538,93,SKU002,Warehouse C,15 Days,Brand Z,9395192022,43,713.7853871559362
299,Product B,Clothing,32,Supplier Z,36.55655544822118,3.558552837213983,3,SKU002,Warehouse B,7 Days,Brand X,9673433252,60,973.6329004907644
300,Product B,Electronics,17,Supplier Z,38.99578895527049,4.478746324243412,1,SKU002,Warehouse C,15 Days,Brand Y,9896536161,25,792.6618771642436
301,Product C,Clothing,79,Supplier Y,48.15788501280511,3.689094616098947,76,SKU001,Warehouse B,15 Days,Brand X,9259400216,29,250.5159080701735
302,Product A,Clothing,79,Supplier Y,24.92537332620507,2.450935272867777,38,SKU002,Warehouse C,15 Days,Brand Z,9094030244,0,909.2816078089509
303,Product A,Home,48,Supplier Y,30.79177577322161,4.833237450811739,80,SKU001,Warehouse A,7 Days,Brand X,9993370262,62,102.1760849433062
304,Product A,Electronics,63,Supplier Y,16.74381467397669,4.574083018356164,22,SKU003,Warehouse A,7 Days,Brand Y,9831268571,14,473.4605224520284
305,Product A,Electronics,40,Supplier X,33.90896467060332,2.735819680998071,44,SKU002,Warehouse C,30 Days,Brand X,9872892918,62,888.6664886491496
306,Product B,Electronics,84,Supplier X,23.16917429331599,3.293313970444654,73,SKU003,Warehouse C,15 Days,Brand Y,9722468505,54,644.8530521643011
307,Product A,Electronics,15,Supplier Z,21.88261823622111,4.870076751220963,76,SKU001,Warehouse A,15 Days,Brand Y,9255966795,56,419.5081190804219
308,Product C,Clothing,99,Supplier Z,42.77337645580527,4.93024144770588,41,SKU002,Warehouse C,7 Days,Brand Y,9457393015,19,299.8847380697971
309,Product C,Clothing,6,Supplier X,2.508442174934433,2.799293102871809,41,SKU002,Warehouse B,15 Days,Brand X,9882420659,21,381.3484112651665
310,Product A,Home,94,Supplier Z,44.09812139159342,4.389400112572354,28,SKU001,Warehouse C,7 Days,Brand Z,9553489126,88,513.8523631991934
311,Product A,Clothing,63,Supplier Y,42.60349189142785,2.207920907815745,15,SKU003,Warehouse C,15 Days,Brand Y,9884034050,49,325.8534905740793
312,Product C,Clothing,8,Supplier Z,25.31831267808946,2.487251491722659,66,SKU001,Warehouse A,30 Days,Brand X,9265512520,35,969.2781834614767
313,Product C,Home,95,Supplier Z,24.51014271028141,1.659287531960905,99,SKU003,Warehouse A,7 Days,Brand Y,9148053614,36,933.7468765354837
314,Product B,Home,32,Supplier Z,18.09036840177451,1.836738371106921,59,SKU003,Warehouse C,7 Days,Brand X,9324581710,45,871.9647535321775
315,Product C,Home,45,Supplier X,49.70868958408672,3.627493209037436,3,SKU003,Warehouse B,7 Days,Brand Y,9501389895,26,427.6115371674269
316,Product B,Clothing,52,Supplier X,5.558466637692061,3.043126472028324,99,SKU002,Warehouse C,15 Days,Brand X,9127047067,18,694.3887516418766
317,Product B,Clothing,79,Supplier Z,29.51076178143035,1.924527442502411,15,SKU001,Warehouse B,30 Days,Brand Y,9433896702,82,903.801013965605
318,Product B,Home,82,Supplier Y,34.08407950562085,2.61163846544661,40,SKU002,Warehouse B,7 Days,Brand Y,9469247193,15,851.9251928021388
319,Product B,Home,13,Supplier Z,46.71650041084722,2.492733839454727,5,SKU001,Warehouse C,30 Days,Brand Y,9551518415,53,420.1837438800056
320,Product B,Home,24,Supplier X,39.01017484283808,4.949440818141337,41,SKU003,Warehouse B,7 Days,Brand Z,9117493496,84,121.2621888290381
321,Product A,Clothing,40,Supplier Y,32.19236014057734,4.414263348845518,56,SKU002,Warehouse A,30 Days,Brand X,9839372065,96,84.87406019620397
322,Product C,Clothing,14,Supplier Z,5.840615840606134,2.551865333535297,27,SKU002,Warehouse B,15 Days,Brand Z,9221514579,94,581.2934047734457
323,Product B,Electronics,92,Supplier X,18.68667584157337,4.655666315584132,99,SKU002,Warehouse B,15 Days,Brand X,9111639104,33,646.2016558588223
324,Product C,Clothing,75,Supplier Y,6.942082127399263,2.370541566512685,22,SKU003,Warehouse B,30 Days,Brand Y,9678322135,78,851.3441785510538
325,Product C,Clothing,70,Supplier Z,44.06063662327568,3.671606050939438,75,SKU001,Warehouse A,30 Days,Brand X,9127661340,50,299.5898701376207
326,Product B,Clothing,62,Supplier X,37.48105777818215,4.86659998672845,41,SKU003,Warehouse A,15 Days,Brand X,9389000707,35,175.7957856445421
327,Product A,Home,89,Supplier Y,37.87683933986146,2.561115455954209,94,SKU002,Warehouse C,30 Days,Brand Y,9434432707,52,385.2157748464175
328,Product B,Clothing,61,Supplier Z,32.61282588867721,3.719539860419735,11,SKU002,Warehouse B,30 Days,Brand Y,9877975158,89,360.0393723959523
329,Product A,Home,1,Supplier Y,25.35217684683548,2.183695244250533,95,SKU003,Warehouse A,30 Days,Brand Y,9928710333,93,141.1442644776762
330,Product C,Electronics,89,Supplier Y,7.49855297317486,2.065249262391899,88,SKU002,Warehouse B,7 Days,Brand X,9208890533,61,675.5598259880206
331,Product A,Electronics,66,Supplier Y,16.48474433525259,3.296626665726208,63,SKU002,Warehouse B,30 Days,Brand Y,9348114882,30,513.6050213220822
332,Product A,Home,32,Supplier X,6.845789623844528,4.917058392132873,57,SKU001,Warehouse C,7 Days,Brand Y,9525453543,88,723.9115285536186
333,Product A,Home,13,Supplier Z,36.24565714261716,2.81253539488068,50,SKU001,Warehouse B,15 Days,Brand X,9033199745,3,359.1642089680374
334,Product C,Home,33,Supplier Y,8.011438801100251,4.750547881266323,28,SKU001,Warehouse A,15 Days,Brand Z,9720020444,11,332.4451894619253
335,Product C,Clothing,32,Supplier Y,35.10567750858428,4.657454080979047,18,SKU001,Warehouse C,15 Days,Brand X,9423359344,52,477.850094513417
336,Product A,Electronics,56,Supplier Y,34.61276947979523,2.015050449379979,85,SKU001,Warehouse C,30 Days,Brand X,9431037019,60,878.6332719411955
337,Product A,Home,24,Supplier X,22.96522394956445,2.60727762833731,87,SKU001,Warehouse B,15 Days,Brand X,9939448651,18,49.87849366664054
338,Product B,Clothing,91,Supplier Y,6.761432705902615,3.573209913976732,96,SKU002,Warehouse B,7 Days,Brand Y,9008003196,55,806.7844891235073
339,Product A,Electronics,4,Supplier X,15.74004130670184,3.072183537645567,99,SKU002,Warehouse A,7 Days,Brand X,9413903659,8,375.2977365311789
340,Product B,Clothing,88,Supplier X,16.00465545377757,1.383834119452697,44,SKU001,Warehouse B,30 Days,Brand Z,9267514062,24,856.0728355305929
341,Product A,Electronics,23,Supplier Y,35.01925665716467,4.974792120508633,53,SKU003,Warehouse A,7 Days,Brand X,9313853553,53,804.1809787474979
342,Product B,Clothing,29,Supplier Y,5.687150970686217,4.01061600484512,79,SKU001,Warehouse B,7 Days,Brand X,9016157032,46,355.2736349221275
343,Product C,Electronics,98,Supplier X,41.45343231080454,2.750776152898847,65,SKU002,Warehouse A,15 Days,Brand Y,9177861982,40,696.9377699683998
344,Product A,Electronics,21,Supplier X,38.0503645092957,3.472674198665165,71,SKU003,Warehouse B,7 Days,Brand Y,9386181492,50,168.0364292057057
345,Product A,Clothing,30,Supplier Y,9.315345908713695,1.35029126906492,12,SKU003,Warehouse C,15 Days,Brand Z,9210478180,49,897.3187366421502
346,Product A,Home,90,Supplier X,35.95821908894447,2.98120661475844,93,SKU003,Warehouse A,15 Days,Brand X,9499284511,6,410.4461538073903
347,Product A,Electronics,20,Supplier X,33.42565907339109,4.723329663269951,64,SKU002,Warehouse C,7 Days,Brand X,9181499349,26,461.0693592016482
348,Product B,Home,16,Supplier Y,37.40604000554632,4.586403832219913,11,SKU003,Warehouse C,7 Days,Brand X,9145569922,47,708.701460526615
349,Product A,Clothing,67,Supplier Y,9.446427772434724,2.349523381932582,70,SKU002,Warehouse C,30 Days,Brand X,9575463952,54,822.6318343378025
350,Product C,Home,49,Supplier Z,7.879516107823431,3.125471455285355,13,SKU002,Warehouse C,30 Days,Brand X,9438392284,62,243.9793158949275
351,Product C,Home,58,Supplier Y,11.82419929613771,3.789534096350587,41,SKU001,Warehouse A,7 Days,Brand X,9361751799,5,664.7366384782255
352,Product A,Home,44,Supplier Y,18.29358515744878,2.360037067631621,98,SKU002,Warehouse B,15 Days,Brand Y,9881335670,34,398.078063450257
353,Product C,Home,25,Supplier Y,39.68324905179006,1.259516872375754,91,SKU003,Warehouse C,15 Days,Brand Z,9495617419,31,375.0158947639217
354,Product A,Home,23,Supplier Z,36.8961968739425,3.021766626871219,75,SKU002,Warehouse B,30 Days,Brand X,9758355519,77,693.1255657012482
355,Product A,Electronics,59,Supplier X,46.27257961392666,3.406542943293346,47,SKU002,Warehouse A,15 Days,Brand X,9384458686,5,393.311441414375
356,Product C,Electronics,1,Supplier Y,2.931477954930772,1.023366400486041,23,SKU001,Warehouse B,30 Days,Brand Y,9945358535,62,352.6474151627635
357,Product A,Electronics,97,Supplier Y,0.5778140507092799,1.382301494154123,64,SKU001,Warehouse A,15 Days,Brand X,9743635201,17,837.52952404498
358,Product C,Clothing,15,Supplier Z,34.95694148503996,1.829162574376609,16,SKU002,Warehouse B,7 Days,Brand Y,9987149492,30,110.2633625926963
359,Product B,Home,81,Supplier Z,13.96437478970828,2.392209147963737,37,SKU002,Warehouse A,7 Days,Brand Z,9051876129,51,679.1336966019086
360,Product A,Electronics,98,Supplier Z,16.70394477669088,3.164204891322322,27,SKU002,Warehouse A,15 Days,Brand X,9299107452,15,256.2381398527184
361,Product B,Clothing,81,Supplier X,27.34010129572561,2.175371675038661,32,SKU001,Warehouse B,30 Days,Brand Z,9632987479,55,25.3432594079284
362,Product C,Electronics,52,Supplier Z,5.120656156339925,2.104735257626015,23,SKU001,Warehouse C,7 Days,Brand X,9256932463,66,175.0966261839651
363,Product B,Electronics,58,Supplier X,32.13472082740248,4.477397375252327,69,SKU003,Warehouse C,30 Days,Brand Z,9404305130,94,610.5949144781091
364,Product B,Home,41,Supplier Y,16.25737231155751,1.580202563205705,84,SKU003,Warehouse B,7 Days,Brand Z,9666412531,61,712.035919571078
365,Product C,Clothing,44,Supplier Y,31.63575621504958,2.981840532689441,3,SKU003,Warehouse C,15 Days,Brand X,9277785289,80,30.84720572075684
366,Product B,Home,4,Supplier Y,41.70034565366929,4.811298867744544,32,SKU003,Warehouse C,7 Days,Brand Z,9403528231,51,46.06118886870295
367,Product B,Home,77,Supplier Z,8.555566666871483,3.500052996464183,9,SKU001,Warehouse A,15 Days,Brand Y,9862397126,4,903.5166936945236
368,Product C,Electronics,68,Supplier Y,46.54365464572601,3.868821919577754,35,SKU001,Warehouse B,30 Days,Brand Y,9719938496,52,82.57275993258264
369,Product B,Home,7,Supplier Z,26.53440705312219,2.724947965562428,76,SKU002,Warehouse C,7 Days,Brand Z,9661074742,79,895.2403370304055
370,Product C,Clothing,46,Supplier X,46.14638825869842,1.079728668478878,99,SKU003,Warehouse C,30 Days,Brand Z,9457780861,16,235.8842546133967
371,Product B,Home,9,Supplier Y,10.38650411008891,3.584521473468822,72,SKU002,Warehouse C,30 Days,Brand Y,9212465737,30,742.6176221566307
372,Product C,Home,87,Supplier X,30.22813323021188,3.527697125712496,30,SKU002,Warehouse B,15 Days,Brand X,9414637746,15,316.635916456552
373,Product C,Home,33,Supplier Z,20.19435586618023,1.441710545853332,3,SKU001,Warehouse C,30 Days,Brand Y,9171512631,56,860.164505353092
374,Product B,Electronics,33,Supplier Z,38.71110955780066,2.848638854498526,83,SKU002,Warehouse C,7 Days,Brand Z,9437477493,20,703.4503167701143
375,Product B,Clothing,84,Supplier Y,30.29544716066482,4.661315778662601,7,SKU002,Warehouse C,15 Days,Brand Y,9547965671,40,407.7953240156782
376,Product B,Electronics,4,Supplier Y,24.72577284791592,1.820339327887901,26,SKU001,Warehouse A,15 Days,Brand X,9407007892,38,85.53942963233875
377,Product A,Electronics,65,Supplier Z,45.64927032155043,2.844395018536441,35,SKU001,Warehouse B,15 Days,Brand Y,9736523577,36,735.373182032099
378,Product A,Electronics,34,Supplier Y,18.85585320858401,2.844412740802082,8,SKU001,Warehouse C,30 Days,Brand X,9623260872,40,620.7159084055297
379,Product A,Electronics,91,Supplier Y,10.99901024490907,4.243045872590553,42,SKU001,Warehouse A,7 Days,Brand Z,9266813276,52,12.88260065545085
380,Product C,Electronics,85,Supplier X,30.40505934260458,4.298303481317778,23,SKU003,Warehouse B,7 Days,Brand Y,9081208862,73,19.32565741272087
381,Product B,Clothing,88,Supplier Z,31.20142185864069,4.037077678653567,36,SKU003,Warehouse A,7 Days,Brand Y,9342579948,31,810.705043460767
382,Product C,Home,79,Supplier X,21.95473107859377,2.461816636753095,40,SKU003,Warehouse A,15 Days,Brand X,9821752474,24,266.8057414138353
383,Product A,Electronics,99,Supplier Y,24.33050218446911,1.28814770007408,93,SKU002,Warehouse B,15 Days,Brand Y,9074127045,52,639.772331050785
384,Product B,Electronics,64,Supplier X,47.977670714995,2.397931908896056,25,SKU003,Warehouse C,7 Days,Brand Y,9357039722,63,459.672275567595
385,Product C,Clothing,25,Supplier Z,36.63428456984006,3.719164805085359,3,SKU001,Warehouse C,30 Days,Brand X,9564705438,32,864.7957143765495
386,Product B,Clothing,55,Supplier X,5.53008757412885,3.810986297956306,0,SKU003,Warehouse A,15 Days,Brand Y,9099343016,37,917.7915019714637
387,Product C,Home,9,Supplier X,10.60650354353055,4.860000837906876,19,SKU001,Warehouse B,7 Days,Brand X,9980094252,91,996.8396355520655
388,Product B,Clothing,17,Supplier Y,48.77883172177795,2.814564925774834,91,SKU003,Warehouse B,30 Days,Brand Z,9300570019,78,162.1472944491744
389,Product A,Home,21,Supplier Z,36.32327768967657,3.529742331761161,44,SKU003,Warehouse C,15 Days,Brand Y,9756116737,7,864.3344060107206
390,Product A,Electronics,60,Supplier Y,45.75225630723266,3.156763482890127,87,SKU001,Warehouse A,15 Days,Brand X,9315348029,0,273.3611629615137
391,Product B,Electronics,13,Supplier Y,15.1930731994361,1.60247424045295,91,SKU001,Warehouse C,15 Days,Brand X,9847115255,73,594.9077161465526
392,Product C,Home,3,Supplier Z,37.09334300432962,2.844809888528544,91,SKU002,Warehouse B,7 Days,Brand Y,9063793812,58,510.7151055305188
393,Product A,Clothing,68,Supplier X,35.70013542617557,3.179340618755977,68,SKU002,Warehouse B,15 Days,Brand X,9767780001,34,27.80825025666378
394,Product A,Home,4,Supplier Y,14.73449927196875,4.802998424169035,95,SKU002,Warehouse C,15 Days,Brand Z,9327851093,96,933.4435671070338
395,Product A,Clothing,92,Supplier X,27.54081627253527,2.466156217635824,51,SKU003,Warehouse C,30 Days,Brand Z,9974705676,15,87.54378459772626
396,Product B,Electronics,7,Supplier Z,31.37075556351476,4.920396412431911,93,SKU003,Warehouse B,7 Days,Brand Y,9755920146,13,691.3367302136585
397,Product B,Clothing,26,Supplier Y,24.05659054137325,3.169200296096338,63,SKU001,Warehouse A,30 Days,Brand Z,9349409696,4,787.1567678461795
398,Product C,Home,75,Supplier X,41.35893533290064,1.96987697321223,20,SKU001,Warehouse B,15 Days,Brand Y,9527418491,79,797.3349705572074
399,Product C,Home,24,Supplier X,41.64345208989948,1.766657548063231,79,SKU002,Warehouse A,7 Days,Brand Y,9687240037,20,144.1395737395563
400,Product C,Electronics,10,Supplier Y,42.53002741507784,1.566779669040927,71,SKU001,Warehouse C,7 Days,Brand X,9788401146,57,453.0942510028924
401,Product B,Clothing,13,Supplier Z,40.17117845490814,2.811731482293812,75,SKU003,Warehouse C,15 Days,Brand X,9088040039,56,831.13458172964
402,Product B,Clothing,44,Supplier X,24.40417385985723,1.087705719155693,95,SKU001,Warehouse A,7 Days,Brand X,9265227312,10,309.6524182749671
403,Product C,Clothing,39,Supplier Z,19.07191490745036,2.780181133259461,24,SKU001,Warehouse B,7 Days,Brand X,9740115458,70,473.0711886209169
404,Product C,Electronics,19,Supplier Y,41.56881418571853,4.953618768623786,66,SKU001,Warehouse B,30 Days,Brand Y,9984904613,7,280.0659537728473
405,Product B,Clothing,51,Supplier X,24.51007292781334,3.680427182889066,25,SKU001,Warehouse A,7 Days,Brand X,9306143993,80,468.9159037064709
406,Product C,Home,19,Supplier X,12.31856993139909,4.039144484801619,99,SKU001,Warehouse A,7 Days,Brand X,9920844028,93,888.9595433669513
407,Product A,Clothing,76,Supplier X,25.36717661611081,1.47602156287305,80,SKU002,Warehouse A,30 Days,Brand Z,9297326290,13,460.5729887224418
408,Product B,Electronics,52,Supplier Z,7.092491095962106,2.892403445960363,26,SKU002,Warehouse A,15 Days,Brand Y,9545942086,48,560.3528969035772
409,Product C,Clothing,86,Supplier X,34.58147452993995,2.144892404102856,51,SKU003,Warehouse B,30 Days,Brand Z,9748728590,32,409.9365204700527
410,Product B,Clothing,47,Supplier X,16.79606408119532,4.576390111956117,62,SKU002,Warehouse C,15 Days,Brand Z,9681743909,23,465.5160113712923
411,Product A,Home,30,Supplier Y,13.03293992237272,1.72516988805565,85,SKU001,Warehouse B,15 Days,Brand Z,9023583896,70,25.02245705595748
412,Product B,Clothing,46,Supplier X,47.82543731173725,2.834933308546968,44,SKU002,Warehouse A,15 Days,Brand X,9830725436,37,290.9080548608515
413,Product B,Home,76,Supplier Z,38.84404978791538,3.352190873382551,57,SKU003,Warehouse B,30 Days,Brand Y,9580069333,78,442.2159045244061
414,Product B,Home,93,Supplier Y,39.35347513619658,3.05616436631413,37,SKU002,Warehouse A,15 Days,Brand Z,9298291926,49,637.4590062328016
415,Product B,Electronics,21,Supplier Y,31.18609846395917,4.320974111881629,34,SKU003,Warehouse A,30 Days,Brand Z,9069034417,88,455.5514112483532
416,Product A,Home,75,Supplier X,41.95864052551486,1.925812685278562,45,SKU003,Warehouse A,30 Days,Brand Y,9444133897,63,344.4388728883484
417,Product B,Home,48,Supplier Y,37.95812405816906,2.509564441694765,70,SKU003,Warehouse A,15 Days,Brand X,9414710371,80,394.2177479907156
418,Product B,Electronics,62,Supplier X,29.93868520668083,4.16833718629581,2,SKU001,Warehouse B,15 Days,Brand Z,9158149476,96,249.8703959084619
419,Product C,Home,58,Supplier Y,48.05622009258587,3.112285646947219,5,SKU003,Warehouse A,30 Days,Brand Y,9443428730,1,925.2493399463124
420,Product B,Electronics,18,Supplier Z,9.579747484221151,2.608469542591829,12,SKU002,Warehouse B,30 Days,Brand X,9425060841,38,526.5257935330054
421,Product C,Clothing,59,Supplier X,47.16898594973755,1.117770058979326,45,SKU002,Warehouse B,15 Days,Brand X,9343307049,73,23.27535933340188
422,Product A,Electronics,91,Supplier Z,20.07190809994325,4.013541696062438,78,SKU002,Warehouse C,15 Days,Brand X,9688487145,13,29.25179583535115
423,Product A,Home,48,Supplier X,26.41994917007433,4.888728311867041,89,SKU003,Warehouse B,15 Days,Brand X,9286639302,11,973.2320186025212
424,Product A,Electronics,63,Supplier Z,6.136965977215447,3.48114803795404,32,SKU003,Warehouse C,30 Days,Brand X,9987525555,80,229.2363824595126
425,Product A,Home,12,Supplier Z,27.00537194608955,4.426164882755178,78,SKU001,Warehouse C,30 Days,Brand Y,9374384856,77,807.5522059261715
426,Product C,Clothing,87,Supplier Y,30.56033759290967,3.067502972779705,61,SKU003,Warehouse C,30 Days,Brand X,9389817853,50,67.69254854496873
427,Product B,Electronics,34,Supplier X,49.8850770904262,1.926723861693458,62,SKU002,Warehouse B,15 Days,Brand Z,9631068711,9,921.9511093276036
428,Product A,Clothing,61,Supplier Y,48.75962055357633,1.057768416940582,55,SKU001,Warehouse C,7 Days,Brand Y,9412930745,43,875.6728336300116
429,Product B,Home,87,Supplier Z,48.31986459371436,3.613593070359957,38,SKU002,Warehouse A,7 Days,Brand Z,9641160680,39,575.3822308101695
430,Product C,Home,53,Supplier X,17.41940300510287,2.972435392992979,59,SKU001,Warehouse B,7 Days,Brand Z,9907322135,92,18.90867071042322
431,Product C,Clothing,25,Supplier Z,49.56332493725218,4.128392588350406,77,SKU003,Warehouse A,7 Days,Brand X,9122134084,59,265.2327652831042
432,Product C,Electronics,62,Supplier Z,22.77390757975554,3.778729669741218,82,SKU001,Warehouse B,7 Days,Brand X,9145700088,69,412.7544209244803
433,Product A,Electronics,4,Supplier Z,42.59181293809502,4.951809472826259,91,SKU003,Warehouse C,30 Days,Brand Y,9992439380,30,465.4634755800861
434,Product B,Home,94,Supplier Z,10.8159984509486,3.041250333648159,23,SKU003,Warehouse C,15 Days,Brand Y,9156842663,36,304.7019709767483
435,Product B,Clothing,94,Supplier Y,25.29165898283012,2.708699158692037,49,SKU002,Warehouse B,15 Days,Brand Z,9657548316,72,42.61838956307468
436,Product B,Clothing,13,Supplier Z,48.30060480638027,2.14695875775718,32,SKU003,Warehouse C,15 Days,Brand X,9954075172,57,594.2261318672766
437,Product C,Electronics,42,Supplier Y,47.35156984617138,2.907445167165098,75,SKU003,Warehouse A,15 Days,Brand X,9593283578,42,528.9131210178084
438,Product A,Electronics,49,Supplier Z,34.18674389107134,4.491485912491688,73,SKU003,Warehouse A,15 Days,Brand Z,9786574867,96,290.1706290747869
439,Product C,Electronics,78,Supplier X,39.89071612765299,1.169758903166965,6,SKU002,Warehouse C,7 Days,Brand X,9101648017,70,47.59620789391046
440,Product C,Clothing,56,Supplier Z,8.82133483012007,4.911600189144755,45,SKU003,Warehouse B,15 Days,Brand Y,9201943299,37,994.6482453497207
441,Product B,Electronics,47,Supplier Z,36.08292747420787,4.973228777231192,61,SKU002,Warehouse B,15 Days,Brand Z,9048238218,7,487.1663249581418
442,Product C,Electronics,8,Supplier X,30.90254041676862,3.391285514351607,0,SKU001,Warehouse A,7 Days,Brand X,9303590654,33,758.4441993563363
443,Product B,Home,55,Supplier X,4.577586787562304,2.326176814781606,78,SKU002,Warehouse C,15 Days,Brand Z,9917374964,16,457.7908947008222
444,Product A,Electronics,88,Supplier Z,5.657950329483813,1.892195873288095,64,SKU002,Warehouse C,7 Days,Brand X,9768072639,16,52.73858795431202
445,Product B,Electronics,18,Supplier Z,5.422180887563094,2.105961582739515,44,SKU003,Warehouse A,7 Days,Brand X,9250874965,93,316.504737634645
446,Product A,Clothing,35,Supplier Y,36.21784674149178,1.200421706019887,83,SKU002,Warehouse B,30 Days,Brand X,9292978227,81,326.9090395958422
447,Product B,Clothing,89,Supplier X,7.085760412378622,2.900443833933435,54,SKU001,Warehouse C,15 Days,Brand Y,9411369258,52,839.9693750085258
448,Product C,Home,81,Supplier X,23.38661355572352,1.229297083457623,65,SKU002,Warehouse B,15 Days,Brand Z,9252718733,14,657.6876782198756
449,Product C,Electronics,32,Supplier Y,17.84909029388789,3.873896859103701,66,SKU003,Warehouse B,15 Days,Brand Y,9973040249,63,282.6756046030781
450,Product A,Home,24,Supplier Z,27.52520703851089,2.487717822131416,99,SKU001,Warehouse A,7 Days,Brand Y,9078636972,56,968.0625551124951
451,Product A,Clothing,7,Supplier Z,35.32382436097014,1.797458926988653,79,SKU003,Warehouse B,30 Days,Brand Z,9256682395,19,328.3264140738926
452,Product A,Home,13,Supplier X,34.2361268610666,3.179414231344154,53,SKU003,Warehouse A,15 Days,Brand Z,9256793999,60,998.2516855704331
453,Product B,Clothing,91,Supplier Y,25.77599579571883,4.895037228972055,92,SKU002,Warehouse C,7 Days,Brand X,9787456421,24,996.2020562385605
454,Product B,Home,69,Supplier Z,23.21674368051928,3.780524196073673,99,SKU003,Warehouse B,7 Days,Brand X,9756466622,77,199.2984125692744
455,Product A,Home,90,Supplier X,19.89077975611294,2.966987400416641,62,SKU001,Warehouse A,7 Days,Brand Z,9754743958,26,319.6137050265162
456,Product C,Electronics,42,Supplier Z,43.09549741521897,4.107657197018025,53,SKU001,Warehouse A,7 Days,Brand X,9270374220,46,491.1837564998077
457,Product B,Home,31,Supplier Z,16.54259024363225,3.949905887595955,51,SKU001,Warehouse B,30 Days,Brand X,9165166070,98,667.459664436412
458,Product B,Electronics,74,Supplier Z,12.96829105837474,4.566941844231175,53,SKU001,Warehouse A,30 Days,Brand Z,9678901395,27,532.7669745137613
459,Product B,Electronics,26,Supplier X,37.16577468276356,1.81867579037579,66,SKU002,Warehouse C,7 Days,Brand Y,9019002820,5,969.7470544409342
460,Product A,Electronics,86,Supplier Y,17.98817308483632,4.435510305034928,36,SKU001,Warehouse B,15 Days,Brand Z,9353593342,40,726.7492725933346
461,Product A,Electronics,76,Supplier Y,42.34992998786342,2.204104348166795,11,SKU002,Warehouse C,30 Days,Brand Z,9661250642,58,219.9244008891447
462,Product A,Home,32,Supplier Z,16.39443593185724,4.763995711300389,58,SKU003,Warehouse A,15 Days,Brand Y,9665285780,94,114.0465747115019
463,Product A,Clothing,91,Supplier Y,35.09724122872941,2.124260595786941,19,SKU003,Warehouse C,15 Days,Brand X,9025217193,77,691.5172778022632
464,Product A,Clothing,97,Supplier Z,2.255450314266805,4.707394172650705,86,SKU002,Warehouse A,30 Days,Brand Y,9981198148,60,166.8679157789554
465,Product C,Clothing,52,Supplier X,19.278144005516,4.85516285785632,85,SKU003,Warehouse A,15 Days,Brand Y,9419121933,79,789.8000719323966
466,Product C,Home,20,Supplier X,17.16150874837757,1.581965429828057,31,SKU003,Warehouse C,30 Days,Brand Z,9038600931,48,317.9263005877336
467,Product A,Electronics,40,Supplier X,40.83393696379617,4.897999533051133,70,SKU001,Warehouse B,30 Days,Brand X,9701553989,99,333.6243304250505
468,Product B,Clothing,59,Supplier Z,48.35277016141551,1.342891873717129,85,SKU003,Warehouse B,15 Days,Brand X,9176832516,4,20.69040846561685
469,Product A,Home,77,Supplier Y,23.04406383464807,1.874271146450088,43,SKU003,Warehouse B,15 Days,Brand Y,9072138903,95,704.0011544240903
470,Product C,Electronics,14,Supplier X,41.2418138576879,2.776675123491218,65,SKU002,Warehouse C,7 Days,Brand Z,9306899164,10,122.1370555340389
471,Product C,Clothing,44,Supplier Z,34.98473504786826,4.97438946284684,77,SKU001,Warehouse C,30 Days,Brand Y,9803156124,85,775.151771688883
472,Product B,Electronics,86,Supplier Y,48.36929938318466,2.954252204661517,54,SKU003,Warehouse C,15 Days,Brand X,9587607297,39,496.9491436980347
473,Product C,Clothing,82,Supplier Y,40.55542571714123,3.201637772713943,15,SKU003,Warehouse C,30 Days,Brand X,9412191749,91,786.4370168050234
474,Product A,Clothing,48,Supplier Y,3.873903298186526,3.777699798094594,87,SKU002,Warehouse B,7 Days,Brand Z,9641390881,69,588.0872738057639
475,Product B,Clothing,93,Supplier Z,35.66408611911181,4.873174233091806,70,SKU003,Warehouse B,7 Days,Brand Z,9646216907,38,91.60893929880085
476,Product A,Electronics,43,Supplier Z,26.77498577111868,4.133405600496978,67,SKU001,Warehouse A,7 Days,Brand Y,9951150869,69,767.9958133381313
477,Product A,Home,16,Supplier Z,0.8218028966163582,1.896616017694794,51,SKU001,Warehouse C,7 Days,Brand Z,9638977004,19,79.10149004580225
478,Product B,Electronics,35,Supplier X,12.56564793627218,2.211963722657419,36,SKU001,Warehouse B,7 Days,Brand Y,9539816816,3,483.9147033636389
479,Product A,Clothing,53,Supplier Z,46.08776225134465,1.390512958434098,45,SKU002,Warehouse B,7 Days,Brand Z,9857201797,88,180.6257220035137
480,Product C,Electronics,34,Supplier X,46.30306863933765,3.577809456658959,40,SKU001,Warehouse B,7 Days,Brand Y,9142876482,12,754.8118261981061
481,Product A,Home,3,Supplier X,39.94252301003172,1.722961226156886,4,SKU001,Warehouse B,7 Days,Brand X,9455970380,48,912.4753155280653
482,Product B,Electronics,68,Supplier X,49.08898016389947,2.029619553917463,65,SKU001,Warehouse B,30 Days,Brand X,9836750782,75,558.5849017246915
483,Product B,Home,5,Supplier Z,40.32726123121024,4.552454620721509,4,SKU001,Warehouse B,15 Days,Brand X,9709728601,8,531.8758213561887
484,Product B,Home,10,Supplier X,0.5102093642622596,2.307022701328061,62,SKU001,Warehouse C,30 Days,Brand X,9138820723,58,766.3235643623617
485,Product A,Electronics,52,Supplier Z,14.39171701507559,3.266586873416668,2,SKU001,Warehouse A,30 Days,Brand X,9431023816,2,15.02802484596994
486,Product B,Clothing,29,Supplier Z,1.531209111888143,2.590264035156708,7,SKU002,Warehouse A,15 Days,Brand X,9078620246,95,918.5810562088091
487,Product B,Home,96,Supplier X,4.705398436877973,1.296125149623654,25,SKU001,Warehouse C,15 Days,Brand Z,9999606851,10,205.4743289202204
488,Product A,Electronics,31,Supplier X,10.9420408475388,2.45145531958682,73,SKU003,Warehouse B,7 Days,Brand Z,9722462625,4,984.2776949879749
489,Product C,Home,66,Supplier X,25.17792731627612,2.632272812143723,97,SKU002,Warehouse C,15 Days,Brand Z,9088609380,34,738.8914084808575
490,Product A,Clothing,76,Supplier Z,42.37660017310089,4.582804407646073,99,SKU003,Warehouse B,30 Days,Brand Y,9919934919,23,776.5086362236643
491,Product B,Electronics,91,Supplier Z,43.0983378078554,2.297802614585358,52,SKU003,Warehouse B,7 Days,Brand Z,9618486433,69,659.6409505698705
492,Product B,Electronics,69,Supplier X,30.81009292786482,2.516964479048271,75,SKU001,Warehouse B,30 Days,Brand Z,9581065016,81,476.9465509573087
493,Product A,Electronics,37,Supplier X,46.40879695331175,4.131587074689338,83,SKU003,Warehouse B,15 Days,Brand Y,9307539364,5,575.9114164275538
494,Product C,Clothing,27,Supplier Y,25.00311632951041,4.035826604846392,28,SKU003,Warehouse B,30 Days,Brand Y,9900220805,85,55.9388571549744
495,Product B,Home,87,Supplier X,44.45180220666008,4.193141106593963,13,SKU003,Warehouse C,30 Days,Brand X,9323098182,41,627.7199143376941
496,Product B,Electronics,33,Supplier Y,22.70326281660061,4.815082960304016,4,SKU001,Warehouse C,7 Days,Brand Z,9970678444,42,629.8371209671762
497,Product B,Home,68,Supplier Y,13.86125037109411,4.182229993579137,26,SKU001,Warehouse A,7 Days,Brand Z,9001172648,13,892.2887894277914
498,Product A,Home,59,Supplier Z,45.82064590502139,2.630432812871564,67,SKU001,Warehouse B,30 Days,Brand Y,9336471142,75,510.5997938559172
499,Product B,Clothing,64,Supplier Z,19.39675378394347,4.286034067592368,28,SKU002,Warehouse C,15 Days,Brand X,9085262563,24,86.3729303452004
500,Product C,Electronics,85,Supplier Y,25.17020544222308,3.034698528359753,2,SKU001,Warehouse C,7 Days,Brand Z,9518426171,83,313.1339612772604
501,Product B,Home,88,Supplier Y,16.44303162653386,2.110856130074261,96,SKU001,Warehouse B,30 Days,Brand Y,9161572802,17,659.0731179931743
502,Product B,Electronics,44,Supplier X,33.14188001453649,2.21166827252405,29,SKU003,Warehouse B,7 Days,Brand Y,9889327248,23,246.8662741239493
503,Product C,Electronics,95,Supplier Y,49.75156125030178,1.895369554253593,99,SKU001,Warehouse C,7 Days,Brand Z,9203105490,62,287.7225436368469
504,Product B,Clothing,88,Supplier X,1.275677443238482,1.579971831279014,8,SKU003,Warehouse B,15 Days,Brand Y,9434476140,78,822.2643261972449
505,Product A,Electronics,49,Supplier Z,44.99240030035507,1.737961647414601,0,SKU001,Warehouse C,30 Days,Brand Y,9704313536,94,588.4765344450819
506,Product A,Electronics,53,Supplier X,0.1963028494632701,1.252712199815277,22,SKU001,Warehouse A,30 Days,Brand Z,9556711268,0,513.4421574558368
507,Product A,Home,74,Supplier Z,18.21139405731055,4.553803459729545,66,SKU001,Warehouse B,30 Days,Brand X,9879111862,14,325.2674471377463
508,Product C,Clothing,49,Supplier Y,8.430340314475714,4.724031238596493,31,SKU001,Warehouse A,30 Days,Brand Z,9793498120,53,733.618755573703
509,Product B,Electronics,66,Supplier Y,37.86708903362756,3.347081569975582,87,SKU001,Warehouse A,30 Days,Brand X,9795102851,33,294.841250145129
510,Product A,Home,95,Supplier Y,2.530542037858674,4.36195822643474,5,SKU001,Warehouse A,7 Days,Brand Y,9065606057,51,739.6928824677335
511,Product C,Clothing,63,Supplier X,27.6742476792164,1.734284410612589,76,SKU001,Warehouse B,7 Days,Brand Z,9035552173,1,79.40046546476759
512,Product B,Clothing,25,Supplier Z,14.74630669226563,4.606695300907941,48,SKU003,Warehouse A,7 Days,Brand Z,9159800415,35,865.8959281662628
513,Product C,Home,4,Supplier Z,6.683512443235107,3.025446238522033,14,SKU002,Warehouse C,7 Days,Brand X,9685743232,22,504.5707987421735
514,Product A,Home,51,Supplier Z,38.59091060513204,1.26865997042222,57,SKU002,Warehouse C,15 Days,Brand Y,9991478102,23,444.1229365319803
515,Product A,Home,11,Supplier Z,10.87084171276284,1.565250977976641,52,SKU001,Warehouse B,15 Days,Brand Z,9159084914,31,614.9131774265053
516,Product A,Home,17,Supplier Z,11.18376060274695,2.235905843147269,29,SKU002,Warehouse B,30 Days,Brand Z,9320362896,50,627.9501521673077
517,Product C,Home,66,Supplier X,13.75383925689615,1.174230321419006,75,SKU003,Warehouse A,15 Days,Brand Y,9914402163,45,140.7148251210956
518,Product C,Electronics,70,Supplier Z,29.33833819140137,2.237173512069774,39,SKU003,Warehouse B,7 Days,Brand X,9731173085,12,758.6712539180511
519,Product A,Electronics,73,Supplier Y,32.98329658453741,1.239721732475567,58,SKU003,Warehouse C,7 Days,Brand Z,9873280127,96,283.1690149705623
520,Product C,Clothing,69,Supplier Z,0.8801261850672482,1.944110420771301,62,SKU002,Warehouse C,7 Days,Brand Y,9864056831,13,905.9122613682148
521,Product A,Electronics,84,Supplier Y,12.09348180568952,2.062679023425766,47,SKU002,Warehouse C,7 Days,Brand Z,9732609370,16,819.6721567806842
522,Product A,Electronics,29,Supplier X,21.54854212526414,4.977475905467175,98,SKU002,Warehouse B,7 Days,Brand Z,9383991288,15,352.803381119401
523,Product B,Electronics,85,Supplier X,16.59884760806166,1.942186695054658,91,SKU001,Warehouse C,30 Days,Brand Z,9955753806,31,809.6619002687073
524,Product C,Home,73,Supplier Y,44.2085329255443,1.956745795754321,67,SKU003,Warehouse B,30 Days,Brand X,9553298293,78,362.8265943069051
525,Product A,Clothing,92,Supplier Z,39.38543654432094,3.74715587343354,6,SKU003,Warehouse A,7 Days,Brand Y,9905379301,94,109.9382048196802
526,Product A,Clothing,72,Supplier X,31.29451077694138,4.437429914065808,46,SKU001,Warehouse C,30 Days,Brand Z,9961770502,11,962.2693563384508
527,Product C,Clothing,95,Supplier X,16.90212079985199,2.548221650408346,42,SKU002,Warehouse A,15 Days,Brand Z,9300782304,96,656.0759950632856
528,Product B,Clothing,20,Supplier X,35.03361724230799,4.50247207976277,15,SKU003,Warehouse C,15 Days,Brand Z,9913110404,2,461.5385313959658
529,Product B,Electronics,27,Supplier Z,42.18190064228972,2.360568082991028,21,SKU002,Warehouse C,7 Days,Brand X,9578124211,74,403.7956180157292
530,Product A,Electronics,8,Supplier Y,29.74151886794933,1.788063518460077,62,SKU001,Warehouse C,30 Days,Brand Z,9689255539,52,331.4582809156813
531,Product C,Home,85,Supplier Y,39.22307334466895,2.318555297310894,45,SKU002,Warehouse A,7 Days,Brand Y,9254872678,42,981.633119474838
532,Product B,Clothing,61,Supplier Z,37.45524806998739,3.437425495711969,44,SKU001,Warehouse C,30 Days,Brand X,9643064545,4,143.3997924795983
533,Product C,Electronics,28,Supplier X,28.58686555801611,2.468572637248295,40,SKU002,Warehouse A,7 Days,Brand Y,9947794484,46,321.6570083313626
534,Product C,Electronics,87,Supplier Z,15.60916084107555,3.691575215957155,24,SKU001,Warehouse B,7 Days,Brand Z,9187277174,26,490.6426638798369
535,Product A,Home,70,Supplier Z,37.28910790006359,1.94774351768993,49,SKU003,Warehouse C,7 Days,Brand Z,9715408386,51,483.2195496037683
536,Product B,Home,3,Supplier Y,10.33981831788032,3.803971575956595,66,SKU001,Warehouse C,15 Days,Brand X,9358143805,55,476.652819563765
537,Product A,Home,69,Supplier Z,38.97441732357669,2.389753452993867,51,SKU002,Warehouse A,30 Days,Brand Z,9068964895,79,184.025977672078
538,Product B,Electronics,73,Supplier Z,40.22733460712665,2.823473486407738,85,SKU003,Warehouse C,30 Days,Brand Y,9478527233,98,153.4832018384055
539,Product B,Electronics,7,Supplier X,41.10724397851865,3.230980561771584,30,SKU002,Warehouse B,15 Days,Brand Y,9450462799,79,262.2199104653339
540,Product B,Home,60,Supplier X,23.64579854892288,3.744900012743975,36,SKU002,Warehouse C,15 Days,Brand Y,9852183675,79,915.3808922640354
541,Product B,Clothing,4,Supplier Y,9.624038388521083,1.954854767394935,21,SKU001,Warehouse B,30 Days,Brand Z,9628233040,85,121.922438156165
542,Product B,Home,5,Supplier X,4.986180003303437,4.343782149643242,26,SKU001,Warehouse B,30 Days,Brand Z,9617225012,67,759.8508523395916
543,Product C,Home,11,Supplier Z,37.16806252439621,3.887370999020959,1,SKU002,Warehouse C,7 Days,Brand X,9374350219,95,759.9729092020376
544,Product A,Home,15,Supplier Z,44.31306922649066,1.936391676095998,21,SKU001,Warehouse C,7 Days,Brand X,9135211899,90,811.6726998582897
545,Product C,Home,64,Supplier Z,32.54191794184533,4.899898250411642,52,SKU002,Warehouse B,30 Days,Brand Y,9390508932,14,887.749334099462
546,Product B,Electronics,98,Supplier Y,7.20800301941848,3.659187964121834,16,SKU001,Warehouse B,30 Days,Brand Y,9693007671,18,270.4058157635409
547,Product A,Clothing,13,Supplier X,46.7448224258787,2.809707545866822,55,SKU001,Warehouse B,7 Days,Brand X,9296279375,25,232.3138745762074
548,Product B,Home,7,Supplier Z,49.45510072696598,1.630109302214065,83,SKU002,Warehouse C,15 Days,Brand X,9607870161,78,470.8506098622049
549,Product A,Clothing,6,Supplier X,21.6689304967461,3.132884009232526,87,SKU003,Warehouse A,30 Days,Brand Y,9059680254,44,272.4382770645158
550,Product C,Clothing,56,Supplier X,29.74126446368856,1.659103547308473,30,SKU001,Warehouse C,30 Days,Brand X,9463403455,9,736.9668890932764
551,Product A,Clothing,64,Supplier X,38.86142600008289,2.717966714791375,42,SKU002,Warehouse A,15 Days,Brand Z,9165847084,97,639.5801809740193
552,Product A,Home,50,Supplier X,36.81948950250224,2.634850090958075,71,SKU003,Warehouse A,15 Days,Brand Z,9453560251,25,876.237811172125
553,Product A,Electronics,30,Supplier Y,48.38935959667246,3.879758577389841,52,SKU001,Warehouse C,15 Days,Brand X,9186235283,7,91.91092045220084
554,Product A,Home,22,Supplier Y,5.744154553939445,1.769532724896999,4,SKU001,Warehouse A,30 Days,Brand X,9335837492,79,915.9325000244941
555,Product A,Clothing,25,Supplier Y,29.03624330714029,4.287485419483383,1,SKU002,Warehouse B,30 Days,Brand Z,9080578376,92,300.4151404033886
556,Product B,Clothing,28,Supplier Z,34.59657098365461,2.304529308064663,58,SKU001,Warehouse C,30 Days,Brand Z,9644736783,31,495.7874024677142
557,Product A,Electronics,84,Supplier Z,44.5049212093835,2.7759545078751,3,SKU002,Warehouse A,7 Days,Brand Y,9999696610,20,444.2253215802472
558,Product A,Home,39,Supplier Z,43.70548138590753,4.08936390221537,98,SKU002,Warehouse B,15 Days,Brand X,9166351196,95,762.7085345933797
559,Product C,Clothing,67,Supplier Y,48.8999896780645,3.501569598854059,33,SKU001,Warehouse A,15 Days,Brand Z,9600795248,44,426.1299763375241
560,Product A,Electronics,5,Supplier X,25.60392269688395,2.232101407207749,66,SKU003,Warehouse A,7 Days,Brand X,9305056797,54,944.1176141929153
561,Product C,Clothing,65,Supplier Y,41.53804334066133,2.544811698183524,83,SKU001,Warehouse B,7 Days,Brand Z,9346515731,11,903.5085438121897
562,Product B,Electronics,15,Supplier Z,21.36408540636639,2.223147255958441,72,SKU003,Warehouse B,7 Days,Brand Z,9433261929,47,873.4395404498115
563,Product A,Electronics,90,Supplier Z,21.11569389280161,3.379080669108629,5,SKU001,Warehouse C,7 Days,Brand X,9825389781,58,80.54574932174562
564,Product C,Home,67,Supplier X,12.66741822364295,2.330498132827359,57,SKU003,Warehouse A,15 Days,Brand Y,9104839254,73,855.7154809384001
565,Product C,Clothing,40,Supplier Y,40.91186435096149,3.902790779132563,46,SKU001,Warehouse C,7 Days,Brand Z,9886959539,69,783.8190909887784
566,Product B,Home,98,Supplier X,49.29075529067578,3.319148634334904,4,SKU003,Warehouse C,7 Days,Brand X,9110338851,36,112.4778175360697
567,Product A,Clothing,69,Supplier Y,12.81708641736289,1.582826446990036,60,SKU003,Warehouse A,15 Days,Brand Z,9307447829,81,116.3401821818596
568,Product A,Home,95,Supplier Z,2.806579401053616,2.24107447471953,55,SKU001,Warehouse A,15 Days,Brand X,9991834496,30,110.1521734023658
569,Product C,Clothing,77,Supplier X,40.77712187095037,1.885789767640623,34,SKU001,Warehouse C,15 Days,Brand X,9768358063,98,21.21926727244266
570,Product A,Home,43,Supplier X,31.01150262673781,2.561252850205941,94,SKU002,Warehouse B,15 Days,Brand Z,9039444970,2,553.1479621426378
571,Product C,Electronics,1,Supplier Y,47.98494002755022,3.063936344837452,12,SKU003,Warehouse C,30 Days,Brand Y,9009516498,68,973.6603485216829
572,Product A,Clothing,22,Supplier Y,12.61196095384761,3.027051429136439,25,SKU001,Warehouse A,30 Days,Brand Z,9172115399,97,444.2978558707956
573,Product C,Clothing,62,Supplier Y,3.551382900064054,4.018094706253156,85,SKU002,Warehouse B,30 Days,Brand Z,9226507524,58,545.3499268684828
574,Product A,Electronics,79,Supplier Z,24.62211304332508,1.756687454406837,95,SKU001,Warehouse C,30 Days,Brand Y,9512900086,32,968.290098802256
575,Product B,Home,26,Supplier Y,4.273301148257374,4.785891317189787,63,SKU003,Warehouse A,15 Days,Brand Y,9035023735,35,262.6304064864884
576,Product A,Clothing,18,Supplier Z,13.08950005513537,2.371380427528675,78,SKU001,Warehouse B,30 Days,Brand X,9606045863,73,859.8855500722804
577,Product A,Clothing,48,Supplier Y,6.298893040958414,2.200995387664554,10,SKU001,Warehouse B,7 Days,Brand X,9160665820,2,550.9265625396188
578,Product B,Home,9,Supplier Y,11.20660898300394,3.740714312720879,61,SKU002,Warehouse B,7 Days,Brand Y,9304344657,74,573.7817495163806
579,Product A,Electronics,1,Supplier Z,5.307232641069593,4.22206651473225,79,SKU001,Warehouse A,7 Days,Brand Y,9225486812,2,349.7421186352107
580,Product B,Home,9,Supplier Y,47.69529997136427,2.513887059254614,46,SKU002,Warehouse C,30 Days,Brand Z,9114856526,91,565.9685173572391
581,Product A,Home,23,Supplier Z,13.92813567248677,3.987387899575908,69,SKU003,Warehouse A,30 Days,Brand Y,9946329073,58,82.41108438350109
582,Product C,Home,45,Supplier Z,22.19487929962827,4.534943824544219,74,SKU003,Warehouse A,7 Days,Brand Z,9321622828,53,766.9971368879711
583,Product C,Clothing,2,Supplier Y,44.93059038171111,4.06721466082783,57,SKU001,Warehouse B,30 Days,Brand Z,9673516702,27,291.8408839288289
584,Product A,Electronics,14,Supplier Y,33.86607939807372,1.136785942283332,9,SKU002,Warehouse C,15 Days,Brand Z,9906911886,8,888.7322461990154
585,Product A,Electronics,38,Supplier X,30.90187402808872,4.309475645464753,15,SKU003,Warehouse B,30 Days,Brand Y,9524191545,25,374.1721876613839
586,Product A,Home,40,Supplier Y,35.27815951804186,4.09792383381747,11,SKU001,Warehouse A,7 Days,Brand Y,9559812532,28,151.3958693820138
587,Product C,Clothing,63,Supplier X,41.44111285526909,3.677160952612744,70,SKU001,Warehouse B,7 Days,Brand Z,9100180012,9,698.9227586248002
588,Product A,Home,82,Supplier Y,43.88346339258805,4.040089676351614,90,SKU001,Warehouse A,30 Days,Brand Y,9811614658,26,172.9323632663678
589,Product C,Clothing,16,Supplier Z,32.13198353325132,4.917701583327755,87,SKU001,Warehouse A,30 Days,Brand X,9604898539,62,756.1437103875605
590,Product B,Clothing,93,Supplier Z,44.50036373470289,2.724451551273399,49,SKU001,Warehouse A,7 Days,Brand X,9250815467,61,968.4311140420554
591,Product C,Clothing,75,Supplier X,26.76987637127384,1.268892939818391,14,SKU002,Warehouse B,7 Days,Brand Z,9391254697,95,781.7573401073091
592,Product C,Clothing,6,Supplier Y,13.86454281342117,2.843559878510867,58,SKU001,Warehouse C,30 Days,Brand Y,9110402967,17,32.22475594701143
593,Product B,Electronics,3,Supplier X,44.00383544419222,1.185734621564192,69,SKU001,Warehouse B,30 Days,Brand X,9681669925,52,603.8869301722469
594,Product C,Clothing,14,Supplier Y,27.07364137065436,2.177001632353845,61,SKU001,Warehouse A,7 Days,Brand Z,9651681586,81,698.4565642600271
595,Product A,Clothing,66,Supplier Y,45.30687937836171,3.347519167187036,82,SKU001,Warehouse B,7 Days,Brand X,9570191127,85,827.2037425383223
596,Product A,Home,96,Supplier Z,2.008390697529061,2.238491571704625,71,SKU001,Warehouse A,7 Days,Brand Z,9773474252,16,65.44228584961016
597,Product C,Home,95,Supplier X,19.87578757706178,3.741580983638154,61,SKU001,Warehouse C,7 Days,Brand Z,9539258458,48,485.3067496727635
598,Product A,Electronics,75,Supplier Z,47.39025091812341,4.287945310742884,99,SKU001,Warehouse C,7 Days,Brand Z,9759475616,88,540.0171639120103
599,Product C,Home,86,Supplier Z,12.48250463791514,2.681756717118148,49,SKU003,Warehouse A,7 Days,Brand X,9840022162,25,177.4336140177363
600,Product A,Clothing,67,Supplier Z,47.07681230192463,4.600551805172014,76,SKU003,Warehouse C,7 Days,Brand Z,9512463640,4,329.2253116135431
601,Product A,Home,31,Supplier X,47.6951230564625,1.319355725401601,53,SKU001,Warehouse A,30 Days,Brand Z,9085913157,72,445.8195089936035
602,Product C,Electronics,33,Supplier Y,44.10711571129305,4.360452656801799,53,SKU002,Warehouse B,15 Days,Brand X,9827546592,43,834.8775910782234
603,Product A,Home,88,Supplier Y,28.18340225466493,4.314292581757195,96,SKU001,Warehouse B,15 Days,Brand Z,9838872024,23,930.1134904095048
604,Product C,Home,1,Supplier X,32.34697245403193,2.28797558530706,95,SKU002,Warehouse C,30 Days,Brand X,9091833814,56,632.1386006284962
605,Product A,Electronics,44,Supplier Y,43.48084992249346,2.19486074849846,27,SKU002,Warehouse C,15 Days,Brand Z,9156591152,6,400.9957341612475
606,Product A,Electronics,15,Supplier X,38.79485411945922,2.220379924614051,50,SKU002,Warehouse A,30 Days,Brand Y,9599273488,19,261.4907076209961
607,Product B,Clothing,37,Supplier X,31.50469247277058,4.245574849377643,73,SKU002,Warehouse C,30 Days,Brand Y,9682815636,55,982.3138325917889
608,Product B,Home,27,Supplier Y,49.11297039353514,4.32661395044078,32,SKU002,Warehouse C,30 Days,Brand X,9261621290,71,983.1897980955948
609,Product C,Clothing,48,Supplier Z,34.28383181668471,2.31888983531067,0,SKU003,Warehouse C,30 Days,Brand Z,9271607499,18,925.7271787526844
610,Product B,Home,27,Supplier X,48.77409962238806,3.370361389777847,84,SKU001,Warehouse A,15 Days,Brand X,9594387959,98,787.812458379041
611,Product C,Home,12,Supplier X,2.869423730354537,1.555732917761818,68,SKU003,Warehouse B,30 Days,Brand Z,9147610449,63,332.521748308162
612,Product B,Clothing,67,Supplier X,6.948018537110623,2.875114953124088,0,SKU003,Warehouse A,7 Days,Brand X,9295725973,42,818.8304786626544
613,Product A,Home,30,Supplier X,22.57294230002453,4.995171403422153,54,SKU001,Warehouse A,30 Days,Brand Y,9428964926,43,414.7050870984609
614,Product C,Home,96,Supplier Y,19.24397304421576,1.635356590824987,84,SKU003,Warehouse C,15 Days,Brand X,9503334423,24,333.5053671734947
615,Product C,Home,87,Supplier Y,39.13674206785139,4.790250559840236,88,SKU001,Warehouse B,15 Days,Brand Y,9763275202,16,747.4167048816167
616,Product A,Electronics,66,Supplier X,8.030701323460187,4.297018887860031,83,SKU001,Warehouse A,15 Days,Brand Y,9014294736,38,88.85738834421866
617,Product C,Clothing,7,Supplier Z,48.80475895557443,4.88885860378508,44,SKU001,Warehouse C,15 Days,Brand Y,9880993766,24,58.07709606270507
618,Product C,Electronics,34,Supplier Y,15.7532937630457,1.718315042442132,72,SKU001,Warehouse A,7 Days,Brand X,9452137439,98,453.4741602093737
619,Product B,Clothing,32,Supplier Z,21.44618538700797,1.854073961773457,79,SKU002,Warehouse C,30 Days,Brand X,9548015888,38,451.1824128139403
620,Product C,Clothing,39,Supplier Z,13.73725162200115,1.067468726939435,91,SKU002,Warehouse B,7 Days,Brand Y,9989030063,38,896.6877115331965
621,Product A,Home,96,Supplier X,28.96818086632737,3.898807251662422,39,SKU003,Warehouse B,30 Days,Brand X,9143593515,58,134.8915653249386
622,Product B,Clothing,43,Supplier Y,2.931435021129198,3.576378773744743,60,SKU001,Warehouse C,30 Days,Brand Z,9464084632,65,132.0510881778887
623,Product B,Electronics,43,Supplier X,7.483875278522439,1.712261753298928,35,SKU001,Warehouse A,7 Days,Brand Y,9286166471,15,155.9780744701522
624,Product A,Electronics,78,Supplier X,37.28988517093621,4.164579862168288,23,SKU001,Warehouse A,7 Days,Brand Z,9195345918,52,39.43889868165658
625,Product A,Electronics,3,Supplier Z,9.325029170240196,2.196782024526902,79,SKU001,Warehouse B,15 Days,Brand Y,9750990186,77,81.0144204367593
626,Product B,Clothing,46,Supplier Z,11.77572257783314,1.539982277322541,13,SKU002,Warehouse A,30 Days,Brand Z,9847501666,28,663.2711681607486
627,Product C,Electronics,32,Supplier Z,39.64911178624189,2.690250660077393,97,SKU002,Warehouse C,30 Days,Brand Y,9834244380,65,437.2684858263341
628,Product B,Clothing,43,Supplier X,4.66505891786268,1.363879393707424,87,SKU002,Warehouse C,30 Days,Brand Y,9632779787,9,765.9670364171335
629,Product A,Electronics,81,Supplier X,21.87369113854205,2.052974625092987,74,SKU003,Warehouse C,30 Days,Brand Y,9953405795,1,992.6717413958436
630,Product B,Electronics,3,Supplier X,1.153169349861349,2.485333433709385,99,SKU001,Warehouse B,30 Days,Brand X,9592395134,90,662.4443342880113
631,Product A,Clothing,74,Supplier X,17.34036996589519,4.407456698056599,0,SKU002,Warehouse B,30 Days,Brand Z,9736664712,12,59.9510149139225
632,Product B,Electronics,63,Supplier X,34.94907013053773,4.170194965172886,46,SKU002,Warehouse B,15 Days,Brand Y,9545370585,53,113.5172361067981
633,Product C,Home,40,Supplier X,4.505163985861415,2.771017143002473,75,SKU001,Warehouse C,30 Days,Brand X,9000716373,1,882.1940439665608
634,Product B,Clothing,18,Supplier X,44.41673133893801,3.89830023100955,20,SKU002,Warehouse B,15 Days,Brand Y,9735705140,41,532.2209851126789
635,Product B,Clothing,67,Supplier X,45.4749521470358,3.27459854471602,72,SKU001,Warehouse C,30 Days,Brand Z,9560361020,13,826.5887878017826
636,Product A,Clothing,62,Supplier Y,5.249518756256755,2.363367420312272,38,SKU001,Warehouse A,30 Days,Brand Y,9920051614,80,858.0462128626768
637,Product A,Home,10,Supplier Y,49.53662181878883,3.903497373981139,2,SKU002,Warehouse B,7 Days,Brand X,9289667060,50,928.397796084524
638,Product A,Clothing,52,Supplier Y,14.87647766977445,3.733996617865512,15,SKU003,Warehouse A,30 Days,Brand Y,9775252080,48,950.330913431502
639,Product B,Electronics,73,Supplier Y,4.205083556580302,3.476377768774408,67,SKU001,Warehouse A,7 Days,Brand Y,9133084975,37,559.2775385382731
640,Product C,Electronics,46,Supplier X,0.2533557248631135,3.471822084173002,25,SKU003,Warehouse B,7 Days,Brand Y,9090265195,99,347.6099705334735
641,Product A,Electronics,55,Supplier X,20.42614478819313,3.731927969307907,53,SKU002,Warehouse B,7 Days,Brand Y,9103949789,33,962.2462256045186
642,Product A,Clothing,46,Supplier Z,31.49049928530588,2.538182050570153,12,SKU001,Warehouse A,15 Days,Brand X,9368442702,28,551.932341941213
643,Product B,Electronics,75,Supplier Z,16.60896249516566,4.476303260270809,60,SKU001,Warehouse A,7 Days,Brand Y,9840532782,63,73.61019572506493
644,Product A,Clothing,60,Supplier Y,41.83586827373114,1.649231381985843,19,SKU002,Warehouse A,7 Days,Brand Z,9682565024,22,646.3487845592664
645,Product C,Electronics,97,Supplier Z,35.8303137782525,4.535541852956616,82,SKU003,Warehouse C,7 Days,Brand Z,9877278274,22,591.8079028910606
646,Product C,Home,26,Supplier Y,17.50807659840163,2.369127372127978,26,SKU002,Warehouse A,30 Days,Brand Y,9344641505,15,896.8349441657589
647,Product A,Home,27,Supplier X,36.71548333043023,1.50012646243449,1,SKU002,Warehouse C,15 Days,Brand X,9862599487,43,656.6553172662343
648,Product A,Home,38,Supplier X,47.02438684846249,3.40010961071652,9,SKU002,Warehouse B,15 Days,Brand Z,9671677049,59,355.5619002169358
649,Product B,Home,22,Supplier Z,4.654799927150854,2.503946676281621,59,SKU003,Warehouse A,15 Days,Brand Y,9508898557,70,966.5634684487623
650,Product C,Clothing,26,Supplier X,15.30519800788084,4.261998908414077,88,SKU001,Warehouse B,15 Days,Brand Y,9866780459,64,803.6032911222132
651,Product C,Electronics,86,Supplier X,23.16629695583466,2.723141874115069,18,SKU001,Warehouse A,30 Days,Brand X,9388325380,18,634.1134421975408
652,Product A,Home,69,Supplier Y,24.89950638773843,3.674250102248439,14,SKU002,Warehouse B,7 Days,Brand Y,9252755805,44,299.9959513690916
653,Product B,Clothing,35,Supplier Z,27.10978224430368,2.233031958019302,46,SKU002,Warehouse A,30 Days,Brand X,9842231229,96,379.8048933511526
654,Product C,Home,66,Supplier X,15.03134532693243,1.83780950010136,23,SKU003,Warehouse C,15 Days,Brand Z,9171517162,97,673.2702248556901
655,Product C,Home,99,Supplier Z,33.36298229911745,2.552196123795295,15,SKU002,Warehouse B,30 Days,Brand Y,9883886066,0,81.2610102786885
656,Product B,Clothing,73,Supplier X,32.25422517649149,3.427231338409734,80,SKU003,Warehouse B,30 Days,Brand X,9268458430,11,264.1137857337608
657,Product B,Clothing,51,Supplier Y,28.89107531358069,3.627786956845407,59,SKU003,Warehouse A,15 Days,Brand Y,9126293838,24,716.761924062632
658,Product C,Electronics,18,Supplier X,5.688086085543831,3.312826661192073,79,SKU003,Warehouse C,7 Days,Brand Y,9647788541,86,485.2183247461747
659,Product C,Electronics,43,Supplier Z,23.84839455479722,4.952222874496435,81,SKU002,Warehouse C,30 Days,Brand Z,9069597222,88,408.3696291662858
660,Product B,Home,12,Supplier Z,17.81134437446878,3.764360745980661,48,SKU001,Warehouse C,15 Days,Brand Y,9143048903,94,159.9430461764103
661,Product C,Home,3,Supplier Y,24.55192349190613,4.726078510387671,3,SKU003,Warehouse A,30 Days,Brand X,9983107241,87,447.4305441329553
662,Product A,Electronics,82,Supplier X,46.0933217757513,1.471732779580698,65,SKU001,Warehouse B,30 Days,Brand X,9954494821,9,772.9850510526315
663,Product A,Electronics,7,Supplier Y,24.02656715792041,1.245491719253915,48,SKU003,Warehouse A,30 Days,Brand X,9053202779,65,271.3727176111741
664,Product B,Clothing,97,Supplier Z,0.6990395919755921,2.243978808047815,30,SKU002,Warehouse C,7 Days,Brand Y,9217565204,32,15.34455676184064
665,Product B,Electronics,6,Supplier Y,21.94183690420655,1.546355753505696,65,SKU003,Warehouse C,30 Days,Brand Y,9796855982,86,671.819852139473
666,Product B,Electronics,82,Supplier X,41.03240900246911,3.103474112913071,53,SKU003,Warehouse B,30 Days,Brand Z,9556657737,1,972.900338388227
667,Product A,Home,45,Supplier X,39.00304616090841,3.075925014093115,1,SKU001,Warehouse A,7 Days,Brand Y,9273500955,3,610.758297952697
668,Product C,Electronics,86,Supplier Y,25.66950367640905,3.300188665775801,60,SKU002,Warehouse A,30 Days,Brand X,9459268720,22,128.7226403378588
669,Product A,Home,39,Supplier Z,12.48845064296576,3.980911523324291,14,SKU003,Warehouse C,30 Days,Brand X,9433487131,40,327.5257614212263
670,Product C,Electronics,51,Supplier Z,23.25443314572725,4.88531880084928,59,SKU002,Warehouse B,7 Days,Brand Z,9929368149,37,868.9651985730211
671,Product A,Clothing,9,Supplier Y,28.18511097090958,4.513034765756586,42,SKU001,Warehouse B,15 Days,Brand X,9201831525,86,240.2423935142603
672,Product C,Electronics,99,Supplier X,49.99357191370669,1.473468958302326,92,SKU002,Warehouse C,30 Days,Brand X,9649071122,55,611.6189444626319
673,Product A,Electronics,23,Supplier X,32.20890450846887,2.354054755082629,97,SKU002,Warehouse A,15 Days,Brand X,9216782910,75,408.6444961714578
674,Product B,Electronics,12,Supplier X,34.71324650313068,2.023292100192168,39,SKU001,Warehouse A,15 Days,Brand Z,9130987635,43,215.7652842054525
675,Product A,Home,88,Supplier X,24.5727071784026,1.707269431119171,95,SKU003,Warehouse B,15 Days,Brand Z,9894886579,63,815.2728246290328
676,Product C,Clothing,62,Supplier Z,17.72447753912649,3.178899506623138,84,SKU003,Warehouse B,7 Days,Brand X,9991939109,23,745.4029637010334
677,Product A,Electronics,73,Supplier X,40.6476491823603,3.213057608130922,29,SKU002,Warehouse C,7 Days,Brand X,9386827053,92,664.9751552996728
678,Product A,Home,77,Supplier Y,24.74661621696181,1.908979311552245,62,SKU003,Warehouse B,30 Days,Brand Y,9341318039,40,243.9732243660637
679,Product A,Clothing,40,Supplier Y,49.73450649822625,3.847589001226742,23,SKU001,Warehouse A,15 Days,Brand Y,9556697179,27,106.8784326892855
680,Product B,Home,54,Supplier Y,22.8560287134022,3.931657196678021,43,SKU002,Warehouse A,7 Days,Brand X,9045546668,61,580.3977365277066
681,Product A,Home,81,Supplier Y,3.400014182378869,1.083919979335733,13,SKU002,Warehouse B,7 Days,Brand Y,9796524236,14,558.141055204039
682,Product B,Clothing,7,Supplier X,34.12890685450414,2.583030814889266,27,SKU003,Warehouse C,15 Days,Brand X,9456184328,61,196.5011592415243
683,Product B,Electronics,17,Supplier Z,2.332072546290553,4.560562564806484,13,SKU003,Warehouse A,7 Days,Brand X,9588746248,9,65.68422737202076
684,Product A,Home,50,Supplier X,12.52507984423517,3.081274432975353,55,SKU003,Warehouse A,15 Days,Brand Y,9859114004,97,89.90136965204611
685,Product A,Home,24,Supplier Z,17.68691263899517,2.390511205755977,33,SKU002,Warehouse C,7 Days,Brand Z,9312932375,28,992.8432766476064
686,Product A,Electronics,2,Supplier X,36.97417928106638,2.014704606380521,77,SKU003,Warehouse B,15 Days,Brand Z,9135583838,30,785.7480557954549
687,Product C,Electronics,99,Supplier Z,24.71179632038064,1.973418079673129,88,SKU002,Warehouse A,7 Days,Brand Z,9309722815,62,922.7676012055209
688,Product A,Clothing,92,Supplier Y,1.432296565512831,1.399072135403225,11,SKU003,Warehouse A,7 Days,Brand X,9966659932,86,203.1041750139997
689,Product B,Clothing,83,Supplier Y,30.84249256379611,4.268905676372368,55,SKU002,Warehouse C,7 Days,Brand X,9334700839,17,960.9628509602007
690,Product A,Clothing,33,Supplier Z,20.57181187133312,1.346629621576685,60,SKU002,Warehouse B,7 Days,Brand Z,9432442547,6,151.2278079584304
691,Product C,Electronics,21,Supplier Z,46.09172549835536,2.169179063447263,60,SKU002,Warehouse C,15 Days,Brand Z,9107921283,26,513.9910102808064
692,Product A,Home,74,Supplier Z,24.97811555701177,1.182702954265413,39,SKU003,Warehouse C,30 Days,Brand Z,9537216130,8,831.3987275728933
693,Product C,Home,53,Supplier Y,35.44875729696695,4.125546278894802,19,SKU003,Warehouse B,30 Days,Brand X,9814837644,19,356.3053209664636
694,Product C,Clothing,46,Supplier Y,10.94342461647734,1.157134728907162,41,SKU001,Warehouse A,7 Days,Brand X,9153666068,84,430.5802478451315
695,Product A,Electronics,45,Supplier X,38.04867822658266,2.233204415472834,6,SKU002,Warehouse C,30 Days,Brand Y,9814453767,91,136.9032591961069
696,Product B,Home,9,Supplier Z,36.04776552418362,3.293189480346656,78,SKU003,Warehouse A,7 Days,Brand Y,9838290632,49,131.692661198983
697,Product C,Clothing,6,Supplier Z,45.20408542706541,2.638245441173775,72,SKU001,Warehouse A,30 Days,Brand Y,9559532909,60,623.372542530873
698,Product A,Home,51,Supplier Z,1.691082085959961,2.129084268996402,67,SKU001,Warehouse A,7 Days,Brand Z,9352995712,66,678.7770449338561
699,Product A,Home,35,Supplier Y,22.37503488087256,2.100756289710167,30,SKU003,Warehouse A,30 Days,Brand X,9953311051,73,779.5591889413713
700,Product B,Electronics,82,Supplier Z,33.95777013698151,4.191161224024997,86,SKU002,Warehouse C,30 Days,Brand Y,9032946723,16,561.1152321549359
701,Product C,Electronics,53,Supplier Z,4.758195004010751,4.89591238034898,69,SKU001,Warehouse B,7 Days,Brand Y,9710022549,98,649.3016993386929
702,Product C,Home,19,Supplier Y,20.53020335744562,2.392164281795174,91,SKU001,Warehouse A,30 Days,Brand Y,9535538036,20,23.38209898272286
703,Product A,Clothing,69,Supplier Z,47.10733015330977,1.156582054436066,75,SKU002,Warehouse A,7 Days,Brand Y,9717417635,72,170.5490198658162
704,Product A,Electronics,25,Supplier X,21.79672454455641,1.146263111636434,46,SKU003,Warehouse A,30 Days,Brand Z,9678885932,80,985.0656183567356
705,Product B,Home,11,Supplier Y,49.27023917403157,4.036853660842873,50,SKU002,Warehouse B,15 Days,Brand X,9689240719,31,85.23357125267347
706,Product B,Electronics,74,Supplier Y,2.841953053990981,3.209479286436508,57,SKU002,Warehouse A,15 Days,Brand X,9513898494,47,682.0003400376424
707,Product C,Electronics,17,Supplier Y,35.89148880704457,4.134370629669322,21,SKU003,Warehouse B,15 Days,Brand X,9165106186,37,184.3218067013991
708,Product C,Electronics,36,Supplier X,29.05081181241347,3.789988041154299,23,SKU001,Warehouse C,7 Days,Brand Y,9600793922,27,719.5513999099655
709,Product A,Home,90,Supplier Y,25.02698385660627,4.630025397061586,33,SKU002,Warehouse B,7 Days,Brand Z,9445506913,81,708.9304989323736
710,Product C,Clothing,95,Supplier Y,48.54237007425047,4.543297164186495,62,SKU001,Warehouse A,7 Days,Brand Z,9295374232,59,241.8570691902093
711,Product B,Clothing,96,Supplier Y,6.482520024556432,4.153309582484709,59,SKU001,Warehouse C,15 Days,Brand Z,9940331518,69,276.9380552270121
712,Product B,Clothing,21,Supplier Y,44.79994758404567,2.900756640168575,18,SKU001,Warehouse B,30 Days,Brand X,9135363417,57,658.2230064660674
713,Product A,Electronics,18,Supplier X,34.56202055683051,2.23250563041541,23,SKU003,Warehouse A,7 Days,Brand X,9513981378,69,396.1851783924115
714,Product B,Home,60,Supplier Z,12.94980366498164,3.02810714977856,63,SKU001,Warehouse C,15 Days,Brand Z,9994222291,80,202.6024900029122
715,Product B,Electronics,18,Supplier Z,45.08345728161467,3.008286429279294,19,SKU002,Warehouse C,7 Days,Brand Y,9242279326,52,734.3628027996069
716,Product B,Clothing,1,Supplier Y,21.46474589305066,3.441102195557351,97,SKU002,Warehouse B,7 Days,Brand X,9153897584,9,162.6060490929708
717,Product B,Clothing,14,Supplier X,40.71136640365354,1.744390271131616,26,SKU002,Warehouse A,30 Days,Brand X,9205852608,1,857.0872275034972
718,Product A,Home,8,Supplier Y,19.44182585237,3.622479521779955,57,SKU003,Warehouse B,7 Days,Brand Y,9576520025,96,519.5228288113092
719,Product A,Electronics,66,Supplier Z,42.54654137166205,2.826403696823263,43,SKU002,Warehouse C,7 Days,Brand Y,9625402200,24,114.6435978405077
720,Product C,Clothing,51,Supplier Z,31.83145592225243,3.480819327763437,92,SKU003,Warehouse C,30 Days,Brand X,9437365770,37,697.1316101956745
721,Product B,Home,79,Supplier X,7.052331679186358,1.958419291678183,64,SKU001,Warehouse A,7 Days,Brand Y,9307605839,0,523.971409178795
722,Product C,Electronics,60,Supplier Z,32.48315817347638,2.73757957550942,45,SKU001,Warehouse C,7 Days,Brand Y,9827283305,79,305.0769960768614
723,Product A,Electronics,34,Supplier Y,9.56723813509363,1.840804857810081,99,SKU003,Warehouse A,30 Days,Brand Y,9112908147,89,428.3139864216163
724,Product A,Clothing,36,Supplier X,20.59613139470813,4.501220627027207,53,SKU003,Warehouse B,7 Days,Brand Y,9786065061,75,305.3543661516238
725,Product A,Clothing,62,Supplier Z,8.514779212601686,2.95184418016615,38,SKU003,Warehouse C,7 Days,Brand Y,9960634113,72,270.3955773853562
726,Product A,Electronics,1,Supplier Y,1.100805783355929,1.899925662295249,6,SKU001,Warehouse C,15 Days,Brand Z,9832469045,12,171.9723366352751
727,Product A,Electronics,85,Supplier X,10.59432697249787,1.164834782966185,53,SKU003,Warehouse A,30 Days,Brand X,9631525126,70,369.1394618061011
728,Product A,Clothing,42,Supplier Y,26.81860118620629,3.702954658614167,42,SKU001,Warehouse A,15 Days,Brand Z,9644829104,0,258.4773342529101
729,Product A,Electronics,1,Supplier Z,24.0780483888673,1.858578855959023,19,SKU001,Warehouse B,30 Days,Brand Z,9963133735,30,686.6001421833779
730,Product B,Clothing,96,Supplier Y,25.07485477680319,4.958328769275113,83,SKU002,Warehouse A,7 Days,Brand Z,9855940652,98,687.0379737516732
731,Product C,Electronics,84,Supplier X,12.38434392233007,3.134801493660686,24,SKU001,Warehouse C,15 Days,Brand X,9203283672,87,506.821840130082
732,Product A,Clothing,54,Supplier Y,34.25806003070931,2.155907984992128,42,SKU003,Warehouse B,15 Days,Brand X,9537193148,66,780.1650821956179
733,Product B,Home,47,Supplier Z,35.21316434101729,3.630709735170521,84,SKU003,Warehouse B,15 Days,Brand X,9529693802,55,842.9263218159878
734,Product B,Clothing,39,Supplier X,17.89839127798328,2.100879693752342,72,SKU003,Warehouse B,15 Days,Brand Z,9456079137,18,583.9687928599304
735,Product C,Clothing,30,Supplier X,44.05850442370872,4.281097175638986,26,SKU001,Warehouse A,30 Days,Brand X,9188974552,3,622.7458111357994
736,Product A,Home,7,Supplier Z,32.20116083177739,2.232944203719768,91,SKU001,Warehouse A,7 Days,Brand Z,9437890055,27,290.0570506885015
737,Product C,Electronics,22,Supplier Y,35.65196376293159,4.952990929583637,24,SKU002,Warehouse C,7 Days,Brand Y,9809977375,43,895.9205086984646
738,Product A,Home,50,Supplier Y,13.86699589694697,3.420579141781174,35,SKU002,Warehouse B,15 Days,Brand X,9130307985,29,33.96398397830453
739,Product B,Clothing,45,Supplier Z,0.03058175777935213,4.377644595770653,97,SKU003,Warehouse B,7 Days,Brand Y,9259357863,35,355.1164447484172
740,Product B,Electronics,74,Supplier X,43.26878060510548,1.291261878313689,65,SKU001,Warehouse B,7 Days,Brand Z,9340809034,52,724.5824173343575
741,Product B,Home,72,Supplier Z,41.12121922899043,2.393197669544753,8,SKU003,Warehouse C,30 Days,Brand X,9473242854,58,89.28861457444962
742,Product B,Electronics,91,Supplier X,6.159594402141511,3.949948344664599,82,SKU003,Warehouse A,7 Days,Brand X,9543690934,67,191.3378321540097
743,Product C,Electronics,10,Supplier X,18.70525674781532,3.620236069362331,78,SKU003,Warehouse B,7 Days,Brand Y,9166770979,86,593.3928705842227
744,Product A,Home,14,Supplier Y,33.06696541942913,1.776972485735031,52,SKU002,Warehouse A,7 Days,Brand Z,9507322101,74,564.3937347489224
745,Product A,Electronics,46,Supplier Z,32.60554286093641,2.424811722038839,20,SKU003,Warehouse A,7 Days,Brand Z,9644494857,3,741.5390131696455
746,Product C,Home,75,Supplier X,43.01751674042782,2.053773629950164,49,SKU002,Warehouse A,15 Days,Brand X,9865919212,10,814.4865126972901
747,Product A,Clothing,6,Supplier Y,7.013408081771427,3.453480679047372,15,SKU001,Warehouse A,30 Days,Brand X,9449397199,52,137.2937827265524
748,Product B,Electronics,21,Supplier Z,21.49698738925594,2.3782729178351,65,SKU003,Warehouse A,30 Days,Brand X,9799134837,87,28.19717987748963
749,Product A,Clothing,62,Supplier Z,4.861220896321239,2.236216968001399,25,SKU002,Warehouse C,30 Days,Brand X,9325287640,53,692.742134462317
750,Product B,Clothing,97,Supplier X,19.47976242193141,1.829511921745367,43,SKU001,Warehouse A,7 Days,Brand X,9806924478,83,308.3778778086956
751,Product C,Electronics,19,Supplier X,0.7553722793852191,2.636108483658593,28,SKU002,Warehouse B,15 Days,Brand Z,9865764257,44,629.724074778774
752,Product A,Home,88,Supplier X,44.91365325550635,1.782010360786214,96,SKU003,Warehouse B,30 Days,Brand X,9508217182,16,159.0391421816025
753,Product C,Electronics,82,Supplier Z,26.35219984143405,4.850278349510529,97,SKU001,Warehouse B,15 Days,Brand Y,9107388409,63,474.3496461993033
754,Product A,Clothing,99,Supplier X,42.49011304011768,1.618007245981214,45,SKU001,Warehouse C,30 Days,Brand X,9739024375,57,509.3804986028026
755,Product B,Clothing,62,Supplier Z,2.995235050168188,4.653218859835105,90,SKU001,Warehouse A,15 Days,Brand X,9118562542,12,589.2270382094839
756,Product C,Home,83,Supplier Y,11.37290552364603,2.713892392626328,70,SKU002,Warehouse B,7 Days,Brand Z,9886116167,80,518.0383161672587
757,Product A,Electronics,53,Supplier Z,12.96899976105903,2.511463966246888,48,SKU002,Warehouse B,7 Days,Brand Z,9204954000,50,500.7338625264267
758,Product B,Clothing,24,Supplier X,19.3345747319394,1.925279203619395,14,SKU002,Warehouse B,30 Days,Brand Z,9832878458,51,339.406812444017
759,Product C,Clothing,56,Supplier Z,40.14331861987731,3.543025337470076,16,SKU001,Warehouse A,30 Days,Brand Y,9758387004,14,80.46843395490536
760,Product C,Clothing,62,Supplier X,19.32789368657463,3.742112060043346,8,SKU003,Warehouse B,30 Days,Brand Z,9592386269,3,98.62499482887388
761,Product A,Home,34,Supplier Y,10.23267648231635,2.87028384900967,76,SKU003,Warehouse A,7 Days,Brand X,9135283345,81,439.4404916630821
762,Product A,Clothing,22,Supplier X,3.249513016938421,1.222827582773697,31,SKU001,Warehouse B,7 Days,Brand Z,9303301820,8,362.2351965427831
763,Product A,Clothing,68,Supplier X,3.974587417634373,4.6740406027542,65,SKU003,Warehouse B,30 Days,Brand Y,9149647085,66,520.9734566277527
764,Product B,Electronics,57,Supplier X,38.00236029804887,4.921316531505524,58,SKU001,Warehouse A,30 Days,Brand X,9178221012,90,311.7897875637043
765,Product A,Electronics,10,Supplier X,22.24014955183165,2.72417366084734,31,SKU003,Warehouse B,7 Days,Brand X,9466074548,81,691.0309905407711
766,Product C,Clothing,66,Supplier X,36.30905610000077,3.454643229637309,83,SKU003,Warehouse C,30 Days,Brand Y,9108652766,80,865.3152737894154
767,Product C,Clothing,8,Supplier X,34.11435608818488,2.801194504974987,42,SKU003,Warehouse A,30 Days,Brand Z,9670761717,73,305.874556898999
768,Product A,Electronics,97,Supplier Y,6.76812308801289,2.287518603544482,82,SKU002,Warehouse B,30 Days,Brand Z,9552246006,56,201.0541678596383
769,Product A,Home,38,Supplier Y,7.14439670961336,1.309275171431231,90,SKU002,Warehouse C,7 Days,Brand Z,9737940896,28,125.0187685115482
770,Product C,Home,62,Supplier Z,37.76710077170669,2.824270921589195,99,SKU001,Warehouse C,7 Days,Brand Z,9313380246,46,620.0915001651043
771,Product B,Home,28,Supplier X,36.06341467427086,4.273538225437806,58,SKU002,Warehouse A,15 Days,Brand Y,9594163647,4,449.4174312291637
772,Product A,Home,10,Supplier Z,18.90153834371552,1.068125844352014,29,SKU001,Warehouse B,15 Days,Brand Y,9537622565,69,196.1355600243261
773,Product A,Home,45,Supplier Y,3.871113166642004,3.328430732720889,10,SKU002,Warehouse A,15 Days,Brand Z,9935138756,63,656.6053659589369
774,Product C,Home,65,Supplier Y,0.60490108492261,4.523088434906755,79,SKU003,Warehouse C,15 Days,Brand Y,9167863502,58,156.9983511752316
775,Product A,Home,98,Supplier X,14.40784747308724,1.870197720057432,25,SKU002,Warehouse C,30 Days,Brand X,9336423837,34,558.757698789473
776,Product B,Home,67,Supplier X,0.4611136793613468,1.733023458756249,93,SKU002,Warehouse A,7 Days,Brand Z,9984017295,4,531.876897809012
777,Product C,Electronics,9,Supplier Z,11.50363105518517,4.089106502807772,1,SKU002,Warehouse A,7 Days,Brand X,9156200122,49,736.8855231742225
778,Product A,Home,5,Supplier Y,20.97503701056693,2.020345724477173,33,SKU001,Warehouse B,15 Days,Brand X,9261674343,59,64.5585435412601
779,Product C,Home,10,Supplier Z,6.070788265597709,1.767937070242594,40,SKU001,Warehouse C,30 Days,Brand X,9236021724,14,888.994202532817
780,Product A,Home,12,Supplier Z,5.213887891577312,2.51195700227694,85,SKU003,Warehouse A,7 Days,Brand Z,9302558811,90,705.9618088853513
781,Product A,Clothing,82,Supplier Z,44.82187178593683,2.570008049080872,30,SKU003,Warehouse C,7 Days,Brand Z,9053525636,96,223.9647383652746
782,Product A,Electronics,58,Supplier X,29.27350145114446,4.496404252066264,62,SKU003,Warehouse A,30 Days,Brand Z,9597726181,23,191.5712951236423
783,Product B,Electronics,21,Supplier Y,46.72278433813907,3.473773887734708,54,SKU002,Warehouse B,30 Days,Brand Y,9487151064,20,437.3436120023456
784,Product B,Electronics,21,Supplier Z,17.29130818928396,2.623845825358357,60,SKU003,Warehouse C,15 Days,Brand Z,9226638336,1,819.389676249151
785,Product C,Home,65,Supplier Y,33.85724686645815,3.137551857143067,84,SKU001,Warehouse B,15 Days,Brand X,9018184973,82,844.5204932077161
786,Product A,Home,3,Supplier Y,10.23458373108952,4.815860933301097,35,SKU003,Warehouse B,30 Days,Brand Z,9661520466,44,525.2515312179892
787,Product A,Clothing,69,Supplier Z,30.91701586399706,1.452858706439581,39,SKU003,Warehouse C,7 Days,Brand Y,9598941470,81,862.2027540598701
788,Product B,Electronics,89,Supplier Z,6.479286500499221,1.830862086898766,22,SKU003,Warehouse A,30 Days,Brand Z,9160190130,9,15.38927209977366
789,Product A,Home,64,Supplier X,0.104031958814288,4.850114826346221,25,SKU003,Warehouse B,30 Days,Brand Y,9887473528,44,44.82288521628065
790,Product B,Electronics,49,Supplier Y,46.57659007047895,4.829299394108816,17,SKU003,Warehouse B,7 Days,Brand X,9197228878,36,912.7033777003753
791,Product A,Clothing,72,Supplier Z,27.74471880876047,1.708661685059091,78,SKU001,Warehouse C,7 Days,Brand X,9190988946,22,777.5786105870569
792,Product C,Clothing,17,Supplier Z,46.34703313910197,1.580435268501193,33,SKU002,Warehouse C,15 Days,Brand X,9531847269,44,456.1989976678818
793,Product A,Clothing,73,Supplier Y,16.6915761851036,2.684340537354479,85,SKU003,Warehouse C,30 Days,Brand X,9567817503,40,756.0740301632073
794,Product A,Electronics,32,Supplier Z,16.38930345808784,1.198873169951876,27,SKU002,Warehouse B,15 Days,Brand X,9165358392,64,956.0830671061874
795,Product B,Home,70,Supplier Y,20.03275008865159,3.61961412914056,48,SKU003,Warehouse A,30 Days,Brand X,9254465054,60,774.3686286424722
796,Product A,Home,21,Supplier Z,35.30204919790842,1.309984086646969,63,SKU002,Warehouse A,30 Days,Brand Y,9096295908,5,843.9476204801388
797,Product A,Clothing,7,Supplier Y,28.29043170930871,1.232118508377123,70,SKU001,Warehouse C,7 Days,Brand X,9411875481,64,763.0005155761611
798,Product B,Home,7,Supplier Z,46.2677453549559,2.940747744835397,62,SKU002,Warehouse B,30 Days,Brand Z,9441530927,17,176.5289815092062
799,Product C,Clothing,27,Supplier Z,1.272045056621968,4.831146544440406,61,SKU003,Warehouse B,30 Days,Brand Y,9810317690,90,835.2383685492794
800,Product C,Electronics,8,Supplier X,35.40979689862682,2.707183744252638,41,SKU002,Warehouse B,7 Days,Brand Y,9264252568,39,203.1577318239679
801,Product B,Clothing,73,Supplier Y,16.51638446832771,2.425924634642204,23,SKU002,Warehouse C,7 Days,Brand Z,9458564277,37,893.6852147637055
802,Product B,Electronics,28,Supplier X,9.011682590923058,4.991826862009144,34,SKU003,Warehouse B,7 Days,Brand Z,9519704807,44,464.0633991002651
803,Product B,Clothing,79,Supplier Z,25.51978112600495,3.127875843116734,76,SKU002,Warehouse B,30 Days,Brand Z,9148497528,16,680.2069847879183
804,Product B,Home,66,Supplier Y,25.2531892089998,2.500965627560994,54,SKU003,Warehouse A,7 Days,Brand Z,9928533688,89,502.268439401837
805,Product B,Home,71,Supplier Y,6.85055143442142,2.543443253366407,48,SKU001,Warehouse C,30 Days,Brand Z,9897822151,12,103.051020122436
806,Product C,Clothing,47,Supplier Z,10.09480280664449,1.779837984134042,76,SKU003,Warehouse C,15 Days,Brand X,9403793724,9,297.8150845444584
807,Product C,Home,82,Supplier Z,20.40823324507775,3.048892229790156,94,SKU001,Warehouse C,7 Days,Brand Y,9245133699,89,983.894535457036
808,Product B,Home,86,Supplier Z,20.44057061961577,2.755420112672023,58,SKU002,Warehouse B,15 Days,Brand Z,9101824414,30,961.1076041531192
809,Product A,Home,10,Supplier Z,15.87790698098424,2.083181185389654,82,SKU003,Warehouse B,15 Days,Brand Z,9841886327,86,327.2820286789918
810,Product B,Electronics,33,Supplier Y,7.427257575499047,1.642160346407039,92,SKU002,Warehouse A,7 Days,Brand Y,9028967775,49,996.3338362027736
811,Product A,Home,7,Supplier X,0.2186839550489761,2.244955474670215,21,SKU001,Warehouse C,7 Days,Brand Y,9782353633,83,847.0956835419306
812,Product B,Electronics,3,Supplier Y,48.51175312140103,3.034733310750917,84,SKU001,Warehouse B,30 Days,Brand X,9457619055,22,614.8499044379322
813,Product B,Clothing,14,Supplier Y,47.17496148519635,1.233333089139207,60,SKU002,Warehouse A,7 Days,Brand Y,9799581378,44,49.72337405839939
814,Product C,Home,44,Supplier Y,24.18251895880676,1.614976114335824,79,SKU003,Warehouse B,15 Days,Brand Z,9347001640,90,902.4323612429957
815,Product A,Home,46,Supplier Y,49.75258766375028,4.790629067876381,29,SKU003,Warehouse B,15 Days,Brand Y,9875521049,78,561.8549864716765
816,Product A,Home,61,Supplier Z,33.68271653911216,3.171421404125356,68,SKU003,Warehouse C,15 Days,Brand Z,9755562435,37,869.7913896907419
817,Product C,Clothing,36,Supplier X,3.442876880377077,1.253797214640151,59,SKU003,Warehouse C,30 Days,Brand Y,9754326721,10,836.0848287066849
818,Product C,Electronics,13,Supplier Y,5.885909954131368,3.772351035078292,5,SKU001,Warehouse B,30 Days,Brand Y,9086162450,7,834.6761530490752
819,Product C,Electronics,16,Supplier Y,45.80554219348188,1.247211480316139,84,SKU003,Warehouse B,7 Days,Brand X,9501402454,77,701.1921221077561
820,Product C,Home,80,Supplier X,31.50261010748142,3.955496908185492,10,SKU002,Warehouse B,7 Days,Brand Z,9642937368,12,298.5009872892882
821,Product A,Clothing,5,Supplier Z,42.15918133286755,3.999850886880107,23,SKU001,Warehouse B,7 Days,Brand X,9051378734,85,342.7986551670746
822,Product A,Clothing,89,Supplier Y,44.91348248169221,3.604315902997011,91,SKU002,Warehouse B,15 Days,Brand X,9071611906,33,315.3845204568595
823,Product B,Clothing,38,Supplier Z,22.39710056411931,3.928818178477399,78,SKU002,Warehouse C,15 Days,Brand Z,9686302678,64,29.84553953723905
824,Product B,Clothing,50,Supplier Y,2.426297578834652,1.351863124052231,50,SKU002,Warehouse C,15 Days,Brand Y,9811120878,95,586.743220122663
825,Product C,Clothing,38,Supplier Y,9.414017444866102,3.90712220942107,18,SKU001,Warehouse B,7 Days,Brand X,9584288544,74,701.8453337415725
826,Product C,Electronics,56,Supplier X,3.328597365121755,1.546753278895532,49,SKU003,Warehouse B,7 Days,Brand Y,9887177583,9,855.3273335899515
827,Product C,Electronics,63,Supplier X,9.436992284925367,2.358023629087375,80,SKU002,Warehouse C,15 Days,Brand Y,9037437851,93,148.763779048903
828,Product B,Electronics,48,Supplier Z,20.52664632279384,4.770981014002531,2,SKU002,Warehouse B,7 Days,Brand X,9263244821,75,548.7413174870337
829,Product B,Home,90,Supplier Y,5.909840525749272,3.01150191063656,2,SKU003,Warehouse C,30 Days,Brand X,9949985122,97,17.92805926704503
830,Product B,Clothing,59,Supplier Z,8.336662390267163,4.869705728332056,91,SKU003,Warehouse C,7 Days,Brand X,9447496545,88,104.1427112336222
831,Product B,Home,77,Supplier X,22.29108910358396,1.35568983554695,30,SKU003,Warehouse C,15 Days,Brand Y,9073066013,35,63.66962676393313
832,Product B,Clothing,44,Supplier X,17.00854751942448,2.91022639825272,46,SKU003,Warehouse C,7 Days,Brand Z,9141284910,3,728.2232536753321
833,Product B,Electronics,90,Supplier X,23.38290620940205,1.249609281107483,7,SKU002,Warehouse A,30 Days,Brand Z,9103643555,20,90.24896823882713
834,Product B,Home,55,Supplier X,21.4586013879531,3.520841049597139,16,SKU001,Warehouse B,15 Days,Brand X,9348865850,60,719.2884517432021
835,Product C,Electronics,55,Supplier X,32.22390129899417,1.314828005474066,98,SKU003,Warehouse B,7 Days,Brand Y,9301912845,93,257.1284573664775
836,Product C,Clothing,1,Supplier Z,46.85947744379273,1.701471210161509,99,SKU003,Warehouse B,7 Days,Brand X,9918110536,37,878.9358310899701
837,Product C,Clothing,8,Supplier Z,5.393216922212124,2.035321240277122,90,SKU002,Warehouse C,7 Days,Brand Y,9434939349,75,815.018488480176
838,Product C,Clothing,4,Supplier X,4.963007465459746,3.994975406657933,44,SKU003,Warehouse C,7 Days,Brand Z,9709271515,38,958.2519153005237
839,Product B,Electronics,85,Supplier Y,42.6403055545451,1.655848475272299,96,SKU002,Warehouse C,30 Days,Brand Z,9285891432,88,884.9243953034515
840,Product A,Clothing,86,Supplier Y,25.31983523262296,4.386528213172271,59,SKU002,Warehouse B,7 Days,Brand X,9497944014,53,933.9961249251838
841,Product B,Electronics,53,Supplier Y,38.32025117842211,1.527615755323203,74,SKU002,Warehouse C,7 Days,Brand X,9607002039,61,860.1549725481747
842,Product A,Home,58,Supplier Y,10.77109518036407,1.140977796280625,20,SKU002,Warehouse A,15 Days,Brand Z,9889421796,18,696.4480816087068
843,Product C,Clothing,37,Supplier Y,41.44312865837759,2.580181675878671,69,SKU003,Warehouse B,30 Days,Brand Y,9354307735,1,178.5565606041816
844,Product B,Clothing,49,Supplier X,46.19233120963479,4.917766567885181,20,SKU001,Warehouse A,15 Days,Brand Z,9950682337,21,278.990443665552
845,Product C,Clothing,67,Supplier Z,31.77415077732441,1.441368911155109,57,SKU003,Warehouse A,30 Days,Brand Y,9777458935,93,220.5996964689704
846,Product B,Home,19,Supplier X,5.293951073690112,1.406873776158516,54,SKU001,Warehouse B,7 Days,Brand X,9583644330,56,607.5499297816235
847,Product C,Clothing,1,Supplier Y,44.76474070781694,4.004666043182496,27,SKU003,Warehouse A,30 Days,Brand Z,9330865388,99,508.5837385938653
848,Product A,Electronics,29,Supplier Y,39.62438636850356,2.248646775974261,80,SKU002,Warehouse A,15 Days,Brand X,9467440363,2,868.4091971868394
849,Product A,Electronics,87,Supplier Z,37.54388882572449,3.869126468902868,81,SKU003,Warehouse C,7 Days,Brand Z,9166422274,22,953.1461378340849
850,Product A,Clothing,33,Supplier X,1.836409445295778,1.800042357773453,74,SKU002,Warehouse A,15 Days,Brand X,9639722774,3,410.8112907219629
851,Product B,Clothing,52,Supplier Z,39.94812626284856,2.840287976792652,45,SKU003,Warehouse C,15 Days,Brand Z,9913741971,27,511.2870477480042
852,Product A,Home,41,Supplier Y,6.89755052341785,2.061159510995672,43,SKU002,Warehouse A,30 Days,Brand Z,9661654124,77,971.8011932360978
853,Product B,Home,23,Supplier Y,11.11930880984442,2.806112859516348,88,SKU001,Warehouse B,7 Days,Brand X,9651563150,69,283.4765522069121
854,Product A,Home,5,Supplier Z,28.85674174346288,4.076388370341215,93,SKU002,Warehouse B,15 Days,Brand Z,9509079338,69,794.4668676052255
855,Product A,Clothing,71,Supplier Y,13.24903864584415,4.048039761910647,24,SKU003,Warehouse B,15 Days,Brand Z,9872993743,40,232.9875033118938
856,Product B,Home,57,Supplier X,33.06741031559599,3.063089150694895,70,SKU002,Warehouse B,30 Days,Brand Z,9953815110,36,684.6455142710192
857,Product B,Home,6,Supplier Y,30.40352238495408,4.713487374884204,48,SKU001,Warehouse C,15 Days,Brand Z,9122632096,6,261.0794713621785
858,Product A,Electronics,49,Supplier Y,5.407479900663131,2.055136409793096,45,SKU001,Warehouse A,7 Days,Brand X,9566755965,76,884.896054943073
859,Product B,Home,22,Supplier X,32.80072897957532,1.961245404476932,90,SKU003,Warehouse A,7 Days,Brand X,9945818193,0,565.86316429931
860,Product A,Electronics,77,Supplier Y,46.1977454912465,3.455225604701735,89,SKU002,Warehouse B,30 Days,Brand Z,9368697384,87,194.0743044656407
861,Product B,Electronics,76,Supplier Z,8.055495259291657,3.485188136867156,62,SKU003,Warehouse C,15 Days,Brand Z,9245477265,33,232.1254839415012
862,Product C,Home,4,Supplier Z,29.85310104714437,1.186160158259896,76,SKU002,Warehouse C,30 Days,Brand X,9642460546,51,498.9107037510192
863,Product C,Electronics,72,Supplier Y,17.0932685968347,3.43111084954759,87,SKU001,Warehouse B,30 Days,Brand Z,9812393218,9,961.9860053191301
864,Product C,Clothing,64,Supplier X,22.9805835886802,2.497744629396057,11,SKU003,Warehouse A,15 Days,Brand Y,9719681891,59,771.9457422448179
865,Product C,Clothing,37,Supplier X,14.3500089539485,3.989770101282236,77,SKU001,Warehouse B,7 Days,Brand X,9237925519,5,493.4265463975867
866,Product C,Home,31,Supplier Z,17.70653181738476,4.232422658181092,56,SKU002,Warehouse A,30 Days,Brand Z,9454938902,67,344.3419531165949
867,Product A,Clothing,37,Supplier Y,1.445591163327864,3.208615278188146,72,SKU001,Warehouse B,7 Days,Brand Y,9451157462,71,553.7758084149582
868,Product C,Electronics,45,Supplier X,49.07758689586103,1.00682012600906,63,SKU002,Warehouse A,7 Days,Brand Z,9927120014,47,750.8772250943335
869,Product C,Clothing,90,Supplier X,31.23999610363741,3.545463240666568,30,SKU003,Warehouse C,15 Days,Brand Z,9890686408,78,786.089302568272
870,Product C,Home,8,Supplier Z,25.03527952469426,3.995525118663737,3,SKU002,Warehouse B,15 Days,Brand Z,9670142078,44,331.3627101159752
871,Product C,Home,40,Supplier Z,19.18576747501633,1.995933064926057,53,SKU002,Warehouse A,7 Days,Brand Y,9185843769,11,723.9476755317385
872,Product B,Electronics,97,Supplier X,26.96872794120138,2.858584004563155,82,SKU003,Warehouse A,7 Days,Brand Y,9704114855,69,661.2108922358243
873,Product A,Home,93,Supplier Z,19.0052999357902,4.862906493647153,64,SKU003,Warehouse A,7 Days,Brand X,9395667061,20,959.5211690763309
874,Product C,Clothing,5,Supplier X,17.99539637468366,2.192462213576414,92,SKU001,Warehouse A,30 Days,Brand Z,9789925029,95,931.7793876029347
875,Product C,Home,28,Supplier Y,23.19732708610066,1.892613004166963,5,SKU002,Warehouse C,7 Days,Brand Z,9980310388,95,791.4855323475413
876,Product C,Electronics,81,Supplier Z,13.79915168355954,1.843419161912041,64,SKU002,Warehouse A,30 Days,Brand Y,9750895185,90,726.1607419663791
877,Product A,Home,87,Supplier Z,9.002494998339273,3.235203337415985,88,SKU001,Warehouse C,15 Days,Brand Z,9230299493,74,281.3011738072331
878,Product B,Clothing,9,Supplier Y,27.83029490901468,4.799148405232026,90,SKU002,Warehouse A,15 Days,Brand Z,9888139909,85,847.505603537548
879,Product A,Electronics,2,Supplier X,42.13827180751505,3.434760516801419,21,SKU002,Warehouse C,7 Days,Brand Z,9016259435,35,433.2306466762325
880,Product B,Clothing,63,Supplier X,7.641408886294615,2.21329248095064,16,SKU003,Warehouse C,15 Days,Brand Y,9522438116,86,279.5181370809842
881,Product C,Electronics,96,Supplier Z,1.636717030210932,3.554279112269816,58,SKU003,Warehouse A,7 Days,Brand Z,9549458989,22,390.3191503739279
882,Product C,Home,51,Supplier X,12.34058725770181,3.49936919039115,28,SKU003,Warehouse C,30 Days,Brand Z,9762962181,54,837.5761351163428
883,Product A,Electronics,31,Supplier X,48.98603217269054,3.387700542918617,66,SKU001,Warehouse B,7 Days,Brand X,9187742676,26,157.1468834221062
884,Product A,Electronics,7,Supplier Y,41.43790368716697,1.637704827553208,16,SKU003,Warehouse A,15 Days,Brand Z,9776474234,97,461.5971537086243
885,Product B,Home,30,Supplier Y,29.79330267642983,3.538267197379977,1,SKU001,Warehouse B,7 Days,Brand Y,9538868957,19,497.4340185841948
886,Product B,Clothing,58,Supplier Y,46.4624457621568,2.720657810057999,31,SKU003,Warehouse C,15 Days,Brand Y,9091347035,14,46.26340062283121
887,Product A,Home,3,Supplier Z,22.26395584186223,1.074368234492133,21,SKU002,Warehouse C,30 Days,Brand Z,9100759443,41,203.7885692526837
888,Product B,Electronics,51,Supplier Y,49.1640301287587,3.159057948589981,96,SKU002,Warehouse B,15 Days,Brand X,9925962258,3,828.4750042900979
889,Product A,Home,56,Supplier Y,14.8151022559642,4.95706698087367,57,SKU003,Warehouse A,15 Days,Brand Z,9350488845,28,832.4597147088131
890,Product B,Electronics,73,Supplier X,12.01528747579695,2.398958363375934,52,SKU003,Warehouse B,15 Days,Brand Z,9120951360,54,299.4909330454055
891,Product A,Home,10,Supplier Y,31.90241005735055,4.862236873274632,85,SKU001,Warehouse C,15 Days,Brand Z,9941059802,74,876.148262251947
892,Product A,Home,61,Supplier Z,18.90769839751802,1.384822966650378,46,SKU002,Warehouse A,15 Days,Brand Y,9240203763,48,774.0651096776644
893,Product A,Clothing,50,Supplier Y,31.31827709881289,3.929800463469225,3,SKU003,Warehouse B,15 Days,Brand Z,9312519519,70,423.7284089574553
894,Product B,Electronics,47,Supplier Z,15.24977591513429,1.457319978651341,37,SKU003,Warehouse B,7 Days,Brand Y,9692544156,74,750.9222809609875
895,Product B,Clothing,90,Supplier X,30.89591284189955,2.094286294221097,12,SKU002,Warehouse A,30 Days,Brand X,9034683294,53,961.7212848828582
896,Product B,Electronics,1,Supplier X,13.78731302925182,3.283363341288497,60,SKU003,Warehouse B,7 Days,Brand Z,9131839640,32,464.3800208846953
897,Product A,Home,94,Supplier Y,2.548603440944497,3.371118775906996,86,SKU002,Warehouse A,30 Days,Brand Y,9290899190,93,246.0429071639488
898,Product B,Electronics,57,Supplier X,45.60679509615917,4.100845268936685,63,SKU003,Warehouse A,7 Days,Brand Y,9336979654,95,942.3983350496543
899,Product B,Clothing,38,Supplier Y,44.16026009367311,3.461245628909757,76,SKU002,Warehouse B,30 Days,Brand Y,9111021798,36,607.7068456776238
900,Product A,Clothing,62,Supplier X,48.5399074636336,3.374458817522243,83,SKU001,Warehouse A,30 Days,Brand Z,9032699693,76,114.212510855621
901,Product C,Clothing,79,Supplier Z,35.82635881107024,4.649412347956553,32,SKU003,Warehouse A,7 Days,Brand X,9745689011,6,576.9559876981226
902,Product A,Electronics,89,Supplier X,34.13605888676515,2.808643008836629,97,SKU003,Warehouse C,7 Days,Brand Y,9869644303,23,505.5750805538157
903,Product B,Clothing,70,Supplier Y,27.95015350374154,1.90106311478022,37,SKU003,Warehouse C,30 Days,Brand Z,9195596907,54,857.0330051348077
904,Product A,Clothing,82,Supplier Y,6.297120817626134,1.647154340094521,28,SKU001,Warehouse C,15 Days,Brand Y,9542480886,10,535.3882378658861
905,Product C,Clothing,65,Supplier Y,9.461765547463502,2.599978387237999,60,SKU003,Warehouse B,30 Days,Brand Y,9447593866,94,262.6801100008406
906,Product A,Home,62,Supplier Z,14.47348443362681,3.851011020774783,31,SKU003,Warehouse B,15 Days,Brand Z,9402878225,77,678.8876232262396
907,Product B,Home,56,Supplier X,44.50781812866972,1.170173939719604,10,SKU002,Warehouse B,30 Days,Brand Y,9676079467,43,547.1496980102244
908,Product C,Electronics,67,Supplier Y,8.648476230153756,1.516213546037624,17,SKU003,Warehouse B,15 Days,Brand Y,9106748599,89,240.7141819842037
909,Product B,Electronics,17,Supplier Z,46.14365872439453,1.424453840414558,44,SKU003,Warehouse A,7 Days,Brand Z,9857633769,64,577.8915793634787
910,Product C,Clothing,8,Supplier Z,26.13928665257086,3.341000612205835,20,SKU002,Warehouse A,7 Days,Brand X,9781928631,5,823.3202221107892
911,Product C,Home,60,Supplier Z,35.77848177365361,1.971458602125065,11,SKU001,Warehouse C,15 Days,Brand X,9986915256,30,38.28520854677033
912,Product A,Clothing,40,Supplier X,5.512224334028327,1.665037713205586,19,SKU001,Warehouse A,15 Days,Brand X,9371737156,42,634.5425282586606
913,Product A,Clothing,81,Supplier X,13.45167743879555,3.371082878972089,6,SKU002,Warehouse B,15 Days,Brand X,9639683833,11,356.0893438265481
914,Product B,Home,89,Supplier X,47.92593040907131,4.045239661809517,90,SKU001,Warehouse A,15 Days,Brand Z,9731283831,64,299.7447313018299
915,Product A,Home,62,Supplier Z,13.30749734648657,2.328619665810657,70,SKU001,Warehouse C,7 Days,Brand Z,9442471881,51,398.6618728575002
916,Product A,Home,41,Supplier X,14.82608601955731,3.312818422706385,1,SKU003,Warehouse B,30 Days,Brand X,9885395161,69,348.6024376055018
917,Product C,Electronics,12,Supplier Y,9.879869242053974,1.392497652797841,42,SKU003,Warehouse A,7 Days,Brand Z,9431504471,92,833.9167156413572
918,Product A,Electronics,93,Supplier Z,6.453683265341476,4.74076412183028,96,SKU003,Warehouse C,30 Days,Brand X,9904272217,29,282.0498326602216
919,Product C,Clothing,89,Supplier X,11.6628820726999,2.347584741259091,20,SKU001,Warehouse A,7 Days,Brand Y,9885876495,76,735.8214928755195
920,Product C,Electronics,54,Supplier Z,32.11634459753992,4.990022772694005,28,SKU003,Warehouse C,15 Days,Brand Y,9608994008,93,103.1192220263028
921,Product C,Home,89,Supplier Z,22.76838667517818,4.914351023399128,31,SKU001,Warehouse C,7 Days,Brand Y,9262567781,75,951.8824087595714
922,Product B,Home,93,Supplier X,27.68779181689493,4.115293797343246,44,SKU003,Warehouse C,7 Days,Brand X,9254323077,73,626.0934708760662
923,Product B,Electronics,11,Supplier Z,6.118241438301214,1.080268381627867,75,SKU001,Warehouse B,15 Days,Brand Y,9272830643,54,709.6513912741145
924,Product B,Clothing,60,Supplier X,40.10582235814501,3.173899681537453,76,SKU002,Warehouse A,15 Days,Brand X,9566549116,38,305.0589387735065
925,Product C,Clothing,68,Supplier X,39.2047350289924,1.347345681760046,58,SKU002,Warehouse A,7 Days,Brand Z,9102533495,73,417.9756030210335
926,Product B,Electronics,78,Supplier X,1.079495557133769,4.580552103846065,2,SKU003,Warehouse B,7 Days,Brand Y,9784259254,81,231.5406024082665
927,Product B,Clothing,46,Supplier Z,19.17575472551525,4.158545010589611,38,SKU001,Warehouse B,30 Days,Brand Y,9136375115,5,933.2107249442017
928,Product A,Clothing,38,Supplier Z,3.438530098557391,4.889361506382732,50,SKU002,Warehouse A,30 Days,Brand Y,9777832776,55,493.2234026303639
929,Product B,Clothing,61,Supplier X,39.60528897074791,3.433531812599182,7,SKU002,Warehouse B,7 Days,Brand Z,9911648688,7,634.14363450141
930,Product B,Home,17,Supplier Z,36.86348415628522,3.088691217937352,45,SKU003,Warehouse B,30 Days,Brand X,9172005865,83,736.9293102254082
931,Product C,Home,66,Supplier X,45.0994047146578,3.07589542377755,65,SKU003,Warehouse A,15 Days,Brand Y,9802384567,54,377.3950301885436
932,Product C,Electronics,72,Supplier Y,11.82019794765573,2.54579349781738,5,SKU001,Warehouse C,7 Days,Brand Y,9115485480,15,722.9006379937498
933,Product C,Home,36,Supplier Z,22.81479415638994,2.874760268916564,57,SKU002,Warehouse B,7 Days,Brand X,9127559391,1,679.2325648587768
934,Product C,Clothing,74,Supplier Z,9.224393858219887,3.541650332541401,40,SKU001,Warehouse A,30 Days,Brand Y,9888804806,63,708.6027405352071
935,Product C,Home,7,Supplier Y,18.56174672370597,4.731790430225109,78,SKU001,Warehouse A,7 Days,Brand Y,9226456543,10,494.3376012025668
936,Product C,Electronics,16,Supplier Y,26.1121625783442,3.383537353024124,53,SKU003,Warehouse A,7 Days,Brand Y,9084990968,87,389.1080084687009
937,Product B,Home,14,Supplier Y,2.666539491929449,4.428463769269468,75,SKU001,Warehouse B,15 Days,Brand X,9598644585,82,229.8613663268999
938,Product C,Clothing,80,Supplier X,35.74352053386926,4.451119645210003,40,SKU001,Warehouse C,7 Days,Brand Y,9101799351,3,826.380089272884
939,Product C,Clothing,25,Supplier X,27.16466801855376,3.075330703393037,47,SKU002,Warehouse C,30 Days,Brand Z,9739182456,2,612.2665460663619
940,Product A,Electronics,4,Supplier Y,41.44795086053367,2.389878565990486,95,SKU001,Warehouse A,15 Days,Brand X,9933588568,14,449.9086741365201
941,Product B,Home,29,Supplier X,13.58902505955986,3.558295493328324,69,SKU002,Warehouse B,30 Days,Brand Y,9431541984,67,944.5559476435053
942,Product B,Home,56,Supplier Z,45.16605526346272,2.783509367659371,26,SKU002,Warehouse B,7 Days,Brand Z,9758872562,42,57.36042438196842
943,Product B,Home,6,Supplier Y,49.93471265152217,1.325763469287732,46,SKU001,Warehouse C,30 Days,Brand Z,9069199806,80,851.6702257529971
944,Product C,Clothing,1,Supplier Z,45.96492191888373,2.511236401729735,76,SKU001,Warehouse C,30 Days,Brand Z,9101436021,8,997.6067670165127
945,Product C,Electronics,39,Supplier X,38.89462379165771,4.9762885521973,22,SKU002,Warehouse B,15 Days,Brand Z,9977532059,24,888.0726897740386
946,Product C,Home,1,Supplier Y,40.61844014368904,1.194047480105149,73,SKU001,Warehouse C,7 Days,Brand Z,9088856010,64,812.332219759469
947,Product A,Clothing,63,Supplier X,28.68721212722932,3.786667647603707,13,SKU002,Warehouse A,15 Days,Brand Y,9544810654,65,380.5629334722614
948,Product C,Clothing,57,Supplier Z,9.507693145630524,4.364754820284988,60,SKU001,Warehouse C,7 Days,Brand Z,9265484470,54,239.0010404396706
949,Product A,Clothing,67,Supplier X,33.85203425738587,3.594903613901515,66,SKU002,Warehouse B,15 Days,Brand X,9360747443,44,737.502015294605
950,Product B,Home,65,Supplier Z,35.63765010299657,3.27899292465316,75,SKU002,Warehouse A,7 Days,Brand Y,9420316873,32,311.5296126256827
951,Product C,Home,65,Supplier X,49.26925701339528,3.83021766791503,24,SKU003,Warehouse B,15 Days,Brand Y,9963679809,21,184.279285333421
952,Product A,Home,21,Supplier Z,27.06506581281609,2.717370949198623,64,SKU001,Warehouse C,7 Days,Brand Z,9268140589,41,788.6606282325554
953,Product A,Home,30,Supplier X,13.56845075125282,1.365446949235507,95,SKU002,Warehouse C,15 Days,Brand Z,9485660419,75,319.418215714355
954,Product C,Home,96,Supplier Y,34.18362608697534,4.849487017213526,23,SKU002,Warehouse A,30 Days,Brand Y,9053413781,26,915.297312192465
955,Product B,Home,33,Supplier Y,48.96879098332273,2.729203079936784,52,SKU001,Warehouse A,15 Days,Brand X,9529291180,10,842.226318370934
956,Product B,Home,48,Supplier X,8.8606954134547,3.66155694867207,72,SKU001,Warehouse A,30 Days,Brand Y,9938897651,41,849.1639262141626
957,Product B,Home,22,Supplier Z,16.29989592678013,3.125241747557181,49,SKU001,Warehouse A,15 Days,Brand Y,9637722779,77,773.8540287952679
958,Product A,Home,94,Supplier X,27.09404768863405,1.218692287910218,0,SKU003,Warehouse C,30 Days,Brand Z,9157265289,77,882.0726095369893
959,Product A,Clothing,54,Supplier Y,8.51073174410024,4.810986403970154,38,SKU001,Warehouse B,7 Days,Brand X,9038323137,21,807.689423256339
960,Product A,Home,4,Supplier Z,1.111031975996918,4.170148904457293,73,SKU003,Warehouse C,30 Days,Brand Z,9538736888,8,606.4862499389814
961,Product A,Electronics,87,Supplier X,16.84915612206253,1.59639157787758,43,SKU001,Warehouse C,7 Days,Brand Z,9801293232,78,302.8644913960445
962,Product B,Clothing,55,Supplier X,43.2685400750529,4.926595505153067,93,SKU003,Warehouse A,30 Days,Brand Z,9331636318,96,889.3271012820076
963,Product C,Home,44,Supplier Z,2.173419966185741,3.947605488686832,4,SKU001,Warehouse A,7 Days,Brand Z,9684172542,56,842.19758654546
964,Product A,Electronics,89,Supplier X,21.44645295084587,2.889286601713235,67,SKU003,Warehouse B,30 Days,Brand X,9013067625,82,478.1505289884396
965,Product A,Home,12,Supplier Y,38.11003864630413,3.445480226238293,71,SKU002,Warehouse B,15 Days,Brand Z,9638873558,30,48.68789914193564
966,Product B,Electronics,81,Supplier Y,47.65912984554426,1.42694672805839,79,SKU003,Warehouse C,7 Days,Brand Z,9262147919,17,642.1582901278944
967,Product C,Electronics,79,Supplier Z,49.27376995022161,3.241646040062444,64,SKU003,Warehouse B,7 Days,Brand X,9873359048,11,60.09088513981592
968,Product C,Electronics,74,Supplier X,21.09846903043708,1.294644288068238,78,SKU002,Warehouse A,30 Days,Brand Y,9385837874,39,927.0171622299232
969,Product B,Electronics,99,Supplier X,47.51921471895588,3.179421028477208,87,SKU001,Warehouse A,15 Days,Brand Z,9232429482,44,962.014944059054
970,Product B,Clothing,52,Supplier Y,1.770948664043187,3.210782755051142,14,SKU002,Warehouse A,7 Days,Brand Y,9226552184,48,197.5952444406082
971,Product C,Clothing,93,Supplier Z,37.29584689992782,4.497755140642976,49,SKU002,Warehouse C,7 Days,Brand Z,9739750040,0,679.6254842743608
972,Product A,Electronics,76,Supplier Z,32.13730173168064,3.900230001089176,5,SKU002,Warehouse B,15 Days,Brand Z,9632196862,97,101.3463145171351
973,Product C,Home,65,Supplier Z,12.47609287930761,1.99820956886048,65,SKU003,Warehouse A,15 Days,Brand X,9997337859,6,732.2217592873909
974,Product B,Electronics,65,Supplier Y,25.36592503398245,4.553704568751428,68,SKU002,Warehouse C,15 Days,Brand X,9320977135,1,353.8147894911478
975,Product A,Clothing,10,Supplier Y,6.477686888024781,3.292970659392023,38,SKU001,Warehouse C,7 Days,Brand Y,9880688587,85,684.2396106131408
976,Product A,Home,18,Supplier Z,43.57985754757805,3.425517914296135,97,SKU003,Warehouse C,30 Days,Brand Z,9049736855,3,379.1477441101561
977,Product B,Clothing,47,Supplier Z,17.8949042772824,1.675925476888713,95,SKU003,Warehouse B,30 Days,Brand X,9652694967,44,154.1118347349034
978,Product B,Clothing,66,Supplier X,31.30222352328583,4.431094383876456,28,SKU002,Warehouse B,7 Days,Brand Z,9992184922,45,412.0488806975323
979,Product B,Home,49,Supplier X,7.938814314363113,4.723860460066176,92,SKU003,Warehouse B,7 Days,Brand Z,9444408047,83,121.5467913684421
980,Product C,Electronics,72,Supplier Z,10.30824223156035,4.099962597979633,87,SKU001,Warehouse C,7 Days,Brand Y,9899714230,66,581.1144422271764
981,Product C,Electronics,22,Supplier Y,49.5978185401576,4.763009810580025,45,SKU003,Warehouse C,7 Days,Brand Z,9918649141,8,50.54201682798498
982,Product A,Electronics,86,Supplier Y,37.65431972206647,2.209199616489383,30,SKU002,Warehouse B,15 Days,Brand X,9016488706,81,532.0464828038611
983,Product B,Electronics,26,Supplier X,48.09859348870354,4.444476673451085,23,SKU002,Warehouse A,7 Days,Brand Y,9249388491,56,887.5049606245855
984,Product A,Home,90,Supplier Z,14.79255826060221,2.95557257145497,14,SKU002,Warehouse B,7 Days,Brand X,9464122286,15,839.4945374181691
985,Product A,Home,9,Supplier Y,8.22814383099102,1.65566881177434,75,SKU003,Warehouse C,7 Days,Brand Y,9105685491,50,883.9538826302318
986,Product A,Home,21,Supplier Y,25.15342317394155,3.675202396133605,19,SKU002,Warehouse C,15 Days,Brand Y,9662384413,51,922.8283141058362
987,Product A,Clothing,95,Supplier Y,24.73341411136717,3.736481082823516,3,SKU003,Warehouse C,15 Days,Brand Z,9741595211,8,113.4826089969373
988,Product B,Home,63,Supplier Y,8.747325687899393,2.147698055026761,57,SKU002,Warehouse C,15 Days,Brand Y,9289870120,82,137.4597308469559
989,Product A,Electronics,6,Supplier X,36.66097847907051,1.10997332651028,76,SKU002,Warehouse C,7 Days,Brand Y,9464289129,5,561.4367382499973
990,Product B,Clothing,14,Supplier Y,18.0888767219367,1.799389036342253,60,SKU002,Warehouse C,15 Days,Brand Z,9200599734,43,895.0329417401849
991,Product B,Electronics,33,Supplier Y,9.318261546525864,2.599110190695547,9,SKU001,Warehouse B,7 Days,Brand Y,9810857530,78,974.6059619587904
992,Product C,Electronics,71,Supplier Z,16.59916972716442,1.670251644239474,40,SKU001,Warehouse C,7 Days,Brand Y,9570924583,5,55.79929816659996
993,Product B,Home,24,Supplier Z,28.18293498175076,1.776119792958417,52,SKU002,Warehouse C,30 Days,Brand X,9081702444,4,362.2163433586535
994,Product C,Home,73,Supplier X,36.32354660902216,2.565562657529078,86,SKU002,Warehouse C,15 Days,Brand X,9842868117,92,220.7653121133935
995,Product B,Electronics,75,Supplier X,24.09454430287423,4.847146457234242,70,SKU003,Warehouse C,30 Days,Brand Z,9548427483,45,758.4061904419356
996,Product B,Electronics,87,Supplier X,26.27974949141867,4.056974061630593,75,SKU003,Warehouse C,30 Days,Brand Y,9472680208,26,643.7919298516616
997,Product B,Clothing,51,Supplier X,6.94729679713742,2.278993604906256,47,SKU001,Warehouse A,15 Days,Brand Z,9379233466,44,128.6891511690069
998,Product C,Home,2,Supplier Y,45.73454623541161,4.806416275674193,14,SKU003,Warehouse B,15 Days,Brand Z,9006418283,40,488.6868466913218
999,Product C,Clothing,15,Supplier Z,46.43620989960222,3.582587169034931,6,SKU003,Warehouse B,30 Days,Brand Z,9384901103,89,688.5861171475784
1000,Product A,Clothing,35,Supplier Y,34.17132952090019,2.821798578560561,71,SKU003,Warehouse A,7 Days,Brand X,9885674282,27,781.2153399847973
1001,Product C,Clothing,36,Supplier Y,0.8815704467012353,2.873200795820588,70,SKU003,Warehouse A,30 Days,Brand Z,9565214399,53,29.85218268616844
1002,Product C,Electronics,92,Supplier Y,26.8537107951663,2.642977871341567,42,SKU001,Warehouse C,15 Days,Brand Y,9376289970,31,891.5648782440509
1003,Product C,Clothing,39,Supplier Z,31.46094860443068,1.931968210183759,3,SKU001,Warehouse B,7 Days,Brand X,9927765052,88,573.5885691210192
1004,Product C,Clothing,4,Supplier X,49.7327111479055,2.546528768854823,50,SKU003,Warehouse B,30 Days,Brand X,9105103276,52,813.7900238103057
1005,Product A,Electronics,64,Supplier X,49.80334775973984,3.11158553617357,70,SKU003,Warehouse A,30 Days,Brand X,9041854082,70,809.8586497141406
1006,Product C,Home,74,Supplier Z,42.88056176627787,3.112109402920884,58,SKU001,Warehouse B,30 Days,Brand Y,9975197944,29,197.9541336682595
1007,Product B,Home,6,Supplier Z,3.191549601305677,4.046947608850072,40,SKU002,Warehouse B,15 Days,Brand Z,9503759523,52,119.0703990510968
1008,Product B,Clothing,57,Supplier X,47.66381953893649,2.43519142862941,60,SKU003,Warehouse C,30 Days,Brand Z,9631909342,30,724.0743962840884
1009,Product C,Electronics,30,Supplier Y,30.63306235759995,3.86719211721581,29,SKU002,Warehouse C,15 Days,Brand X,9903068151,11,164.8626496334029
1010,Product C,Home,99,Supplier X,40.04433852395897,3.312367355074739,17,SKU003,Warehouse C,7 Days,Brand X,9012176590,8,851.4381164906765
1011,Product B,Clothing,74,Supplier Z,20.35964248429268,4.847381618107338,29,SKU001,Warehouse B,7 Days,Brand Z,9224766189,97,728.9275890234841
1012,Product B,Clothing,96,Supplier X,15.98347356172949,2.541139704135931,6,SKU003,Warehouse B,30 Days,Brand Y,9544934079,66,843.4071107216099
1013,Product A,Electronics,67,Supplier X,23.1622072741904,4.604865857043161,51,SKU002,Warehouse C,15 Days,Brand X,9089941019,36,306.0225528132526
1014,Product B,Clothing,90,Supplier X,7.343725648441346,4.282570189193158,47,SKU001,Warehouse C,30 Days,Brand X,9492547178,27,323.4320798064633
1015,Product B,Home,15,Supplier Z,17.8533069376653,3.550657138357828,22,SKU003,Warehouse B,7 Days,Brand Y,9305786078,85,674.5093407828545
1016,Product C,Electronics,17,Supplier Z,42.88087498841393,3.618057866968469,36,SKU003,Warehouse B,15 Days,Brand X,9433550715,25,41.13149550835806
1017,Product B,Home,91,Supplier X,1.897524313044074,1.338599738425643,70,SKU001,Warehouse A,7 Days,Brand Y,9225329580,82,729.2317788740485
1018,Product A,Home,18,Supplier X,7.543902341230224,4.800898422373729,92,SKU003,Warehouse C,7 Days,Brand Z,9906381395,20,837.4252401460552
1019,Product B,Home,19,Supplier Y,6.255807982474276,1.427744253982976,97,SKU001,Warehouse C,15 Days,Brand Z,9546922993,9,421.011950738063
1020,Product C,Clothing,76,Supplier Y,20.1537771350114,3.252933234974028,52,SKU003,Warehouse C,15 Days,Brand X,9750692588,79,767.230041787584
1021,Product C,Clothing,88,Supplier X,49.84934504454309,2.320283201796618,44,SKU001,Warehouse B,15 Days,Brand Z,9281950356,23,182.8648078124393
1022,Product B,Home,69,Supplier Z,8.667896510569134,2.719407913159407,48,SKU003,Warehouse B,30 Days,Brand Y,9356912922,24,329.0377898812898
1023,Product C,Home,24,Supplier Y,7.274132479963008,3.440732043347268,48,SKU001,Warehouse A,30 Days,Brand X,9278528850,51,974.5619134793726
1024,Product A,Electronics,91,Supplier X,45.75278648880772,4.635405511529287,81,SKU001,Warehouse A,15 Days,Brand Y,9792439395,89,986.464891824525
1025,Product A,Electronics,48,Supplier Y,44.10252584829828,2.830268494289206,46,SKU003,Warehouse C,15 Days,Brand Z,9352308043,0,517.4790024913721
1026,Product B,Clothing,30,Supplier Y,1.612018499827722,4.950918221225765,24,SKU001,Warehouse A,30 Days,Brand Z,9640050210,52,934.9270935492382
1027,Product B,Clothing,15,Supplier Y,37.58529800896575,3.371248261405999,90,SKU003,Warehouse B,15 Days,Brand Z,9572699567,67,527.5033712762861
1028,Product B,Electronics,47,Supplier Z,32.77328507382148,1.642215770568698,26,SKU003,Warehouse A,7 Days,Brand X,9925403232,77,298.6722468795458
1029,Product C,Home,44,Supplier X,38.38704049263545,1.760037179325009,11,SKU003,Warehouse A,15 Days,Brand Y,9120643427,23,274.2302952177841
1030,Product A,Clothing,98,Supplier Z,24.72512273979611,3.864444142357004,22,SKU001,Warehouse B,30 Days,Brand X,9779021544,26,930.2106483144673
1031,Product A,Home,27,Supplier Z,49.56896092241478,1.201591176973527,16,SKU003,Warehouse C,15 Days,Brand Z,9618666390,26,180.7219250841205
1032,Product C,Electronics,84,Supplier Y,2.19235093554816,2.921366304888907,43,SKU001,Warehouse C,15 Days,Brand Z,9691231679,87,583.8361336198
1033,Product A,Clothing,64,Supplier X,11.71857932019029,1.592876439214066,70,SKU002,Warehouse A,7 Days,Brand X,9313731596,64,559.9698173820924
1034,Product B,Clothing,41,Supplier Y,19.82729934868075,2.73287454071138,23,SKU002,Warehouse B,15 Days,Brand Y,9910583541,38,742.225467806465
1035,Product B,Electronics,96,Supplier Z,22.48889707828516,3.999669688286878,70,SKU002,Warehouse B,30 Days,Brand Z,9832730013,76,504.250478449527
1036,Product B,Clothing,68,Supplier Z,46.06837013497594,2.835251712965737,92,SKU003,Warehouse A,30 Days,Brand Y,9779976649,83,279.5628041010528
1037,Product A,Electronics,5,Supplier X,28.00021820386294,1.653804435923708,59,SKU001,Warehouse C,7 Days,Brand Z,9968810984,35,177.7025346352628
1038,Product B,Clothing,53,Supplier Z,2.255549776019694,2.00770148142657,52,SKU003,Warehouse C,7 Days,Brand X,9269251333,75,624.6106154708328
1039,Product C,Electronics,8,Supplier Z,20.39314817128309,2.47015835460873,91,SKU001,Warehouse C,30 Days,Brand Z,9278795486,68,721.8008492847008
1040,Product C,Clothing,22,Supplier X,20.82452061845349,1.278244733945659,86,SKU002,Warehouse B,15 Days,Brand X,9663036306,4,573.8260658952123
1041,Product A,Home,7,Supplier Y,48.27454692188924,3.337350544324488,73,SKU002,Warehouse B,30 Days,Brand X,9522156482,80,740.9677643499828
1042,Product C,Home,22,Supplier X,29.95985455105541,3.430135165112201,15,SKU002,Warehouse B,7 Days,Brand X,9587566665,9,150.1059904254605
1043,Product C,Home,46,Supplier Z,31.78255355794694,1.24860770853027,97,SKU003,Warehouse C,30 Days,Brand Z,9106145545,15,883.6454929937041
1044,Product A,Clothing,30,Supplier X,35.66265156256354,2.609245284696648,24,SKU003,Warehouse A,7 Days,Brand Y,9195002551,87,586.571553324418
1045,Product B,Clothing,16,Supplier Y,38.50196578410616,2.6560027315389,65,SKU001,Warehouse B,30 Days,Brand Y,9527816980,92,135.5754876236712
1046,Product B,Home,79,Supplier Z,31.75255351012446,2.335278274210405,49,SKU001,Warehouse B,15 Days,Brand Z,9062239614,52,467.3059521636777
1047,Product B,Home,5,Supplier Y,11.85971755669678,3.230958961324447,68,SKU002,Warehouse A,15 Days,Brand X,9412053047,13,846.3438204872523
1048,Product A,Electronics,67,Supplier Y,43.70229571705821,2.383829960240447,77,SKU003,Warehouse C,7 Days,Brand Y,9107476536,73,898.5865715186285
1049,Product C,Electronics,23,Supplier X,36.60599002053151,2.665637117911224,94,SKU003,Warehouse B,15 Days,Brand Y,9512507265,28,272.0030099487739
1050,Product B,Electronics,61,Supplier Y,37.09352425484779,4.190094189766422,39,SKU001,Warehouse C,7 Days,Brand Z,9578094572,27,714.1531664633485
1051,Product B,Home,74,Supplier X,49.82783696173746,1.648437421720806,5,SKU001,Warehouse B,15 Days,Brand X,9855039270,16,108.9853950089389
1052,Product A,Home,5,Supplier X,40.1263267431658,3.476458781213684,63,SKU003,Warehouse B,30 Days,Brand Y,9529371196,68,43.21041269803624
1053,Product B,Home,23,Supplier Y,41.45757015775766,3.022377606763382,27,SKU003,Warehouse A,15 Days,Brand Z,9870573740,65,564.7949642817433
1054,Product A,Electronics,79,Supplier X,47.57027578550792,2.220286549917396,8,SKU001,Warehouse A,30 Days,Brand Z,9184619997,35,697.8793035348447
1055,Product C,Clothing,82,Supplier X,7.556699992444694,3.910138625961643,5,SKU003,Warehouse A,7 Days,Brand X,9383127149,45,797.828863864737
1056,Product A,Home,25,Supplier Y,24.88636882390339,3.204753438164592,16,SKU003,Warehouse A,15 Days,Brand Z,9203286427,44,346.8140760707813
1057,Product A,Clothing,8,Supplier Z,29.02835117953938,2.909446107842781,39,SKU002,Warehouse C,15 Days,Brand X,9286470289,8,16.46015632459812
1058,Product A,Clothing,95,Supplier X,16.46378646112288,3.6706772590848,98,SKU003,Warehouse C,30 Days,Brand Y,9878470669,35,484.7240447402403
1059,Product A,Clothing,21,Supplier X,41.97016719472528,4.209161231925443,75,SKU003,Warehouse C,7 Days,Brand Z,9105001142,4,25.69500991983131
1060,Product C,Electronics,2,Supplier Y,38.12098108228617,4.890675160134305,44,SKU003,Warehouse A,15 Days,Brand Y,9096194874,78,101.0646655640919
1061,Product C,Clothing,22,Supplier X,36.0441537254062,3.517401473505494,81,SKU001,Warehouse B,7 Days,Brand X,9388935532,72,333.4221323064309
1062,Product B,Home,72,Supplier Y,49.85747198790834,4.497759941601531,42,SKU002,Warehouse C,7 Days,Brand X,9532624018,88,442.8003290645754
1063,Product C,Electronics,87,Supplier Z,12.96906867041953,1.004366164091828,97,SKU001,Warehouse A,15 Days,Brand X,9760318695,49,286.6747468173521
1064,Product C,Home,96,Supplier Z,36.77286258377107,3.120942770903565,45,SKU002,Warehouse A,30 Days,Brand Z,9798098403,27,586.0466138396607
1065,Product B,Home,72,Supplier Y,27.57022374529503,1.858590195080792,62,SKU002,Warehouse A,7 Days,Brand Z,9396233512,26,64.79629132591424
1066,Product C,Electronics,68,Supplier Z,15.6494591246938,1.376769828332549,0,SKU003,Warehouse C,7 Days,Brand Z,9037610123,46,153.1339131371889
1067,Product A,Home,64,Supplier Y,8.029343536156292,3.127884068257568,58,SKU002,Warehouse B,15 Days,Brand Y,9060094099,32,698.3058167478792
1068,Product A,Home,94,Supplier X,44.79419185337736,3.987306024596376,62,SKU002,Warehouse C,7 Days,Brand Y,9084843425,96,150.7194450619386
1069,Product B,Electronics,19,Supplier Z,29.77277413539226,2.649090089897519,78,SKU003,Warehouse A,15 Days,Brand Z,9804955004,37,643.3774495547182
1070,Product B,Home,87,Supplier X,41.24669188203973,3.68042979737774,17,SKU003,Warehouse A,7 Days,Brand Y,9861673507,7,64.13777454583189
1071,Product B,Clothing,82,Supplier X,27.26724920007724,2.9588770153638,85,SKU002,Warehouse A,30 Days,Brand X,9291662612,3,413.308456327949
1072,Product A,Home,53,Supplier Y,10.99885403270098,2.748343463837704,81,SKU001,Warehouse C,30 Days,Brand Z,9025151442,35,185.6353754199705
1073,Product C,Clothing,93,Supplier Z,16.87744065501626,2.161026561743443,64,SKU002,Warehouse B,30 Days,Brand X,9467166248,30,118.5399197098346
1074,Product A,Home,87,Supplier Z,19.07694212367733,2.530374058004018,19,SKU001,Warehouse C,30 Days,Brand X,9391407998,73,571.3624556662153
1075,Product B,Electronics,97,Supplier X,48.64674062518512,2.399182523177712,55,SKU001,Warehouse A,15 Days,Brand X,9043606184,48,929.0524142855655
1076,Product C,Electronics,52,Supplier X,0.281663919069125,3.584748736059526,53,SKU002,Warehouse A,15 Days,Brand Y,9560038058,40,64.23917744431334
1077,Product C,Home,47,Supplier Y,49.28330115122535,1.464074045116558,47,SKU001,Warehouse A,15 Days,Brand X,9998108615,7,427.3387057358539
1078,Product A,Electronics,82,Supplier Z,49.02308175549153,1.370545474751224,99,SKU002,Warehouse C,15 Days,Brand Y,9692271701,29,710.4600833679892
1079,Product B,Home,54,Supplier Y,49.80753952650683,3.640051976833842,53,SKU001,Warehouse C,15 Days,Brand X,9440913386,13,468.0609533709488
1080,Product A,Electronics,44,Supplier Y,23.82940894598173,3.185192279515523,88,SKU001,Warehouse C,30 Days,Brand Z,9101270821,44,808.4309866441928
1081,Product C,Clothing,97,Supplier Y,48.19044848104998,2.72080038697063,15,SKU002,Warehouse A,7 Days,Brand X,9740155025,98,187.8488627054904
1082,Product A,Home,7,Supplier Z,19.77995909249137,1.609771537631614,19,SKU003,Warehouse C,7 Days,Brand X,9941982983,45,959.9982629774631
1083,Product A,Clothing,92,Supplier Y,1.314722033419335,2.644108447477246,46,SKU003,Warehouse B,30 Days,Brand Z,9371058934,66,391.3110014948151
1084,Product B,Clothing,1,Supplier Z,11.21735931858823,4.158927053280046,96,SKU002,Warehouse B,30 Days,Brand Y,9386340801,92,348.1539366148324
1085,Product B,Home,63,Supplier Y,47.26481224686923,4.558484943157028,6,SKU002,Warehouse B,15 Days,Brand Z,9216707219,15,875.8597365581343
1086,Product C,Clothing,98,Supplier X,0.688234666769999,3.810306279856881,22,SKU003,Warehouse C,15 Days,Brand X,9747114436,9,568.2283615728489
1087,Product A,Home,39,Supplier Y,27.29970677114875,1.239648703523523,74,SKU003,Warehouse A,7 Days,Brand X,9264073577,67,521.2798984837933
1088,Product A,Clothing,19,Supplier Y,3.780079444733953,3.681639106404474,32,SKU001,Warehouse A,7 Days,Brand Y,9120367325,51,729.7081403331466
1089,Product A,Home,31,Supplier Z,14.31982892137892,1.963942358185178,39,SKU001,Warehouse A,15 Days,Brand X,9681484945,49,584.0358958982795
1090,Product C,Home,77,Supplier X,4.404642535594333,2.26100497210562,4,SKU001,Warehouse A,15 Days,Brand X,9291197035,67,170.8904883095442
1091,Product C,Electronics,24,Supplier X,42.97643105565282,1.783492831839938,44,SKU003,Warehouse A,30 Days,Brand Y,9474734523,1,677.4556466362803
1092,Product B,Home,69,Supplier Z,29.55353548238529,4.103023162480818,40,SKU002,Warehouse C,15 Days,Brand Y,9336139478,74,142.1341904893072
1093,Product B,Home,87,Supplier Z,45.10532328591565,3.594408490549116,7,SKU001,Warehouse B,30 Days,Brand Y,9883121908,78,807.7991282807213
1094,Product B,Clothing,83,Supplier X,34.41765997701142,3.447340218396723,80,SKU002,Warehouse C,15 Days,Brand Y,9167005313,74,989.8392317351482
1095,Product A,Home,65,Supplier Z,48.55145656225498,3.671890438677104,81,SKU003,Warehouse A,7 Days,Brand X,9658538409,86,383.6137487250285
1096,Product A,Electronics,33,Supplier X,25.49388273802033,1.947089045615614,49,SKU001,Warehouse C,30 Days,Brand Y,9123085375,93,450.3083392199924
1097,Product B,Clothing,59,Supplier Y,31.93552908814373,2.778577657301446,90,SKU003,Warehouse C,7 Days,Brand Y,9150905131,59,55.96931892798418
1098,Product A,Clothing,33,Supplier Y,28.81544099445283,3.533014886195957,30,SKU002,Warehouse C,30 Days,Brand X,9485387698,49,23.5958562017525
1099,Product B,Electronics,32,Supplier X,24.21302147233064,3.546376110473202,3,SKU001,Warehouse A,30 Days,Brand Y,9984844132,0,922.2051415275644
1100,Product C,Clothing,59,Supplier X,42.29796827115063,4.167407451020522,65,SKU002,Warehouse A,7 Days,Brand X,9906761577,96,137.3378198348001
1101,Product B,Clothing,92,Supplier Y,32.22625678351801,2.148415866752442,55,SKU002,Warehouse A,7 Days,Brand Y,9653574367,36,451.3209600838756
1102,Product C,Clothing,41,Supplier Y,40.06561324277364,4.081344486787289,4,SKU001,Warehouse C,15 Days,Brand Y,9008264256,22,817.2010776170058
1103,Product A,Clothing,12,Supplier X,39.31819683012066,2.760737922467743,80,SKU001,Warehouse C,30 Days,Brand Z,9642162150,48,890.4255723290363
1104,Product B,Electronics,73,Supplier Z,9.552258032764765,3.680690768235739,53,SKU003,Warehouse B,15 Days,Brand X,9046206528,81,524.203708430633
1105,Product A,Electronics,11,Supplier Z,32.50817662588219,2.822877520261147,95,SKU001,Warehouse B,30 Days,Brand Y,9704329077,73,569.3821997261903
1106,Product C,Clothing,97,Supplier X,9.982400959066705,4.794440679163773,92,SKU001,Warehouse A,15 Days,Brand Z,9067324597,63,672.9871327386397
1107,Product C,Clothing,19,Supplier Z,29.16602391218854,1.717209058966578,79,SKU001,Warehouse B,7 Days,Brand Z,9222977008,16,961.7686454422781
1108,Product C,Electronics,54,Supplier Y,33.87173422231503,3.700020354329428,0,SKU001,Warehouse A,7 Days,Brand X,9812782699,70,606.6432613350601
1109,Product A,Electronics,57,Supplier Y,49.86175357937934,3.306140003072636,75,SKU001,Warehouse A,15 Days,Brand Z,9341326246,14,563.8805068617828
1110,Product A,Electronics,42,Supplier Z,1.527098907486918,1.690924163790978,82,SKU003,Warehouse C,7 Days,Brand X,9534844807,50,24.38879391333077
1111,Product A,Clothing,98,Supplier X,4.562119705686047,1.264025343246672,72,SKU002,Warehouse B,15 Days,Brand Z,9366061378,26,90.14020500213252
1112,Product A,Clothing,71,Supplier Y,3.851334818561575,4.196577555886654,60,SKU003,Warehouse A,30 Days,Brand X,9848064110,8,581.3999103577563
1113,Product C,Home,31,Supplier Y,19.918064313337,1.629805334585061,6,SKU002,Warehouse A,30 Days,Brand Y,9822990923,63,936.8779839291311
1114,Product C,Electronics,52,Supplier Y,41.07941807429069,1.746026731143104,29,SKU001,Warehouse B,7 Days,Brand X,9277694713,62,868.024434915401
1115,Product B,Clothing,2,Supplier Z,42.20281663935678,4.913736895956157,14,SKU003,Warehouse B,7 Days,Brand Z,9698339568,84,982.7531337622826
1116,Product B,Electronics,83,Supplier X,36.84897978605758,3.869043405906523,3,SKU002,Warehouse B,7 Days,Brand X,9563780833,52,532.5556971856613
1117,Product A,Clothing,38,Supplier Z,44.84391209149739,2.00194736640489,62,SKU002,Warehouse B,30 Days,Brand Y,9476474160,92,790.0516290533892
1118,Product C,Electronics,32,Supplier X,16.14299720847263,3.363795840606405,69,SKU001,Warehouse B,15 Days,Brand Y,9618180056,41,841.9963281744471
1119,Product C,Clothing,10,Supplier X,4.407732212614956,3.136447353610053,37,SKU001,Warehouse B,7 Days,Brand Z,9152921763,96,651.5513407575531
1120,Product C,Home,8,Supplier Z,2.907651399492506,4.37789307005539,46,SKU002,Warehouse B,15 Days,Brand Z,9475155718,69,345.3624051723622
1121,Product B,Home,90,Supplier Y,42.60663598096932,3.917282991330497,59,SKU003,Warehouse A,7 Days,Brand Z,9715999246,88,475.2786503112165
1122,Product B,Electronics,94,Supplier X,36.52181471768456,4.326884501972743,98,SKU002,Warehouse C,7 Days,Brand Y,9589445460,34,859.337901521132
1123,Product C,Clothing,75,Supplier Z,34.93076530055605,1.84602635190945,1,SKU003,Warehouse A,7 Days,Brand Y,9292315800,16,305.5624467223423
1124,Product C,Clothing,20,Supplier Y,16.98381692728344,3.560876817468021,68,SKU003,Warehouse A,15 Days,Brand Z,9120840687,43,924.505699953982
1125,Product C,Electronics,20,Supplier X,18.99525943091131,1.160963433673521,7,SKU002,Warehouse C,15 Days,Brand Y,9600147384,90,237.5082780084385
1126,Product B,Clothing,9,Supplier X,47.90567644496596,1.27576244911688,50,SKU003,Warehouse C,15 Days,Brand Y,9650523173,42,752.0212510052129
1127,Product C,Electronics,72,Supplier Y,3.190237204896751,3.854108130818389,93,SKU002,Warehouse C,30 Days,Brand Z,9190130212,88,634.2536420022809
1128,Product C,Clothing,15,Supplier X,38.68658684688963,1.097680410575725,18,SKU002,Warehouse B,30 Days,Brand Y,9317470479,75,752.1034467095546
1129,Product A,Electronics,98,Supplier Z,15.48166618541966,3.319060035602037,93,SKU001,Warehouse B,30 Days,Brand Z,9248191744,43,442.9740967082689
1130,Product A,Clothing,88,Supplier X,1.952730920627804,4.36162039377812,30,SKU002,Warehouse B,15 Days,Brand Y,9095089838,37,933.3146519284447
1131,Product B,Electronics,97,Supplier X,37.12850553712281,2.519767233672114,79,SKU002,Warehouse A,30 Days,Brand X,9708837811,40,636.1474803873626
1132,Product C,Clothing,63,Supplier Y,16.54559428391873,1.179361747359651,21,SKU001,Warehouse C,7 Days,Brand X,9306751780,24,295.4128465087138
1133,Product C,Home,91,Supplier Z,36.10737593713983,3.855389798514907,32,SKU001,Warehouse C,15 Days,Brand Y,9519508268,48,642.0705199456222
1134,Product A,Clothing,21,Supplier Y,35.382719155906,4.718745809856603,85,SKU003,Warehouse A,7 Days,Brand Y,9552655800,59,293.9475897349608
1135,Product B,Electronics,5,Supplier Z,26.73934377165575,3.868685568233071,71,SKU003,Warehouse B,7 Days,Brand X,9391726753,1,300.6960678422755
1136,Product A,Home,35,Supplier Y,38.86865646052744,3.313788972011101,36,SKU001,Warehouse C,15 Days,Brand Z,9556654529,64,405.6025265046592
1137,Product A,Clothing,85,Supplier X,29.05191620856217,1.92011531951624,11,SKU001,Warehouse A,7 Days,Brand Z,9615276446,2,853.9061133934277
1138,Product A,Home,68,Supplier Z,14.33184264241303,1.061502496177988,68,SKU001,Warehouse B,15 Days,Brand X,9246986066,92,505.2948956500521
1139,Product A,Clothing,48,Supplier Z,36.70576505322095,3.778688433916213,63,SKU002,Warehouse A,30 Days,Brand Z,9793713618,13,682.1118338079053
1140,Product C,Home,80,Supplier X,29.45699079388618,1.924104703377172,24,SKU002,Warehouse B,15 Days,Brand Z,9400306091,44,398.0480628717184
1141,Product C,Electronics,95,Supplier Y,0.6363640844960272,4.43265070872943,53,SKU002,Warehouse A,15 Days,Brand X,9013444118,33,270.9693854088126
1142,Product A,Clothing,90,Supplier Z,45.08220888851547,2.865456475330445,28,SKU001,Warehouse B,7 Days,Brand X,9287107421,85,955.0937591090691
1143,Product B,Clothing,62,Supplier X,27.28218091621567,3.122542329489825,12,SKU003,Warehouse A,7 Days,Brand Y,9814332752,35,607.545434651832
1144,Product B,Electronics,35,Supplier X,43.43136327397659,4.015746177065466,25,SKU003,Warehouse A,7 Days,Brand X,9244704321,14,934.6118251968911
1145,Product B,Home,70,Supplier Z,44.13684194911223,4.117722431213373,21,SKU002,Warehouse A,7 Days,Brand X,9208438666,36,211.3788721763319
1146,Product B,Electronics,97,Supplier Z,22.24833283675443,3.570603332322273,92,SKU002,Warehouse A,7 Days,Brand Z,9608713136,9,155.4252222738034
1147,Product A,Electronics,21,Supplier Z,25.38299982256155,4.753727261650972,75,SKU001,Warehouse C,7 Days,Brand Z,9176040909,8,857.2646780526646
1148,Product C,Home,80,Supplier X,20.7877193837801,4.929193745281678,91,SKU001,Warehouse C,7 Days,Brand Y,9229559272,49,684.1080404910789
1149,Product B,Electronics,39,Supplier Y,22.47183876540227,4.787541777498467,72,SKU003,Warehouse C,7 Days,Brand Z,9895984185,34,194.7127142611049
1150,Product A,Clothing,34,Supplier Y,44.75735794858639,4.296716741375774,9,SKU003,Warehouse C,7 Days,Brand Z,9552967160,45,276.6661036569024
1151,Product B,Clothing,15,Supplier Z,39.40720069839555,3.822500880977006,47,SKU001,Warehouse A,15 Days,Brand Z,9020652060,80,802.657302110058
1152,Product B,Clothing,6,Supplier X,6.326283815778899,3.65330343152667,41,SKU003,Warehouse C,7 Days,Brand X,9030633042,46,459.3299337959767
1153,Product A,Electronics,66,Supplier X,30.51538907700479,1.415000707682136,89,SKU003,Warehouse C,7 Days,Brand Z,9924261851,17,673.83510144103
1154,Product C,Clothing,88,Supplier Z,49.79533201931712,2.08593738727645,99,SKU002,Warehouse A,15 Days,Brand X,9822947250,24,325.1685019146508
1155,Product C,Clothing,56,Supplier X,29.77753506162429,1.022752894117508,58,SKU001,Warehouse C,30 Days,Brand Z,9974466180,34,387.4176532471279
1156,Product A,Clothing,49,Supplier X,39.29358127965528,1.549639480935967,52,SKU001,Warehouse C,30 Days,Brand X,9667201650,79,990.805433036874
1157,Product C,Clothing,92,Supplier X,38.45307366905855,2.756917908676753,39,SKU001,Warehouse B,15 Days,Brand Z,9091511841,50,255.1409163029713
1158,Product A,Clothing,1,Supplier Z,17.51587629361643,1.586146203156293,74,SKU002,Warehouse C,30 Days,Brand Y,9516405884,88,511.3918132661489
1159,Product A,Clothing,65,Supplier Z,18.59246513519794,4.606653658707032,61,SKU001,Warehouse B,7 Days,Brand Y,9027161677,54,845.9583197586269
1160,Product A,Electronics,28,Supplier Z,36.20382108952016,4.222796741341128,5,SKU003,Warehouse C,7 Days,Brand Y,9665426194,15,246.8309815291994
1161,Product C,Clothing,20,Supplier Y,24.99917658024176,1.286447648358073,3,SKU002,Warehouse A,7 Days,Brand Z,9768940375,87,421.0616191174874
1162,Product A,Clothing,48,Supplier Y,28.5285354565194,1.995654861869064,90,SKU002,Warehouse C,30 Days,Brand Y,9088150695,11,618.9403744962884
1163,Product B,Home,72,Supplier Z,35.64528951824188,4.276287538446035,54,SKU001,Warehouse A,15 Days,Brand X,9414773328,98,486.3762699603515
1164,Product C,Electronics,65,Supplier X,38.87875135195251,4.212184506239494,87,SKU003,Warehouse C,7 Days,Brand Y,9685508545,58,464.9072439046143
1165,Product C,Electronics,90,Supplier X,13.57582888665357,4.781802200471155,68,SKU001,Warehouse C,15 Days,Brand Y,9500165214,72,368.8846340089024
1166,Product C,Electronics,51,Supplier Z,7.339687971848146,4.990191046469441,2,SKU003,Warehouse A,15 Days,Brand Y,9164827856,36,590.7798644971758
1167,Product C,Electronics,43,Supplier X,14.58973233618626,4.905080252964487,6,SKU001,Warehouse A,7 Days,Brand Y,9021049279,31,628.1289709443741
1168,Product B,Clothing,49,Supplier X,25.37691625460378,2.640551942885766,87,SKU003,Warehouse A,15 Days,Brand X,9125620295,56,656.756645492349
1169,Product C,Clothing,25,Supplier Y,17.10706586485195,2.001313775208129,85,SKU003,Warehouse A,15 Days,Brand Y,9564217837,82,79.66442682696902
1170,Product C,Home,74,Supplier X,28.41813794237969,4.03364076170825,11,SKU003,Warehouse B,7 Days,Brand Z,9965729424,21,634.7238339549284
1171,Product A,Home,76,Supplier X,2.673286206281422,2.197091570976123,98,SKU002,Warehouse B,15 Days,Brand Y,9994712613,44,953.7048069934204
1172,Product C,Electronics,41,Supplier Z,25.48752058068836,4.225601440525319,16,SKU001,Warehouse A,30 Days,Brand Z,9312369625,97,545.5763731728028
1173,Product B,Home,71,Supplier Y,18.39924534688539,3.135818921591698,66,SKU001,Warehouse B,7 Days,Brand Z,9729371644,82,718.1144116841518
1174,Product B,Home,64,Supplier Y,26.73333774464412,4.175709100939816,74,SKU001,Warehouse C,7 Days,Brand Y,9528056490,11,561.1649846816256
1175,Product B,Electronics,61,Supplier X,21.12666774424884,2.103519518868042,69,SKU002,Warehouse C,7 Days,Brand Y,9265087015,81,856.1932124060589
1176,Product B,Electronics,12,Supplier Z,14.21129253187712,3.032109262215283,35,SKU003,Warehouse C,7 Days,Brand Z,9288263340,4,930.2872636515932
1177,Product C,Home,81,Supplier Y,45.20539527288179,3.256095174408728,16,SKU002,Warehouse B,7 Days,Brand X,9113985959,25,192.3777003033957
1178,Product C,Clothing,69,Supplier Y,9.238249421067845,4.772432270880529,85,SKU002,Warehouse B,7 Days,Brand X,9415972550,90,442.4914361915553
1179,Product B,Home,14,Supplier X,34.06827877902798,2.066390307321669,0,SKU003,Warehouse C,7 Days,Brand Y,9494984055,19,398.4582799233941
1180,Product B,Home,34,Supplier Y,46.2322356291207,4.746752957139579,66,SKU001,Warehouse A,30 Days,Brand X,9638293847,60,411.1629720662859
1181,Product C,Clothing,48,Supplier Z,26.93349798427165,4.219435661862864,79,SKU002,Warehouse C,15 Days,Brand X,9463815901,7,134.2689394155971
1182,Product B,Clothing,61,Supplier Z,43.8204244289741,3.923576216346781,98,SKU003,Warehouse B,30 Days,Brand Y,9639639129,61,815.4795687209121
1183,Product A,Electronics,81,Supplier Y,6.242573921664219,4.147481076740501,77,SKU003,Warehouse C,15 Days,Brand Z,9632824605,53,45.40858058478589
1184,Product B,Electronics,35,Supplier Z,24.68943851282041,3.421700183520228,48,SKU001,Warehouse C,7 Days,Brand Z,9762113698,79,532.9443416498854
1185,Product B,Home,65,Supplier Z,22.85126402404697,1.976320041849943,50,SKU003,Warehouse B,30 Days,Brand X,9233433537,57,665.2596041642444
1186,Product A,Clothing,59,Supplier X,0.4059403518497429,1.757979875359411,70,SKU003,Warehouse B,7 Days,Brand Z,9713176491,65,215.3947436782884
1187,Product A,Electronics,36,Supplier Y,22.16286706796672,4.465365743401562,89,SKU003,Warehouse B,15 Days,Brand Y,9416388995,44,906.7916901778076
1188,Product C,Home,79,Supplier Y,18.45148781912989,3.900557610383333,42,SKU001,Warehouse B,30 Days,Brand X,9289822143,64,840.1637149545452
1189,Product C,Clothing,19,Supplier X,33.48993638873077,1.852817131043796,30,SKU001,Warehouse C,30 Days,Brand Z,9089207428,4,476.372892189086
1190,Product A,Home,42,Supplier X,46.91648892882593,3.460373463497606,23,SKU003,Warehouse B,15 Days,Brand X,9377452975,30,417.0374430167373
1191,Product A,Electronics,69,Supplier X,4.289554413101826,2.790185925656895,82,SKU003,Warehouse A,15 Days,Brand Z,9025395521,22,244.202245958989
1192,Product C,Electronics,19,Supplier X,16.37381933573116,1.634620679852376,36,SKU001,Warehouse B,30 Days,Brand X,9158191454,20,732.693292398514
1193,Product B,Clothing,39,Supplier Z,22.20323686971259,3.127428437428657,64,SKU001,Warehouse B,30 Days,Brand Z,9035389210,11,140.4263616356445
1194,Product A,Home,69,Supplier Z,22.75926890171916,2.126076369865669,88,SKU001,Warehouse C,30 Days,Brand Z,9091544727,3,683.4353763053452
1195,Product C,Clothing,52,Supplier X,38.74048604211269,1.384976496630286,62,SKU002,Warehouse A,15 Days,Brand Y,9204132151,36,844.0324162572294
1196,Product B,Electronics,12,Supplier Y,22.16978329167204,2.867833194181643,55,SKU001,Warehouse A,7 Days,Brand Y,9257991724,74,236.1868601578535
1197,Product A,Electronics,83,Supplier Y,1.358065072682668,3.360434208374247,73,SKU003,Warehouse A,30 Days,Brand Y,9929750011,8,867.7631288697686
1198,Product B,Home,47,Supplier Y,35.50520472964156,1.187625641524602,17,SKU001,Warehouse B,15 Days,Brand X,9721232195,25,42.98996744511337
1199,Product C,Home,76,Supplier X,44.24148475728359,2.608370997643987,64,SKU003,Warehouse C,30 Days,Brand X,9527325595,26,913.6595115326601
1200,Product A,Home,36,Supplier Z,25.69523562748364,2.030647679346741,28,SKU003,Warehouse C,15 Days,Brand X,9038915332,92,127.178605572785
1201,Product B,Clothing,63,Supplier Z,29.05542608492527,1.12260236282893,76,SKU003,Warehouse B,30 Days,Brand Z,9228510315,61,649.3015861586523
1202,Product A,Home,76,Supplier Z,8.146821948452304,1.502650198446023,3,SKU001,Warehouse A,15 Days,Brand Z,9401123374,49,257.5816442248024
1203,Product B,Home,82,Supplier Z,11.03229723394785,1.55613663527351,11,SKU001,Warehouse A,15 Days,Brand Z,9951722628,88,838.1868672579176
1204,Product C,Electronics,51,Supplier Y,11.75851195623059,1.731496992471885,55,SKU001,Warehouse C,30 Days,Brand X,9078778116,81,517.1773573063118
1205,Product C,Electronics,43,Supplier Y,21.53709874406476,4.213510285751685,47,SKU001,Warehouse B,15 Days,Brand Y,9249833135,93,143.8887793340363
1206,Product A,Home,34,Supplier Z,46.4072610447821,2.757967465912557,18,SKU001,Warehouse A,15 Days,Brand X,9982559352,71,575.2816556127186
1207,Product B,Home,97,Supplier X,26.0892383357443,1.588343969081548,25,SKU002,Warehouse B,15 Days,Brand X,9768074568,1,413.8037840950133
1208,Product A,Electronics,49,Supplier Z,9.604882260067631,1.401187867711557,37,SKU001,Warehouse C,15 Days,Brand Y,9934027566,85,664.8333384469702
1209,Product A,Home,18,Supplier Z,13.30438679344748,2.191761834916156,79,SKU002,Warehouse B,15 Days,Brand Y,9765365437,84,883.0842519158249
1210,Product B,Clothing,61,Supplier X,19.20075148635921,4.192062074817809,24,SKU003,Warehouse B,15 Days,Brand X,9308361114,25,415.2952398715843
1211,Product B,Clothing,57,Supplier Z,31.16294878463997,2.457839391758574,55,SKU003,Warehouse B,15 Days,Brand Z,9667874051,92,296.9818727385211
1212,Product B,Clothing,93,Supplier Y,22.00165765020027,1.639589441175752,73,SKU003,Warehouse B,15 Days,Brand Z,9959860400,68,24.36994358233271
1213,Product C,Home,5,Supplier X,19.62224220884625,2.61646472618464,27,SKU003,Warehouse A,30 Days,Brand Y,9459002839,45,579.0906474812762
1214,Product A,Electronics,89,Supplier X,28.23643001994974,3.22124622914823,60,SKU002,Warehouse C,15 Days,Brand X,9594697050,77,408.2520197571192
1215,Product A,Home,24,Supplier Z,12.09174974772327,1.118336734552055,91,SKU002,Warehouse A,7 Days,Brand Z,9659794496,62,380.9027268246804
1216,Product C,Home,93,Supplier Y,3.945163629229109,3.510567205760692,88,SKU003,Warehouse A,30 Days,Brand Z,9266711903,98,191.1059680713704
1217,Product B,Electronics,64,Supplier Y,1.220715741111106,2.580403012059157,88,SKU001,Warehouse A,30 Days,Brand Y,9265945423,69,435.7547917393616
1218,Product C,Electronics,59,Supplier Y,12.56295817335635,1.038903500524778,50,SKU003,Warehouse A,7 Days,Brand X,9479807318,22,984.5975340475346
1219,Product C,Electronics,38,Supplier Z,4.579601707223436,3.695557595785524,11,SKU003,Warehouse C,15 Days,Brand Y,9005663963,16,304.7766121355219
1220,Product C,Clothing,33,Supplier Z,16.81703192603834,3.849550542250593,7,SKU002,Warehouse C,7 Days,Brand X,9306218812,87,603.7073692740192
1221,Product A,Home,10,Supplier Y,38.64667701798778,3.515359154234731,99,SKU003,Warehouse A,7 Days,Brand X,9090706579,63,778.7220125025101
1222,Product C,Electronics,37,Supplier Z,35.81471652434192,2.367720870393689,57,SKU002,Warehouse B,7 Days,Brand X,9311920592,28,751.6662449447664
1223,Product A,Home,97,Supplier Y,30.54638113940144,3.118419416263845,87,SKU002,Warehouse B,30 Days,Brand X,9950703222,51,335.4865446176648
1224,Product A,Clothing,87,Supplier Z,42.62501219397394,2.548630824533741,22,SKU003,Warehouse B,15 Days,Brand X,9810557036,93,614.7514826816819
1225,Product A,Clothing,11,Supplier X,14.10338122721383,3.802486920638778,36,SKU001,Warehouse B,30 Days,Brand X,9994997127,23,872.5520384174556
1226,Product B,Electronics,24,Supplier X,44.25268765149828,3.334320744934755,10,SKU002,Warehouse B,15 Days,Brand Z,9960841809,34,25.29295345574717
1227,Product A,Electronics,88,Supplier Z,19.96195848345896,1.327196455309799,16,SKU002,Warehouse C,7 Days,Brand Z,9233640972,46,441.3770132748746
1228,Product A,Home,71,Supplier Z,20.04466591333133,3.57237423287599,91,SKU002,Warehouse B,30 Days,Brand Z,9498385864,50,232.0306840594862
1229,Product B,Electronics,21,Supplier Y,20.26758068127608,3.748953657351206,55,SKU003,Warehouse C,15 Days,Brand Z,9486041508,1,394.7459674948506
1230,Product A,Home,20,Supplier X,4.904718312049072,2.482808722458798,52,SKU003,Warehouse B,15 Days,Brand X,9991971805,20,421.8297118954893
1231,Product C,Electronics,10,Supplier Y,48.77452491655279,4.503143123838818,66,SKU002,Warehouse B,7 Days,Brand Z,9248858922,39,749.2042551387706
1232,Product C,Home,89,Supplier Z,6.92533889125796,4.372057419379851,1,SKU001,Warehouse A,30 Days,Brand X,9578549851,68,102.8836536714887
1233,Product A,Home,47,Supplier Y,17.04428622345923,1.700666095598951,28,SKU003,Warehouse A,30 Days,Brand Y,9761791213,34,517.4580641011853
1234,Product B,Home,47,Supplier Y,15.96501601633786,4.617065233943475,56,SKU001,Warehouse A,30 Days,Brand Y,9553527991,43,568.5528438807579
1235,Product C,Home,15,Supplier Z,3.733971640835482,2.76348948598031,33,SKU001,Warehouse C,30 Days,Brand Z,9575273681,34,499.2160275162863
1236,Product B,Clothing,44,Supplier X,7.613006505593834,3.894998610537173,77,SKU003,Warehouse C,30 Days,Brand X,9138388755,82,734.5545205320929
1237,Product B,Home,62,Supplier Y,2.242916809269291,4.256388027868944,96,SKU002,Warehouse A,30 Days,Brand Z,9260546863,79,389.9533433477789
1238,Product C,Electronics,6,Supplier Z,14.62022467802567,3.02044968427876,81,SKU001,Warehouse A,30 Days,Brand X,9906459922,24,945.5173930036754
1239,Product B,Clothing,66,Supplier Y,43.33284620144532,2.596407757483263,92,SKU002,Warehouse B,7 Days,Brand Z,9817502020,79,486.985408113552
1240,Product C,Clothing,76,Supplier Z,16.97211028686922,4.661805474460394,1,SKU001,Warehouse C,15 Days,Brand Y,9829222881,30,575.5017705186496
1241,Product B,Home,4,Supplier Z,6.184591603368961,1.923414211741693,74,SKU002,Warehouse B,7 Days,Brand Y,9957041936,96,827.2755151132819
1242,Product C,Clothing,23,Supplier Z,32.2846934191959,2.027880310876578,30,SKU003,Warehouse B,15 Days,Brand Z,9651566491,80,282.4837448718113
1243,Product A,Home,13,Supplier X,49.83004560274553,2.446481256053748,76,SKU001,Warehouse A,15 Days,Brand Z,9592584739,84,84.45000847517444
1244,Product C,Electronics,81,Supplier X,11.61618947659638,4.437863111882262,43,SKU001,Warehouse B,15 Days,Brand X,9941175205,51,710.7061385788577
1245,Product C,Home,31,Supplier Z,13.97855026852847,4.755153056852304,89,SKU001,Warehouse B,30 Days,Brand Y,9198331869,34,488.1817369928949
1246,Product C,Clothing,16,Supplier X,48.59235271403943,1.880270859019447,55,SKU002,Warehouse A,30 Days,Brand Z,9495670773,22,897.5392084494048
1247,Product C,Electronics,41,Supplier Y,8.938814377524357,4.455480590524981,97,SKU001,Warehouse A,15 Days,Brand X,9667789649,48,982.8532482352098
1248,Product B,Home,90,Supplier X,25.56070337295819,2.032811837874277,53,SKU001,Warehouse B,15 Days,Brand Y,9483390067,15,405.1182570689819
1249,Product A,Electronics,92,Supplier X,11.98260665080474,4.882564986999553,52,SKU002,Warehouse B,30 Days,Brand X,9443565465,57,421.2846260970642
1250,Product C,Electronics,1,Supplier Y,46.61759489506219,3.389631567926329,73,SKU002,Warehouse B,30 Days,Brand Y,9364802510,49,413.8829761836692
1251,Product B,Clothing,12,Supplier Y,49.0760507288147,1.02834586978953,75,SKU003,Warehouse C,15 Days,Brand Y,9687062528,77,331.3085686336169
1252,Product A,Electronics,56,Supplier Y,40.73489230600077,1.136519616284712,85,SKU002,Warehouse B,15 Days,Brand X,9474349648,63,783.8702267887335
1253,Product A,Clothing,50,Supplier Z,15.73919079064053,1.589938123218834,45,SKU001,Warehouse A,7 Days,Brand X,9676111838,51,761.4058048658204
1254,Product A,Electronics,20,Supplier Y,20.17437376402525,1.750292631275027,53,SKU001,Warehouse B,30 Days,Brand Y,9907105665,39,483.8584218450196
1255,Product A,Home,66,Supplier Y,12.11528418332107,4.070476491306387,30,SKU003,Warehouse C,30 Days,Brand Y,9095105443,53,54.21460421510976
1256,Product C,Electronics,36,Supplier Y,44.53789835044957,1.8910635056678,82,SKU003,Warehouse B,15 Days,Brand X,9363515319,96,316.4637084979427
1257,Product C,Home,79,Supplier Z,45.7279138844079,4.87656648019944,23,SKU001,Warehouse C,7 Days,Brand Z,9080271394,84,299.3800160892891
1258,Product B,Home,38,Supplier X,20.94353311230236,3.544448228811753,24,SKU002,Warehouse C,30 Days,Brand X,9779307902,16,812.9763737382558
1259,Product B,Electronics,22,Supplier Z,32.82665349515009,3.770070037014071,34,SKU001,Warehouse A,7 Days,Brand Z,9180314906,3,96.69981768201298
1260,Product B,Home,61,Supplier X,8.277658988734693,1.87126607714083,56,SKU003,Warehouse B,7 Days,Brand X,9456260084,79,807.6186252522771
1261,Product A,Electronics,50,Supplier Y,21.74679501817045,4.570825256380338,71,SKU001,Warehouse C,30 Days,Brand Z,9720611010,55,672.4918156771515
1262,Product A,Electronics,96,Supplier Z,31.57495533367488,3.671258291279726,68,SKU001,Warehouse B,15 Days,Brand Z,9769679543,29,735.1170445391448
1263,Product C,Home,59,Supplier Z,19.27015592590098,4.457622497367455,85,SKU001,Warehouse C,7 Days,Brand Y,9724947501,33,437.8910557091733
1264,Product A,Home,20,Supplier X,17.879976284323,4.825924388924908,27,SKU003,Warehouse A,15 Days,Brand X,9275932307,85,682.9285380417406
1265,Product A,Clothing,36,Supplier Z,0.04994961334713333,1.502563908438386,75,SKU003,Warehouse A,30 Days,Brand X,9755468282,43,612.9386552598467
1266,Product A,Home,97,Supplier Z,40.21467318885571,1.386348921075783,32,SKU003,Warehouse B,7 Days,Brand X,9002409735,92,771.2903932763431
1267,Product B,Clothing,15,Supplier X,44.46688060107241,4.213631306358543,52,SKU002,Warehouse B,15 Days,Brand Z,9531082844,68,452.3021361235696
1268,Product B,Home,62,Supplier Z,48.47317647729161,4.464504236376682,15,SKU003,Warehouse B,7 Days,Brand Z,9240087879,64,478.0973686473394
1269,Product C,Electronics,3,Supplier Z,35.96356925346078,3.335045683511943,25,SKU002,Warehouse B,7 Days,Brand Y,9720539112,52,647.140460512422
1270,Product A,Home,93,Supplier Y,27.43961561849423,2.464002191002082,11,SKU002,Warehouse B,7 Days,Brand Z,9417603185,88,116.9967187297244
1271,Product A,Electronics,91,Supplier Y,13.46422599043547,3.610518544300895,86,SKU003,Warehouse C,30 Days,Brand X,9129836890,69,441.8820038806741
1272,Product C,Electronics,5,Supplier Y,49.96497379817492,2.222656290369829,89,SKU002,Warehouse B,15 Days,Brand Z,9364167449,86,972.2313368072075
1273,Product A,Electronics,56,Supplier Y,29.48764272660528,1.953542768613873,76,SKU002,Warehouse C,7 Days,Brand Z,9285676134,32,47.17679685944515
1274,Product A,Clothing,31,Supplier Y,34.05770361652231,2.952580838109062,86,SKU001,Warehouse C,15 Days,Brand Y,9687335625,77,322.8446756377299
1275,Product B,Home,86,Supplier Z,34.12030809776589,1.864615310425519,30,SKU002,Warehouse C,30 Days,Brand Z,9678933053,35,320.968720898477
1276,Product C,Electronics,35,Supplier Z,42.26258978785907,2.934814433260692,99,SKU002,Warehouse B,7 Days,Brand X,9608083549,17,637.1294780434149
1277,Product C,Electronics,71,Supplier Y,0.4836269423459605,4.826426021854288,26,SKU003,Warehouse A,7 Days,Brand X,9292921760,50,114.7423558298985
1278,Product C,Clothing,70,Supplier X,11.01234702156859,4.359136142469562,35,SKU001,Warehouse A,7 Days,Brand X,9171065660,56,632.2585905700726
1279,Product C,Home,26,Supplier Y,33.2767000085007,4.766523678000089,58,SKU002,Warehouse B,15 Days,Brand X,9958508259,43,104.0898382451032
1280,Product B,Home,1,Supplier Z,44.75728684122839,4.225315899389434,86,SKU002,Warehouse B,15 Days,Brand Y,9348095555,9,104.0041109441477
1281,Product B,Clothing,83,Supplier X,34.26693909606781,2.419003743785107,2,SKU002,Warehouse B,7 Days,Brand Y,9309842902,38,730.9015236165974
1282,Product A,Clothing,7,Supplier Y,20.67456457468401,4.248180954206236,93,SKU003,Warehouse C,15 Days,Brand X,9247687964,55,330.8938220944684
1283,Product A,Home,36,Supplier X,18.07777479351308,4.691662974212856,31,SKU003,Warehouse A,15 Days,Brand X,9389533485,48,977.6487182366103
1284,Product A,Clothing,76,Supplier Y,36.89740041416602,4.788143151348217,14,SKU001,Warehouse A,7 Days,Brand Z,9240408031,57,46.97940707119938
1285,Product A,Home,84,Supplier Z,37.06188485685967,3.732791402739988,74,SKU002,Warehouse A,7 Days,Brand Z,9056181412,75,450.6555970808142
1286,Product B,Home,87,Supplier Y,30.35289962528452,1.845466575260453,65,SKU001,Warehouse A,7 Days,Brand Z,9566569202,22,122.0045782972834
1287,Product C,Electronics,25,Supplier X,14.57335120486685,1.158916613458763,89,SKU003,Warehouse C,30 Days,Brand Z,9883131481,6,357.8651770905275
1288,Product B,Electronics,94,Supplier Z,46.25774091952718,1.588800912640623,62,SKU002,Warehouse B,7 Days,Brand Z,9583468980,44,998.24022610296
1289,Product A,Home,59,Supplier Y,27.59399710593195,4.862187671575782,97,SKU002,Warehouse C,7 Days,Brand X,9211430276,88,889.9540866211465
1290,Product B,Home,61,Supplier Y,39.52461781241653,2.848387296771078,0,SKU001,Warehouse B,7 Days,Brand Z,9055647831,54,57.84116476684294
1291,Product C,Home,29,Supplier Y,10.71541310809158,4.41994405932823,74,SKU002,Warehouse B,7 Days,Brand Z,9666456190,54,567.6232853874266
1292,Product C,Home,95,Supplier Y,17.20203943073639,2.860176614233164,4,SKU003,Warehouse A,7 Days,Brand Z,9597676865,76,651.3440817761914
1293,Product B,Home,18,Supplier Z,43.72897581936712,3.643270333839358,89,SKU001,Warehouse A,7 Days,Brand Y,9738583950,37,217.4392777106244
1294,Product B,Home,41,Supplier Z,2.50535149699842,1.096563108489335,5,SKU001,Warehouse B,7 Days,Brand Y,9728952109,18,153.6545176624857
1295,Product B,Clothing,19,Supplier Y,25.6157655628331,1.999459770877467,98,SKU002,Warehouse B,7 Days,Brand Y,9692460519,21,905.3373233188681
1296,Product A,Home,4,Supplier Z,24.08527399220045,2.745077120170357,4,SKU003,Warehouse A,30 Days,Brand X,9981050099,10,969.1282770685428
1297,Product B,Clothing,65,Supplier X,37.56150944540411,3.522524188616653,72,SKU002,Warehouse A,15 Days,Brand Y,9272346808,2,991.9739287464454
1298,Product B,Clothing,41,Supplier Z,14.09468852996662,1.686084752212714,27,SKU001,Warehouse A,30 Days,Brand Z,9880508324,18,791.8641559972882
1299,Product B,Home,15,Supplier X,10.95334109297997,4.05820585708196,82,SKU001,Warehouse A,30 Days,Brand Z,9260699748,90,666.8670487112046
1300,Product C,Home,54,Supplier X,46.30664193866168,2.457618824544949,68,SKU003,Warehouse A,7 Days,Brand Z,9219807672,6,352.2729496710679
1301,Product C,Clothing,64,Supplier Z,28.58548259792324,4.269741076935538,86,SKU001,Warehouse C,7 Days,Brand X,9596479740,90,179.6843292015049
1302,Product A,Clothing,72,Supplier Y,5.234478414182725,1.391876361580269,43,SKU003,Warehouse C,7 Days,Brand Y,9754277517,33,88.19079337256937
1303,Product A,Home,15,Supplier Z,9.651808110716054,3.719026350729488,15,SKU002,Warehouse C,7 Days,Brand Y,9575614852,10,696.3644938659771
1304,Product C,Home,79,Supplier X,49.94130297571242,2.173313332826041,70,SKU003,Warehouse A,15 Days,Brand Z,9200718588,4,786.8761810275647
1305,Product C,Clothing,50,Supplier X,9.780449812609621,4.181532696490471,77,SKU002,Warehouse B,15 Days,Brand Z,9814739528,70,828.1891159304303
1306,Product C,Clothing,22,Supplier Z,30.52377556768394,2.608681708169642,21,SKU002,Warehouse B,30 Days,Brand Y,9142548181,35,914.6273532707606
1307,Product B,Clothing,18,Supplier X,21.0064039497809,3.661398529054266,72,SKU001,Warehouse A,15 Days,Brand Y,9674615674,4,881.1302680019899
1308,Product B,Electronics,80,Supplier Z,44.27995474249177,4.737221074545894,22,SKU002,Warehouse C,30 Days,Brand Z,9915962154,55,999.7438595355117
1309,Product C,Clothing,2,Supplier Z,37.75842961476638,1.082506528055057,42,SKU001,Warehouse B,7 Days,Brand Y,9854191024,4,251.6233708575788
1310,Product B,Electronics,36,Supplier Y,29.84756981309079,1.044467129337495,67,SKU003,Warehouse A,30 Days,Brand Y,9554958202,26,765.6745390600885
1311,Product B,Home,20,Supplier X,0.5369490898991247,4.081117008706854,42,SKU003,Warehouse C,30 Days,Brand X,9831644139,92,590.5949172510497
1312,Product A,Home,16,Supplier Z,43.98976037467298,3.585572206032313,25,SKU002,Warehouse C,15 Days,Brand Z,9502530731,26,268.6326811290465
1313,Product C,Clothing,67,Supplier X,22.23337354193581,2.171918882017731,40,SKU003,Warehouse C,30 Days,Brand Y,9543328183,31,982.0862690640733
1314,Product C,Home,30,Supplier Z,46.57888265092883,2.97758681109705,69,SKU002,Warehouse C,7 Days,Brand X,9753336623,88,898.9191237265096
1315,Product B,Home,55,Supplier Z,24.77695064271006,1.167742662395475,30,SKU003,Warehouse C,7 Days,Brand X,9498479005,97,137.2305117596753
1316,Product C,Home,66,Supplier Y,34.71122445913628,1.769782421444963,16,SKU002,Warehouse C,7 Days,Brand X,9480561056,14,35.89675890018565
1317,Product A,Home,99,Supplier Z,3.464632473332108,2.69798549810867,8,SKU002,Warehouse C,7 Days,Brand X,9656395761,97,691.4474547093502
1318,Product A,Electronics,26,Supplier Y,37.25758267633929,4.336177664885929,90,SKU003,Warehouse C,15 Days,Brand X,9168402661,98,608.0893225679698
1319,Product A,Electronics,57,Supplier X,16.89980156559615,2.918668731440339,54,SKU003,Warehouse C,30 Days,Brand X,9874745764,53,936.4574678700345
1320,Product C,Clothing,69,Supplier Y,17.56795071658904,3.345450018103915,5,SKU003,Warehouse C,30 Days,Brand X,9551016369,19,241.6652342887661
1321,Product C,Clothing,2,Supplier Y,5.932792235469497,4.495015167975122,69,SKU003,Warehouse A,30 Days,Brand Z,9329065708,87,93.54406841603718
1322,Product C,Clothing,56,Supplier X,7.342857432010113,2.235275654355381,63,SKU002,Warehouse B,30 Days,Brand Z,9972233957,33,266.6231804342666
1323,Product C,Home,84,Supplier Y,9.287952810310507,3.802797284408224,3,SKU002,Warehouse A,7 Days,Brand Z,9373343238,33,28.73836410634881
1324,Product C,Home,62,Supplier Y,16.41030842857112,4.446669034713013,66,SKU003,Warehouse B,15 Days,Brand X,9119936706,45,45.5338236770431
1325,Product A,Electronics,34,Supplier Z,44.59849563878027,1.810462802784707,87,SKU003,Warehouse A,30 Days,Brand Y,9117625087,90,915.709227861552
1326,Product B,Electronics,98,Supplier Y,18.41301191150403,2.42591266059133,55,SKU001,Warehouse B,30 Days,Brand X,9583410858,20,358.4964166768595
1327,Product A,Clothing,56,Supplier Z,36.21813532816092,4.91924069555742,17,SKU002,Warehouse B,15 Days,Brand Z,9866754087,96,416.7009109995839
1328,Product C,Electronics,55,Supplier Y,4.13737519449357,4.932874259184844,31,SKU002,Warehouse B,30 Days,Brand Z,9485272863,38,28.18793799272337
1329,Product A,Electronics,20,Supplier X,29.55493996359963,1.892919721175752,84,SKU003,Warehouse A,15 Days,Brand X,9248495843,39,277.8165623701281
1330,Product C,Electronics,50,Supplier X,24.09456156352198,1.265783355570512,47,SKU001,Warehouse B,30 Days,Brand Z,9096018665,43,806.6787239040167
1331,Product C,Electronics,25,Supplier Y,48.89789734772523,2.083686445240212,28,SKU003,Warehouse C,15 Days,Brand Y,9343157608,35,619.336050070052
1332,Product A,Electronics,84,Supplier Z,42.31038849394815,2.590927829214749,31,SKU002,Warehouse B,30 Days,Brand Y,9820938422,54,756.2427950755512
1333,Product C,Clothing,25,Supplier Y,22.74148862193249,2.764022403724655,24,SKU002,Warehouse A,7 Days,Brand Y,9297337324,88,452.7416033858472
1334,Product B,Clothing,53,Supplier Z,38.75713820226694,3.475225229321695,75,SKU001,Warehouse A,30 Days,Brand X,9063122642,70,316.6319295338167
1335,Product C,Electronics,14,Supplier Y,9.651937064688877,4.598011040526186,62,SKU003,Warehouse C,7 Days,Brand Z,9958515166,49,487.9819923950866
1336,Product B,Clothing,60,Supplier X,28.1168163695889,2.32139204762865,8,SKU001,Warehouse B,15 Days,Brand Z,9846667613,57,329.8403577216936
1337,Product B,Home,43,Supplier X,3.730952778435409,4.399938141996834,70,SKU003,Warehouse A,7 Days,Brand Y,9961600878,73,840.5813857073273
1338,Product C,Electronics,62,Supplier Z,17.40445161258415,1.373915683706508,13,SKU001,Warehouse B,30 Days,Brand Z,9906014948,73,304.6969784369173
1339,Product A,Home,76,Supplier Y,11.29310908110851,1.167498795892859,19,SKU003,Warehouse C,7 Days,Brand X,9895590744,37,663.166004048553
1340,Product B,Clothing,69,Supplier Z,35.94549076626055,3.016180732493845,83,SKU003,Warehouse C,7 Days,Brand Y,9273291006,23,145.6124000864326
1341,Product A,Clothing,63,Supplier X,24.50453456071807,1.23864889332242,9,SKU003,Warehouse A,30 Days,Brand X,9364787788,73,689.9978287975608
1342,Product B,Home,2,Supplier Z,37.55352394240052,2.569959204936921,10,SKU002,Warehouse B,15 Days,Brand X,9564518347,58,914.1667144840334
1343,Product C,Clothing,54,Supplier Y,25.76477188157228,4.587112467476937,38,SKU003,Warehouse C,7 Days,Brand Z,9826469879,44,612.4973230935092
1344,Product C,Electronics,16,Supplier Z,4.324222107581926,1.965932144829893,18,SKU002,Warehouse C,30 Days,Brand X,9840987367,25,564.2568262341324
1345,Product B,Home,55,Supplier Y,36.76838248662634,3.823903100499613,18,SKU001,Warehouse A,7 Days,Brand Y,9167921288,93,961.5070853414238
1346,Product C,Electronics,94,Supplier Y,41.66146319939028,2.209461569560268,42,SKU003,Warehouse C,15 Days,Brand X,9130108991,90,631.1225897626879
1347,Product B,Home,43,Supplier X,45.17656129563963,1.179680220968542,60,SKU002,Warehouse A,15 Days,Brand Z,9322459892,82,266.9549289403517
1348,Product C,Clothing,61,Supplier Y,28.59959726533541,3.226762325641237,69,SKU001,Warehouse C,15 Days,Brand X,9824222124,64,299.467113609263
1349,Product A,Home,38,Supplier Y,37.67926794997475,4.339413962147007,71,SKU003,Warehouse C,7 Days,Brand X,9179648956,96,708.2535761105679
1350,Product C,Home,45,Supplier Y,37.60221684413136,2.637873793370478,64,SKU001,Warehouse A,30 Days,Brand Z,9823358696,10,738.0822279532645
1351,Product A,Electronics,51,Supplier Z,7.787487989947217,3.469175305832348,22,SKU002,Warehouse A,15 Days,Brand Z,9819317598,49,310.461269471125
1352,Product C,Clothing,42,Supplier X,8.211034372978537,4.600094390630904,59,SKU002,Warehouse B,30 Days,Brand Z,9302588357,57,351.8905381470669
1353,Product A,Electronics,24,Supplier Z,3.544275290456306,4.158778050947951,9,SKU003,Warehouse C,15 Days,Brand Z,9387735900,33,991.1459436516961
1354,Product C,Clothing,30,Supplier Z,15.99568175701507,1.775505597571277,62,SKU002,Warehouse B,7 Days,Brand Z,9189840477,15,110.9330240844747
1355,Product A,Electronics,37,Supplier X,23.67542938705323,3.933535837460023,1,SKU002,Warehouse B,7 Days,Brand Z,9480027045,58,410.5985781556983
1356,Product B,Home,53,Supplier Z,49.89489263771085,3.007572100640608,35,SKU001,Warehouse A,15 Days,Brand Z,9880634570,0,71.82305588553238
1357,Product B,Electronics,63,Supplier Z,21.54966710340848,3.983867231544339,56,SKU003,Warehouse C,30 Days,Brand X,9304323049,40,822.8675783782586
1358,Product A,Clothing,11,Supplier Y,36.31212942536855,2.978062202088873,65,SKU003,Warehouse A,30 Days,Brand X,9132297389,27,101.4223805559779
1359,Product C,Clothing,78,Supplier Z,34.66985131362673,1.511832656433211,78,SKU003,Warehouse C,15 Days,Brand X,9930692219,14,677.2672828980841
1360,Product A,Home,23,Supplier X,10.22409751252898,3.279637786756957,19,SKU001,Warehouse A,7 Days,Brand Y,9664552005,79,65.91858976344723
1361,Product C,Clothing,80,Supplier Z,2.925357572471821,2.96853596958936,41,SKU002,Warehouse C,30 Days,Brand Z,9878873190,45,676.1264874315942
1362,Product B,Electronics,50,Supplier Y,27.30033757667937,3.071686934565767,20,SKU003,Warehouse B,30 Days,Brand X,9003888360,31,844.6065774584263
1363,Product C,Home,85,Supplier Z,35.01527961572381,4.515609814583481,93,SKU003,Warehouse C,7 Days,Brand Z,9679640127,38,404.8333116548168
1364,Product B,Clothing,55,Supplier X,49.9125895093128,4.579348186825006,87,SKU001,Warehouse C,30 Days,Brand Y,9282595490,64,526.9052284978551
1365,Product C,Clothing,55,Supplier Y,17.93055261405854,2.814148427062873,65,SKU001,Warehouse A,15 Days,Brand Z,9099838255,72,407.5263206252296
1366,Product C,Electronics,4,Supplier Z,44.81822810405484,2.822928165120353,37,SKU003,Warehouse C,7 Days,Brand X,9618244414,92,307.4838710463125
1367,Product C,Electronics,97,Supplier X,19.09662279345932,3.060747835490464,85,SKU003,Warehouse C,15 Days,Brand Y,9483383980,88,805.2307666208569
1368,Product A,Home,54,Supplier X,34.47058542152564,3.078357113337028,92,SKU001,Warehouse C,7 Days,Brand Z,9167797765,74,279.2825479936798
1369,Product A,Clothing,61,Supplier Z,29.9126465258526,4.801548576716451,77,SKU001,Warehouse C,15 Days,Brand Y,9981370156,10,725.7139901455525
1370,Product B,Electronics,78,Supplier Z,2.648939665129846,3.597601869509974,68,SKU001,Warehouse B,15 Days,Brand Z,9353613657,69,214.1351084626502
1371,Product B,Home,83,Supplier Y,3.919421348512925,2.109827979551776,23,SKU001,Warehouse A,15 Days,Brand Y,9838893668,33,257.3552581175463
1372,Product A,Clothing,5,Supplier Z,1.038204486223049,3.12614718781596,25,SKU002,Warehouse C,30 Days,Brand X,9579748255,49,343.0965509514401
1373,Product B,Clothing,95,Supplier Y,18.54170422969947,3.508894331631931,1,SKU002,Warehouse A,30 Days,Brand Z,9996103107,43,593.2648136198503
1374,Product A,Home,18,Supplier Z,37.29005243830053,3.559086884055858,45,SKU003,Warehouse B,15 Days,Brand Z,9908141927,13,459.8780959679457
1375,Product C,Home,44,Supplier X,8.637769699536136,3.341016904952731,33,SKU002,Warehouse B,15 Days,Brand Z,9857781378,71,747.6933617295422
1376,Product B,Electronics,31,Supplier X,30.29264841919479,1.710944618486149,61,SKU001,Warehouse C,7 Days,Brand X,9010369918,24,221.4316273328304
1377,Product B,Clothing,94,Supplier X,14.44138900155389,1.13437275631803,86,SKU003,Warehouse A,30 Days,Brand Y,9588219411,67,20.56556497034578
1378,Product A,Clothing,21,Supplier X,39.8496311989536,2.351372209467418,40,SKU001,Warehouse A,15 Days,Brand X,9451430098,49,778.7918970673678
1379,Product B,Clothing,47,Supplier Y,39.91980745014955,2.710088618241014,98,SKU002,Warehouse A,30 Days,Brand Y,9340883750,94,823.4328405412717
1380,Product B,Home,30,Supplier X,38.77072574832118,1.247216958304346,14,SKU001,Warehouse B,7 Days,Brand Z,9708465035,84,68.88536147730565
1381,Product C,Electronics,55,Supplier Y,26.24167569006884,4.259869352079384,54,SKU003,Warehouse B,15 Days,Brand Y,9169014716,31,614.7984469368125
1382,Product B,Clothing,68,Supplier Y,14.22833550399258,2.376309750041095,2,SKU002,Warehouse C,30 Days,Brand Y,9704198947,54,384.4247160343472
1383,Product C,Home,69,Supplier Y,40.47220219393173,4.654530984714018,75,SKU003,Warehouse A,7 Days,Brand Z,9044588521,77,795.9566986425716
1384,Product A,Clothing,41,Supplier Z,9.305028096962076,1.617640431369061,37,SKU002,Warehouse A,15 Days,Brand Z,9780538203,91,875.6704086545137
1385,Product B,Electronics,45,Supplier Y,14.4879801014328,1.227739827749254,50,SKU001,Warehouse B,30 Days,Brand Y,9759964936,24,852.4937291292766
1386,Product C,Clothing,74,Supplier Z,9.19738530803108,2.929264417545287,16,SKU003,Warehouse C,7 Days,Brand Z,9160486140,91,779.4322048773436
1387,Product A,Electronics,91,Supplier Y,33.71050801938239,1.756517347302827,90,SKU002,Warehouse C,7 Days,Brand Z,9273084459,78,276.3617064547413
1388,Product B,Electronics,80,Supplier Z,34.3118014057909,4.749597102311444,82,SKU002,Warehouse C,30 Days,Brand Y,9860622922,51,813.7707471326336
1389,Product A,Clothing,30,Supplier Z,32.62549963933765,1.041213593814956,48,SKU002,Warehouse B,15 Days,Brand X,9114004020,55,538.1436911472298
1390,Product B,Clothing,77,Supplier X,20.78007334323339,2.65047870023614,20,SKU002,Warehouse A,30 Days,Brand X,9769121565,21,62.22904868376991
1391,Product A,Electronics,85,Supplier Y,5.008550360071662,4.706991085380674,87,SKU001,Warehouse C,7 Days,Brand Z,9232779634,46,462.3694613992665
1392,Product A,Home,45,Supplier Z,45.55847922575106,2.537672826919073,23,SKU001,Warehouse C,7 Days,Brand Y,9610752577,69,942.7363378596933
1393,Product C,Electronics,45,Supplier X,25.38654820061191,1.372437122401843,82,SKU002,Warehouse A,15 Days,Brand Z,9077103141,50,888.9807562381972
1394,Product A,Clothing,79,Supplier Y,20.34860974555458,2.211579771447148,94,SKU001,Warehouse C,30 Days,Brand X,9922133245,65,111.2416381871449
1395,Product B,Clothing,84,Supplier X,29.44124466241466,2.992041575337734,39,SKU001,Warehouse B,15 Days,Brand X,9181055269,69,746.6854188572265
1396,Product B,Home,84,Supplier Z,9.63952179095529,1.740606749373332,19,SKU002,Warehouse C,15 Days,Brand Y,9639281568,86,807.7349372986524
1397,Product C,Electronics,45,Supplier X,6.627438955243719,2.866246820573048,78,SKU001,Warehouse A,7 Days,Brand Y,9713036486,89,278.6743063543972
1398,Product B,Electronics,55,Supplier X,20.27626107289718,4.34537278314335,34,SKU003,Warehouse B,30 Days,Brand X,9765629163,74,476.8924850336814
1399,Product B,Electronics,59,Supplier Y,11.36103470499553,4.490471880786452,47,SKU003,Warehouse C,30 Days,Brand Y,9076527060,64,713.8780620490461
1400,Product B,Clothing,5,Supplier Z,12.21451472685823,1.197042938842928,98,SKU001,Warehouse A,7 Days,Brand X,9440923190,91,444.6510739329364
1401,Product A,Electronics,32,Supplier Y,44.62557438892647,1.643613432210294,32,SKU002,Warehouse A,7 Days,Brand Z,9966224715,21,121.6689496779112
1402,Product A,Home,6,Supplier Y,26.53795885929124,2.101160543067217,55,SKU003,Warehouse A,30 Days,Brand X,9748650611,40,708.8236202349043
1403,Product B,Clothing,94,Supplier X,24.17345321616756,3.379463403550407,40,SKU001,Warehouse A,15 Days,Brand X,9596237908,76,912.5223028379504
1404,Product C,Clothing,26,Supplier Z,34.47397968642987,2.443979035169868,53,SKU001,Warehouse C,15 Days,Brand Y,9376455446,46,655.959881122096
1405,Product A,Electronics,37,Supplier Y,47.57740568383698,4.376163653784301,43,SKU002,Warehouse C,30 Days,Brand Y,9479773125,59,776.0627410833436
1406,Product C,Home,13,Supplier Z,5.609928223528204,3.86668747313175,81,SKU002,Warehouse B,15 Days,Brand Y,9969919629,99,364.7789103012502
1407,Product B,Clothing,93,Supplier Y,41.67672835546286,1.401824092454033,80,SKU001,Warehouse B,15 Days,Brand Z,9490295903,21,191.3662626753685
1408,Product B,Clothing,69,Supplier X,29.20095899339229,3.498230010048365,71,SKU002,Warehouse A,7 Days,Brand Y,9305574960,3,646.3459250021097
1409,Product A,Electronics,25,Supplier Y,7.308267690591864,1.452050501387914,83,SKU003,Warehouse A,15 Days,Brand Z,9330977648,43,334.4934937828067
1410,Product B,Electronics,13,Supplier Y,14.85746593444958,2.02014267854584,10,SKU003,Warehouse B,7 Days,Brand Y,9868577649,40,861.4727837998948
1411,Product A,Home,88,Supplier Y,24.11807082323698,1.711482534136912,93,SKU001,Warehouse C,15 Days,Brand Y,9177914156,81,131.4017694782265
1412,Product B,Electronics,95,Supplier Z,34.55885722887115,1.69224779680282,90,SKU001,Warehouse C,30 Days,Brand X,9133800652,37,439.1290627357924
1413,Product B,Home,20,Supplier X,12.13035084767261,3.465582099107437,13,SKU002,Warehouse C,7 Days,Brand X,9811603866,16,402.760324463702
1414,Product A,Clothing,72,Supplier Z,26.74394077337949,3.254419690216646,41,SKU003,Warehouse A,30 Days,Brand X,9282006474,88,938.6733150183903
1415,Product A,Home,60,Supplier Y,34.23358137079309,1.704112611150908,78,SKU002,Warehouse B,7 Days,Brand Z,9276948319,16,161.6034525983598
1416,Product A,Home,73,Supplier X,22.43703754237531,4.960691221673727,11,SKU001,Warehouse B,15 Days,Brand Y,9689144002,92,19.74835676189084
1417,Product B,Home,21,Supplier Z,43.15129805600879,2.687346929473175,83,SKU001,Warehouse B,30 Days,Brand X,9561448240,44,245.7043606790464
1418,Product B,Clothing,61,Supplier Y,43.47295514202022,1.388277312619747,16,SKU001,Warehouse C,7 Days,Brand Y,9519248121,45,822.0740911709679
1419,Product C,Electronics,84,Supplier X,23.53456088202229,1.482276067820461,89,SKU001,Warehouse B,30 Days,Brand X,9839110913,7,217.2285978865469
1420,Product A,Clothing,79,Supplier X,48.64628552044498,3.335574854906379,77,SKU001,Warehouse B,30 Days,Brand Y,9447060957,92,248.4692830684279
1421,Product B,Electronics,26,Supplier Y,3.779254620272365,4.916277613533891,24,SKU001,Warehouse C,15 Days,Brand X,9607709115,14,138.5998164914427
1422,Product B,Home,54,Supplier X,0.1681189161468311,3.287804406476791,25,SKU002,Warehouse A,7 Days,Brand X,9933311937,32,718.281841243775
1423,Product A,Home,42,Supplier X,19.03341319019595,4.796165906466548,46,SKU002,Warehouse A,15 Days,Brand X,9281950054,48,78.482448600363
1424,Product C,Home,11,Supplier Z,30.05485306862547,2.776531403032107,24,SKU002,Warehouse C,30 Days,Brand X,9916076602,9,337.8962193052364
1425,Product A,Home,37,Supplier X,31.46000787248304,2.743364414608048,88,SKU003,Warehouse B,7 Days,Brand X,9972479708,61,289.6737393547549
1426,Product C,Home,11,Supplier Z,23.82228681469143,3.000029437263529,59,SKU002,Warehouse A,30 Days,Brand Y,9807155259,54,559.6081324922533
1427,Product B,Electronics,27,Supplier Z,6.244165662032309,3.789701832622221,59,SKU001,Warehouse A,30 Days,Brand X,9369378837,57,733.1121023695382
1428,Product C,Electronics,94,Supplier Z,8.524876089394711,2.470463865805331,26,SKU002,Warehouse A,7 Days,Brand Y,9460216152,62,537.5476703497799
1429,Product B,Home,83,Supplier Z,42.60739919260046,4.455544130715828,42,SKU002,Warehouse C,30 Days,Brand X,9592633193,10,931.7157330453169
1430,Product A,Clothing,34,Supplier X,43.39555658696306,1.117125539072585,75,SKU003,Warehouse A,7 Days,Brand Y,9066288557,34,951.9282124984586
1431,Product A,Clothing,38,Supplier X,33.69492689303601,2.759056780113769,19,SKU001,Warehouse B,7 Days,Brand X,9513903668,97,367.8506752135303
1432,Product A,Home,61,Supplier Z,33.21089861394412,3.043967399919671,62,SKU003,Warehouse C,7 Days,Brand X,9599233298,95,779.9035725121438
1433,Product C,Electronics,87,Supplier X,29.88410640139038,3.428128953052385,79,SKU003,Warehouse C,30 Days,Brand X,9826341936,85,741.4133694355078
1434,Product B,Clothing,53,Supplier Z,10.14629428509941,2.104287649463453,24,SKU003,Warehouse A,15 Days,Brand Z,9673897423,3,894.0349457877791
1435,Product A,Clothing,65,Supplier Z,21.41253501299516,2.709919883943341,26,SKU002,Warehouse B,30 Days,Brand Y,9246817296,65,453.4642038056263
1436,Product A,Clothing,3,Supplier Z,34.79473257316894,2.938151000856227,51,SKU001,Warehouse C,30 Days,Brand Y,9955326961,32,535.1684553258143
1437,Product B,Home,67,Supplier Y,26.86261360016693,3.747639914732853,81,SKU001,Warehouse A,7 Days,Brand X,9257727102,72,421.6165704457583
1438,Product A,Clothing,28,Supplier X,0.929016702754959,4.094176738943256,9,SKU003,Warehouse B,15 Days,Brand X,9690994172,34,851.8731501067085
1439,Product B,Clothing,14,Supplier X,47.67784033600492,3.951309309375149,49,SKU001,Warehouse B,7 Days,Brand X,9235116698,37,237.405292208513
1440,Product B,Clothing,52,Supplier Z,42.24080262860717,2.366332209158341,29,SKU001,Warehouse C,30 Days,Brand Z,9550050794,94,247.3119874600202
1441,Product B,Clothing,30,Supplier X,13.02725070548689,4.997802091967854,0,SKU003,Warehouse A,15 Days,Brand X,9902268690,77,378.879052541309
1442,Product B,Electronics,58,Supplier Z,30.82294675831481,4.394661247148718,53,SKU002,Warehouse B,7 Days,Brand X,9255860458,56,238.0394037813277
1443,Product B,Home,54,Supplier X,46.16196918640939,2.040093492579876,3,SKU003,Warehouse C,30 Days,Brand Y,9946927081,94,565.3967680507716
1444,Product C,Home,69,Supplier Z,4.800550605682568,1.78042322269131,86,SKU003,Warehouse C,30 Days,Brand Z,9482560797,32,143.1452054305473
1445,Product A,Electronics,15,Supplier Z,25.15147403983503,2.256085002333562,6,SKU002,Warehouse C,15 Days,Brand Y,9346998861,43,326.9843572100148
1446,Product C,Electronics,38,Supplier Y,22.81215129231472,2.80937941199858,29,SKU002,Warehouse C,30 Days,Brand Z,9498015405,52,914.310251490834
1447,Product A,Home,78,Supplier Z,20.51025026417662,4.403197513278455,89,SKU002,Warehouse C,30 Days,Brand Z,9423689833,79,415.133225389878
1448,Product C,Clothing,14,Supplier Y,41.77943044464625,4.113449055178138,64,SKU002,Warehouse B,30 Days,Brand Y,9067076415,19,750.7513793285741
1449,Product B,Clothing,57,Supplier X,19.03230733487287,4.404984494023504,28,SKU003,Warehouse C,30 Days,Brand Y,9482098207,62,122.3275697895083
1450,Product A,Home,59,Supplier X,3.18316666205038,2.087828459641314,24,SKU002,Warehouse A,15 Days,Brand Z,9190406550,50,255.0888630603668
1451,Product A,Clothing,8,Supplier Y,3.291887108215125,3.373844889807345,39,SKU001,Warehouse A,30 Days,Brand Z,9597404169,13,809.2721649883649
1452,Product C,Electronics,72,Supplier X,2.13723032623045,2.132996249109498,25,SKU003,Warehouse B,30 Days,Brand X,9454135098,34,765.3630069267972
1453,Product C,Clothing,19,Supplier Y,20.45727109370186,1.436092642877973,16,SKU003,Warehouse C,30 Days,Brand X,9238318181,44,392.294359407883
1454,Product A,Clothing,32,Supplier X,35.920313884918,3.736790973898723,30,SKU002,Warehouse C,15 Days,Brand Y,9362902133,32,954.8529330131395
1455,Product C,Clothing,95,Supplier Y,10.18612309652577,1.571990204781755,60,SKU002,Warehouse B,15 Days,Brand Z,9966388380,60,911.5365856761999
1456,Product C,Home,29,Supplier Y,32.32342602157748,3.670791046825886,7,SKU001,Warehouse C,7 Days,Brand Y,9543722762,92,962.6777416211174
1457,Product C,Electronics,41,Supplier Z,34.35442360518521,3.591857219621637,68,SKU002,Warehouse C,15 Days,Brand X,9293724145,71,433.6355432859075
1458,Product B,Clothing,75,Supplier X,12.7601062007799,4.240993777696068,0,SKU003,Warehouse A,30 Days,Brand X,9000226725,52,205.4988478488262
1459,Product B,Home,45,Supplier Z,30.02788280303146,1.558218418254258,78,SKU002,Warehouse C,15 Days,Brand X,9309518580,97,630.3920527004276
1460,Product C,Clothing,13,Supplier Y,34.24341700134237,4.133920594035244,99,SKU001,Warehouse B,15 Days,Brand Z,9866097742,77,687.9254266964065
1461,Product C,Electronics,27,Supplier Z,23.33068114010629,4.997106103784948,70,SKU003,Warehouse A,15 Days,Brand Y,9979872415,77,134.1873666060148
1462,Product B,Clothing,19,Supplier Y,16.83582986400475,4.404169794343609,45,SKU003,Warehouse B,30 Days,Brand Z,9644996186,49,788.6182039529468
1463,Product B,Electronics,26,Supplier X,30.95757757871637,4.007248305310664,90,SKU002,Warehouse B,7 Days,Brand Z,9374670181,14,27.87961756236092
1464,Product A,Clothing,53,Supplier X,48.89235436640285,3.64866141877883,98,SKU001,Warehouse C,7 Days,Brand X,9119653811,41,487.9011036020156
1465,Product A,Electronics,51,Supplier X,21.3420704684489,2.687125938741718,90,SKU001,Warehouse C,7 Days,Brand X,9442702464,19,337.7060968999459
1466,Product B,Clothing,37,Supplier Y,19.58675481425605,3.922000671566409,19,SKU002,Warehouse A,7 Days,Brand Y,9425819624,91,742.9000293000933
1467,Product C,Electronics,9,Supplier Z,23.21334512130567,3.896712140561813,81,SKU003,Warehouse B,15 Days,Brand Z,9090787853,67,319.6331201475978
1468,Product C,Clothing,92,Supplier X,3.810919672252411,3.525993130749153,39,SKU003,Warehouse B,7 Days,Brand Y,9061873026,6,828.5390416532225
1469,Product C,Clothing,96,Supplier Y,27.6581639835695,4.185113513191314,1,SKU003,Warehouse C,15 Days,Brand Y,9070883613,65,599.0039538930024
1470,Product C,Home,52,Supplier Z,16.43486936086318,2.795055553707339,93,SKU002,Warehouse B,15 Days,Brand Y,9289661598,72,795.9544281444513
1471,Product A,Home,54,Supplier Y,6.071106116563124,1.485010848529563,60,SKU003,Warehouse B,7 Days,Brand Y,9468185728,22,989.4472314612275
1472,Product B,Electronics,3,Supplier Y,23.31283705586867,3.23627091043695,93,SKU003,Warehouse B,30 Days,Brand X,9650875811,35,682.3667622861212
1473,Product C,Clothing,96,Supplier X,0.1691993286988713,2.06017411484537,70,SKU002,Warehouse B,7 Days,Brand Y,9645772973,11,985.1008131980277
1474,Product A,Electronics,69,Supplier Y,20.08926225813795,2.537732389716601,76,SKU003,Warehouse B,7 Days,Brand X,9622905270,22,38.54796365248829
1475,Product C,Home,8,Supplier Y,5.286763396322525,1.069659615764904,96,SKU002,Warehouse A,15 Days,Brand Y,9739226531,94,344.7585885989703
1476,Product B,Electronics,14,Supplier Z,1.214635169989015,2.531162351671533,29,SKU001,Warehouse B,15 Days,Brand X,9960552362,10,116.7747319166861
1477,Product A,Electronics,3,Supplier X,41.2237523122251,4.235204424541818,29,SKU001,Warehouse B,7 Days,Brand Y,9266986483,0,269.6818820705952
1478,Product B,Home,24,Supplier Y,45.81244016413174,3.170889467753019,86,SKU002,Warehouse A,7 Days,Brand Z,9301016424,76,840.4990201345167
1479,Product B,Clothing,13,Supplier Y,10.38373241795533,1.039202107735884,44,SKU002,Warehouse C,30 Days,Brand Z,9459100202,38,42.00003267282941
1480,Product A,Electronics,43,Supplier Z,26.96491319171306,2.879375280959389,23,SKU002,Warehouse C,30 Days,Brand X,9354902926,92,524.9811063750698
1481,Product A,Home,29,Supplier Y,13.89790785654925,2.16580659058163,83,SKU003,Warehouse A,30 Days,Brand X,9056608037,69,571.4574204570492
1482,Product A,Clothing,72,Supplier Y,24.67887193360911,2.910202621588684,91,SKU003,Warehouse A,15 Days,Brand Y,9813136683,30,565.5396352052366
1483,Product A,Home,51,Supplier Y,21.83156604470801,2.618770885791508,55,SKU002,Warehouse C,30 Days,Brand Z,9576295931,8,480.5441030850232
1484,Product A,Electronics,42,Supplier Y,13.45255275402428,4.727916878229526,82,SKU002,Warehouse B,15 Days,Brand Y,9484866668,55,792.6969351220578
1485,Product A,Clothing,31,Supplier Y,35.01967898176488,1.164709195852063,60,SKU003,Warehouse B,15 Days,Brand X,9886725873,17,142.2076586104957
1486,Product A,Clothing,63,Supplier Z,6.324547966012712,3.734352045127729,12,SKU003,Warehouse A,7 Days,Brand Y,9011201590,58,317.4712453952794
1487,Product C,Home,26,Supplier Y,2.653639108568356,4.404106385206966,79,SKU002,Warehouse B,30 Days,Brand Z,9320881206,66,619.568792910721
1488,Product B,Home,18,Supplier Y,38.38377165186396,4.836954338601902,55,SKU003,Warehouse A,7 Days,Brand Z,9998797133,95,694.0418526052763
1489,Product A,Home,82,Supplier Y,33.29650156103399,1.710544906177184,14,SKU003,Warehouse C,7 Days,Brand Z,9212459223,2,410.1069474592857
1490,Product C,Clothing,57,Supplier Y,24.9263062073199,3.125219207864776,10,SKU001,Warehouse B,15 Days,Brand Z,9231155129,29,876.6175506939608
1491,Product C,Clothing,7,Supplier X,23.38948852362708,1.174358309268848,11,SKU002,Warehouse C,30 Days,Brand Z,9608154936,63,421.3384627289552
1492,Product C,Electronics,48,Supplier X,24.87056897457131,2.996734097820354,85,SKU002,Warehouse B,7 Days,Brand X,9497018039,69,408.7483730048498
1493,Product B,Clothing,80,Supplier X,21.85120380493364,1.501832358163928,88,SKU003,Warehouse B,15 Days,Brand Y,9426499201,90,45.84518887251111
1494,Product A,Electronics,60,Supplier X,19.64461479155896,4.351586698794854,2,SKU001,Warehouse B,7 Days,Brand Y,9939585010,1,555.6299228327865
1495,Product C,Home,33,Supplier Z,24.98453014430602,1.455480010421459,23,SKU002,Warehouse A,30 Days,Brand Y,9543816315,19,711.594030126786
1496,Product B,Home,3,Supplier X,26.42575855798802,3.053153441545981,88,SKU002,Warehouse C,15 Days,Brand X,9095848865,80,123.2937818816796
1497,Product B,Clothing,4,Supplier Z,34.59511570418105,3.084384275971015,8,SKU003,Warehouse A,30 Days,Brand X,9364105776,96,312.3784384269921
1498,Product B,Home,4,Supplier X,35.56035803670113,4.886601991726422,91,SKU002,Warehouse A,7 Days,Brand X,9119699775,80,783.4443842450237
1499,Product C,Home,42,Supplier Z,18.88145400700723,3.619922776155553,45,SKU003,Warehouse C,15 Days,Brand X,9618139900,28,372.2602410594396
1500,Product A,Clothing,9,Supplier X,20.67702613717444,2.151361172307208,93,SKU001,Warehouse C,7 Days,Brand Y,9405540694,8,249.1864374196395
1501,Product C,Electronics,51,Supplier Y,18.68485848681115,1.963197239752554,70,SKU001,Warehouse A,7 Days,Brand Z,9798121351,3,675.4786569294611
1502,Product C,Clothing,17,Supplier X,26.82678868128552,1.51299282258026,59,SKU002,Warehouse A,30 Days,Brand Z,9877227076,39,204.7911898949391
1503,Product A,Electronics,17,Supplier X,22.66767689570976,4.026058896196238,10,SKU003,Warehouse A,15 Days,Brand X,9698035641,54,896.6963903873451
1504,Product A,Clothing,97,Supplier X,44.47982315680968,3.763026624729354,9,SKU001,Warehouse C,7 Days,Brand Y,9166006698,12,114.5424120658795
1505,Product A,Clothing,20,Supplier Y,34.81806334582363,3.439508509232424,2,SKU002,Warehouse A,30 Days,Brand Y,9385600317,5,709.4843042599987
1506,Product B,Home,14,Supplier Z,44.93281918772228,1.163361771799953,18,SKU002,Warehouse C,30 Days,Brand X,9400557432,72,504.5532142735115
1507,Product A,Clothing,22,Supplier Z,35.45684957797128,4.051315465577177,1,SKU002,Warehouse A,15 Days,Brand Y,9076913203,25,871.2302667730237
1508,Product C,Clothing,52,Supplier Y,48.5496074261907,3.567550308593917,16,SKU003,Warehouse C,7 Days,Brand Z,9804087328,40,134.9331401159743
1509,Product A,Electronics,27,Supplier X,31.78683891276345,4.855555472441953,92,SKU003,Warehouse A,15 Days,Brand X,9795475919,41,681.115969311127
1510,Product C,Home,43,Supplier X,48.17750690815274,3.348808519507248,1,SKU001,Warehouse B,15 Days,Brand Y,9056574692,77,576.3340927895676
1511,Product B,Electronics,3,Supplier X,7.908494520471304,2.215807626646833,52,SKU003,Warehouse B,7 Days,Brand Y,9612620474,60,485.289240817646
1512,Product C,Electronics,88,Supplier Z,2.623884041470192,2.526082208757281,15,SKU003,Warehouse C,15 Days,Brand Y,9799007419,61,496.4931907983417
1513,Product C,Home,94,Supplier Z,28.95625926019296,1.70336282151293,9,SKU002,Warehouse C,15 Days,Brand X,9948847294,97,724.7571921805454
1514,Product A,Home,8,Supplier Y,49.17466028998874,3.891656728805541,67,SKU002,Warehouse B,15 Days,Brand Z,9009443439,67,938.3642383854739
1515,Product A,Home,86,Supplier Y,20.88026236511984,3.830886640086901,42,SKU001,Warehouse C,30 Days,Brand Y,9549057719,20,100.3391425278576
1516,Product C,Clothing,89,Supplier Z,10.60216810964798,1.802600061910705,89,SKU002,Warehouse C,7 Days,Brand X,9466915620,30,29.30762113441503
1517,Product A,Home,10,Supplier X,26.0770724596757,1.633957292729114,57,SKU002,Warehouse B,15 Days,Brand X,9760783803,42,807.6477445563914
1518,Product B,Home,29,Supplier X,32.43993122894443,1.308019732808778,59,SKU002,Warehouse A,30 Days,Brand Y,9900096873,20,117.0876936752517
1519,Product B,Home,40,Supplier X,15.75893477579445,4.647902974727034,23,SKU003,Warehouse C,30 Days,Brand X,9673968629,28,986.8298281196196
1520,Product A,Electronics,65,Supplier X,35.73846792496298,1.932279334779405,75,SKU002,Warehouse C,15 Days,Brand Z,9858423293,54,623.1547664692489
1521,Product B,Electronics,21,Supplier Y,48.75572535228629,2.376654107007216,84,SKU001,Warehouse A,7 Days,Brand Z,9471276503,57,654.3577313015993
1522,Product A,Clothing,24,Supplier Y,44.84815608553085,2.122018033509963,15,SKU001,Warehouse A,30 Days,Brand X,9904195378,23,206.9027859086372
1523,Product C,Electronics,73,Supplier Z,14.57926867560976,2.654498410443164,99,SKU002,Warehouse C,15 Days,Brand Y,9113805084,44,247.9091871937077
1524,Product C,Clothing,60,Supplier Y,16.33618415722992,3.856195197529933,98,SKU002,Warehouse C,7 Days,Brand Z,9104881890,79,662.7568000682577
1525,Product B,Electronics,26,Supplier X,18.57706122247943,4.482382534905138,8,SKU001,Warehouse A,7 Days,Brand Y,9723178120,8,910.629569554855
1526,Product A,Home,9,Supplier Z,19.72763891968227,1.730394998114161,5,SKU003,Warehouse C,15 Days,Brand X,9150335573,84,982.5666489723909
1527,Product A,Electronics,20,Supplier Y,5.015974959663971,3.74564937496466,64,SKU002,Warehouse A,30 Days,Brand Z,9591952851,65,206.0506371647827
1528,Product B,Clothing,56,Supplier Y,38.09814194446447,2.410248568969941,77,SKU001,Warehouse A,7 Days,Brand Y,9992858407,1,142.7784264826923
1529,Product C,Electronics,99,Supplier Y,18.26696318053502,4.922108673189172,23,SKU003,Warehouse C,7 Days,Brand X,9551665091,36,65.83734418318257
1530,Product B,Home,36,Supplier Y,43.99099883527261,2.195676637136307,9,SKU001,Warehouse C,7 Days,Brand Y,9541322410,36,869.6140479797145
1531,Product C,Clothing,36,Supplier Y,46.34703115600544,1.02877182403144,81,SKU003,Warehouse A,7 Days,Brand Z,9364574155,68,301.7676983879041
1532,Product A,Home,73,Supplier X,1.221565465384405,3.062559896079381,72,SKU001,Warehouse C,30 Days,Brand X,9785178902,45,11.79391353055914
1533,Product C,Home,22,Supplier X,49.42515349641031,1.602924337103751,26,SKU001,Warehouse A,30 Days,Brand X,9655449958,5,231.5799051958645
1534,Product B,Clothing,1,Supplier X,35.50113657500923,1.177977707273596,82,SKU003,Warehouse B,15 Days,Brand Y,9106456071,47,347.0366692984242
1535,Product A,Home,69,Supplier Y,26.01961129964812,3.793076927790834,99,SKU002,Warehouse B,15 Days,Brand Y,9881357385,7,991.0763078017184
1536,Product B,Home,73,Supplier Z,19.47638041862766,3.929037130033826,2,SKU001,Warehouse A,30 Days,Brand X,9357192854,31,528.3061779185108
1537,Product B,Electronics,37,Supplier X,25.92590663048565,2.84279605246601,37,SKU002,Warehouse A,15 Days,Brand Z,9452674140,76,212.6668081191503
1538,Product C,Home,83,Supplier X,16.23123619892222,3.707542067026309,72,SKU001,Warehouse C,7 Days,Brand Z,9536107383,66,341.4701612663166
1539,Product B,Home,72,Supplier Y,31.13439068482741,3.152957792988536,73,SKU003,Warehouse A,30 Days,Brand Y,9485481836,72,337.0046106813097
1540,Product C,Home,96,Supplier Z,4.649013822239562,3.519204430887727,72,SKU002,Warehouse A,7 Days,Brand Y,9240527967,67,29.52848899854373
1541,Product A,Home,13,Supplier X,31.05613014559051,3.386815892751845,16,SKU003,Warehouse C,30 Days,Brand Y,9059988407,27,143.8312236297158
1542,Product C,Clothing,84,Supplier X,13.76724250692221,3.66329105622237,47,SKU003,Warehouse C,30 Days,Brand Z,9497465485,39,698.2444951061791
1543,Product A,Electronics,43,Supplier Z,0.8817414526173184,1.798522594692685,48,SKU002,Warehouse B,15 Days,Brand Z,9164233807,15,129.0484767050273
1544,Product C,Home,37,Supplier Y,27.63528830814388,2.074826480146801,42,SKU002,Warehouse A,30 Days,Brand Y,9496000870,56,238.4269338400576
1545,Product B,Home,94,Supplier Z,28.92238779263482,2.759852598030768,83,SKU002,Warehouse A,15 Days,Brand Y,9263780079,74,357.2299254202657
1546,Product C,Clothing,74,Supplier Y,21.3284502355768,2.784512037676746,6,SKU003,Warehouse B,30 Days,Brand X,9165674768,54,760.1575950572708
1547,Product C,Home,95,Supplier X,3.614311627515843,4.097646846347617,67,SKU003,Warehouse A,7 Days,Brand X,9053532691,82,586.5769552192604
1548,Product A,Clothing,25,Supplier Z,44.66714764020958,2.469574636918128,73,SKU003,Warehouse C,7 Days,Brand X,9584666994,85,692.1099851386826
1549,Product B,Electronics,93,Supplier Z,30.57154036139444,1.650020624236729,20,SKU002,Warehouse A,7 Days,Brand X,9457531403,38,571.3422021659705
1550,Product C,Electronics,88,Supplier X,5.785664978448479,2.005863881964304,77,SKU001,Warehouse C,7 Days,Brand Y,9891336648,75,686.7565009696503
1551,Product B,Home,21,Supplier X,25.54652882970738,1.858934009536914,24,SKU002,Warehouse A,7 Days,Brand Z,9091921019,54,12.81373212733272
1552,Product C,Home,41,Supplier Y,24.86271579742357,3.926640077024088,80,SKU001,Warehouse B,7 Days,Brand Z,9181764217,29,931.5891629277152
1553,Product C,Home,73,Supplier X,3.020093439646349,2.881358458503928,60,SKU003,Warehouse C,30 Days,Brand X,9140623687,41,119.8110285660585
1554,Product B,Clothing,42,Supplier X,30.34298518014737,3.834522791883934,27,SKU001,Warehouse C,15 Days,Brand Z,9824930728,4,412.1866050171358
1555,Product C,Home,42,Supplier Z,40.41631994607823,2.664878723030508,77,SKU002,Warehouse B,30 Days,Brand X,9221448420,44,773.3279865424063
1556,Product B,Home,2,Supplier Y,37.45040271242391,4.558942410015621,51,SKU002,Warehouse C,7 Days,Brand Y,9056126036,63,440.8784108293297
1557,Product C,Electronics,68,Supplier X,10.14847070820917,4.934081230890938,12,SKU002,Warehouse B,7 Days,Brand X,9688058345,31,947.3741261508407
1558,Product A,Home,8,Supplier Z,43.11462647771057,3.679370034810447,33,SKU001,Warehouse A,30 Days,Brand Z,9836476831,97,472.9130590137791
1559,Product B,Electronics,96,Supplier X,17.12710828296754,4.455250228944875,66,SKU002,Warehouse B,15 Days,Brand Z,9749378468,11,876.1900115466447
1560,Product C,Home,61,Supplier X,47.32541891459707,3.031733068688251,3,SKU001,Warehouse A,15 Days,Brand Z,9968983405,65,812.7198322286482
1561,Product C,Electronics,14,Supplier X,3.587398211285686,4.738483361415632,43,SKU003,Warehouse C,15 Days,Brand Y,9505250577,51,981.1764397706963
1562,Product A,Home,77,Supplier X,24.31043442599213,4.326345942691312,14,SKU001,Warehouse C,15 Days,Brand X,9213993500,70,927.2823029434657
1563,Product B,Electronics,21,Supplier Y,29.85621885887746,4.967114287064156,83,SKU003,Warehouse B,7 Days,Brand Y,9913356934,31,899.1425963657499
1564,Product C,Clothing,24,Supplier Z,12.38250492373024,3.492374941311122,7,SKU001,Warehouse A,7 Days,Brand Y,9219928103,34,734.2882971142736
1565,Product A,Electronics,50,Supplier Z,38.56900943601138,4.116826961072914,4,SKU003,Warehouse B,15 Days,Brand X,9181534820,5,373.3281657955386
1566,Product C,Electronics,82,Supplier X,31.34478399053585,3.171472559912854,65,SKU002,Warehouse C,30 Days,Brand Z,9427958647,21,115.0641643792534
1567,Product B,Electronics,45,Supplier Z,0.9054718643977777,2.036480417085691,91,SKU001,Warehouse C,30 Days,Brand Z,9954540677,88,691.7586017417461
1568,Product C,Home,64,Supplier X,30.41842953481179,2.419020684519031,85,SKU003,Warehouse A,7 Days,Brand Z,9730922899,46,978.8675405245853
1569,Product C,Home,64,Supplier Z,24.57391172092232,4.576021658925264,72,SKU002,Warehouse A,30 Days,Brand Z,9347737398,12,729.3383929585502
1570,Product C,Home,26,Supplier Y,9.801460085175384,1.223791786394482,91,SKU002,Warehouse C,7 Days,Brand Y,9539553207,22,929.4420755845622
1571,Product C,Clothing,32,Supplier Y,49.78741135297648,3.365919544297633,45,SKU003,Warehouse C,7 Days,Brand X,9253646664,43,806.2616658259616
1572,Product A,Clothing,57,Supplier Z,44.85810974138074,2.489936130016435,64,SKU003,Warehouse A,15 Days,Brand X,9842324167,8,171.483528365512
1573,Product A,Electronics,53,Supplier X,14.62538475145317,2.546770152022223,99,SKU001,Warehouse B,15 Days,Brand X,9826594000,58,256.7117328853744
1574,Product B,Clothing,33,Supplier X,27.05354603993081,4.538284825655069,65,SKU003,Warehouse B,15 Days,Brand Y,9093664855,29,348.4469457447269
1575,Product A,Electronics,52,Supplier X,15.82510699551454,4.415289498184906,25,SKU003,Warehouse A,15 Days,Brand Z,9366921703,83,176.5778398946241
1576,Product A,Electronics,95,Supplier X,38.77478758180391,3.395369502289875,30,SKU002,Warehouse A,15 Days,Brand Z,9376118396,43,585.8348193462766
1577,Product B,Electronics,18,Supplier Y,46.51657165982275,2.091675389617336,50,SKU003,Warehouse A,15 Days,Brand X,9191263190,48,975.6960188936017
1578,Product A,Clothing,35,Supplier X,17.94143034571918,2.901825384648096,40,SKU003,Warehouse C,30 Days,Brand Z,9023685024,15,763.844245101797
1579,Product A,Home,12,Supplier X,40.27921245718137,2.633173575156864,50,SKU003,Warehouse B,15 Days,Brand Y,9540689429,85,429.1528815767873
1580,Product B,Clothing,51,Supplier X,24.92037713566024,2.414472116809981,18,SKU002,Warehouse A,15 Days,Brand Z,9753420337,73,14.45943617048577
1581,Product B,Electronics,89,Supplier X,19.82892806557886,1.411142314229186,94,SKU002,Warehouse B,7 Days,Brand Z,9767020782,83,320.1432510267969
1582,Product B,Electronics,95,Supplier Y,46.92109260493849,3.172455546861281,72,SKU002,Warehouse C,7 Days,Brand Z,9832754389,52,531.491694815293
1583,Product C,Clothing,10,Supplier Z,25.52023443595157,2.207325191497934,2,SKU002,Warehouse C,15 Days,Brand X,9527847194,1,331.0083651134509
1584,Product C,Electronics,52,Supplier Z,23.37052501287324,3.643231771710114,37,SKU001,Warehouse A,7 Days,Brand Y,9343764527,66,119.9245737936209
1585,Product B,Electronics,34,Supplier X,33.62172009811715,2.276815743302123,69,SKU002,Warehouse A,30 Days,Brand X,9804476993,41,448.3373072932756
1586,Product B,Clothing,67,Supplier X,13.06171005091422,2.724653972539207,44,SKU002,Warehouse A,30 Days,Brand Y,9380790750,63,260.7202887960591
1587,Product B,Clothing,39,Supplier Z,16.23964353941579,1.20944149677763,70,SKU001,Warehouse A,30 Days,Brand X,9130391948,7,910.1400526968864
1588,Product C,Clothing,8,Supplier Y,46.60229181193113,4.97015227962191,40,SKU001,Warehouse B,30 Days,Brand Y,9924384385,72,110.7369832160056
1589,Product C,Electronics,96,Supplier Y,33.92649227184712,3.030441533100703,24,SKU001,Warehouse A,15 Days,Brand Y,9014256429,91,58.66110243746328
1590,Product A,Electronics,29,Supplier Y,41.33185738855028,1.096950376656691,88,SKU003,Warehouse B,30 Days,Brand X,9329149766,20,15.26102746331343
1591,Product A,Home,22,Supplier Y,13.55558809677148,3.164922635044576,49,SKU002,Warehouse C,30 Days,Brand X,9203112831,96,334.7889876408012
1592,Product B,Home,84,Supplier Y,27.1895094964936,4.481415997222599,0,SKU003,Warehouse C,30 Days,Brand Z,9145669898,59,663.7829698188797
1593,Product C,Clothing,70,Supplier Y,48.56981334947491,4.090208537064811,53,SKU001,Warehouse B,30 Days,Brand Y,9143423214,33,733.1096153529747
1594,Product C,Home,61,Supplier Y,15.93519495141088,3.803626736517816,85,SKU001,Warehouse B,7 Days,Brand Y,9759433753,3,458.7290665479059
1595,Product C,Electronics,43,Supplier Y,8.023823815852094,1.55785861839614,83,SKU001,Warehouse A,30 Days,Brand Y,9834880190,88,687.485363950714
1596,Product B,Home,49,Supplier Y,25.5443004112332,3.630948315949889,12,SKU001,Warehouse A,30 Days,Brand Y,9548014128,61,366.3148958532098
1597,Product A,Electronics,29,Supplier X,19.39105443624381,4.065193512049041,39,SKU003,Warehouse A,7 Days,Brand Y,9883851582,95,671.1281577867508
1598,Product B,Clothing,81,Supplier Y,7.978861639335677,3.289676255861986,20,SKU001,Warehouse C,7 Days,Brand Z,9994484244,75,50.19002544934967
1599,Product A,Clothing,31,Supplier X,44.4275691351684,4.570996018081406,86,SKU002,Warehouse B,15 Days,Brand Z,9019262896,1,396.8454547213341
1600,Product A,Electronics,53,Supplier Z,49.53619552768889,2.107959127139542,40,SKU002,Warehouse B,7 Days,Brand Z,9216791630,49,792.9411808568474
1601,Product B,Home,34,Supplier X,28.42910903449989,1.968578798957002,60,SKU002,Warehouse B,7 Days,Brand Y,9479314511,75,804.9759701544114
1602,Product A,Clothing,38,Supplier Z,38.7338384186727,4.478278979770584,32,SKU003,Warehouse B,7 Days,Brand X,9716902408,25,718.9872910869377
1603,Product A,Clothing,57,Supplier X,42.95191847731498,3.50159297196581,72,SKU001,Warehouse A,30 Days,Brand X,9712763540,84,212.1962343641658
1604,Product C,Home,4,Supplier Z,35.04910030109134,1.005788882083997,28,SKU003,Warehouse A,15 Days,Brand Y,9037799348,36,254.7330677413269
1605,Product A,Home,2,Supplier X,2.207802455586561,2.41252563404421,54,SKU002,Warehouse B,15 Days,Brand Z,9652443507,54,996.1278399918672
1606,Product B,Electronics,12,Supplier X,7.88171158584089,4.431423943258698,31,SKU001,Warehouse A,30 Days,Brand X,9561408498,99,112.3442271299403
1607,Product B,Home,35,Supplier Z,3.549459557569323,1.109278046566973,10,SKU003,Warehouse C,15 Days,Brand X,9976668535,17,188.8560719133853
1608,Product A,Home,70,Supplier Y,0.493980332102828,1.012991713046036,51,SKU001,Warehouse A,30 Days,Brand Z,9551423030,23,138.7259930936313
1609,Product C,Home,72,Supplier Y,15.29982043786183,2.125037162100519,35,SKU001,Warehouse C,7 Days,Brand Y,9215118120,29,334.3784140467794
1610,Product C,Electronics,21,Supplier Y,19.61779802407799,4.656000148037112,92,SKU003,Warehouse C,30 Days,Brand Y,9620669445,16,218.0740768815841
1611,Product A,Electronics,61,Supplier Y,12.05148661679629,4.605910325880066,30,SKU002,Warehouse B,30 Days,Brand Y,9994089728,79,502.7110799522944
1612,Product A,Clothing,35,Supplier Y,3.230232404316047,3.075047783206032,13,SKU003,Warehouse B,7 Days,Brand Y,9852787038,41,481.2604998113187
1613,Product B,Electronics,48,Supplier X,26.49315454183388,3.21294748455849,62,SKU003,Warehouse A,7 Days,Brand Y,9790321855,80,902.4905632567901
1614,Product A,Clothing,15,Supplier Y,13.66596599785708,2.328032045268755,51,SKU002,Warehouse B,15 Days,Brand X,9659315588,11,44.39254797033367
1615,Product C,Home,71,Supplier X,39.80185774317812,1.974946648111239,53,SKU003,Warehouse C,30 Days,Brand Z,9429823204,26,326.6807809010857
1616,Product A,Clothing,15,Supplier Z,0.4026310812640599,4.260887416848472,49,SKU001,Warehouse C,7 Days,Brand X,9434373878,54,600.6913130771193
1617,Product B,Clothing,6,Supplier Y,42.12635256438052,1.425179441998566,88,SKU002,Warehouse A,15 Days,Brand X,9009690110,3,608.7537442255242
1618,Product B,Home,81,Supplier Y,47.73768394729785,2.949417483514543,53,SKU003,Warehouse C,30 Days,Brand X,9757104921,34,485.3249667240671
1619,Product B,Clothing,68,Supplier Y,35.80675315767848,3.537589037988338,89,SKU001,Warehouse B,7 Days,Brand Z,9943090432,64,817.5088854064874
1620,Product B,Electronics,22,Supplier Y,36.68220326312833,1.414721161484117,85,SKU002,Warehouse A,7 Days,Brand X,9514675804,75,72.0949497003142
1621,Product B,Electronics,32,Supplier X,46.67811558013666,3.078428381889385,72,SKU003,Warehouse A,30 Days,Brand X,9043648805,28,817.3328879243345
1622,Product A,Electronics,22,Supplier X,10.45356426501746,3.310085151649773,96,SKU002,Warehouse A,7 Days,Brand Y,9377086504,71,499.8066980313466
1623,Product A,Electronics,27,Supplier X,49.72827841042884,3.969984242029459,86,SKU001,Warehouse B,30 Days,Brand Z,9275070930,71,142.4230881262322
1624,Product A,Clothing,15,Supplier Z,38.67406016892709,1.939344196590131,98,SKU001,Warehouse C,30 Days,Brand Y,9225218203,75,886.8448944050729
1625,Product A,Clothing,44,Supplier X,36.32853541638968,2.173310013163033,83,SKU002,Warehouse B,30 Days,Brand Y,9096606340,35,652.7364917455538
1626,Product B,Home,86,Supplier Y,18.05452894976464,3.278084586532134,96,SKU001,Warehouse A,7 Days,Brand X,9649251732,33,171.9102299558979
1627,Product C,Clothing,92,Supplier Z,27.28887427028053,4.932505639926457,34,SKU001,Warehouse C,7 Days,Brand Y,9695752176,35,43.31322616503634
1628,Product A,Clothing,9,Supplier Z,32.69588941366735,1.869972731280458,29,SKU002,Warehouse A,30 Days,Brand X,9903872318,54,149.6985518493228
1629,Product C,Clothing,34,Supplier Y,31.0171430658608,4.943615308493856,54,SKU002,Warehouse B,15 Days,Brand Y,9140884053,3,612.7099805785896
1630,Product A,Home,73,Supplier Y,35.24923192387904,3.857370132217925,93,SKU003,Warehouse A,30 Days,Brand Z,9949611915,10,187.503272907448
1631,Product A,Electronics,15,Supplier Y,4.119086953920531,4.304328278520092,85,SKU003,Warehouse B,30 Days,Brand Z,9396573573,58,233.5054441262778
1632,Product C,Clothing,62,Supplier Y,17.78242164158484,1.358565072945357,0,SKU002,Warehouse A,30 Days,Brand Y,9538066844,2,34.88832849875104
1633,Product B,Home,45,Supplier X,21.70000082977386,2.201680749722529,14,SKU001,Warehouse A,15 Days,Brand X,9636939116,73,725.7013655162176
1634,Product A,Home,84,Supplier Z,13.03146489374832,1.230945118603924,24,SKU001,Warehouse A,7 Days,Brand X,9621906679,11,812.2607557618427
1635,Product A,Home,72,Supplier Y,8.631363513461189,2.486187980012701,19,SKU002,Warehouse B,7 Days,Brand X,9665848679,72,798.8796950044019
1636,Product A,Electronics,58,Supplier X,6.946373995643141,4.925158639680207,70,SKU002,Warehouse B,30 Days,Brand Y,9069086140,20,136.2924698506414
1637,Product C,Clothing,92,Supplier Y,18.31916961282926,1.421092248825354,15,SKU002,Warehouse B,30 Days,Brand X,9072271394,97,904.2681161148718
1638,Product B,Home,19,Supplier X,24.67208502812829,3.249491129484798,51,SKU001,Warehouse B,7 Days,Brand Y,9233990392,21,675.5560411793392
1639,Product C,Electronics,16,Supplier Y,3.148822007333036,1.024282491255249,86,SKU003,Warehouse B,30 Days,Brand Z,9930510666,17,898.5533361530959
1640,Product C,Home,75,Supplier Y,47.32290472952748,3.850731264176251,84,SKU003,Warehouse C,7 Days,Brand X,9813897340,5,452.688899485357
1641,Product B,Home,8,Supplier Y,38.26216614303792,1.788770769488164,64,SKU001,Warehouse A,15 Days,Brand Y,9399907379,88,442.5853124728608
1642,Product C,Home,33,Supplier X,36.54258865927333,1.518338148499052,83,SKU003,Warehouse B,30 Days,Brand X,9411789720,78,786.6911534980463
1643,Product B,Home,74,Supplier Y,8.643026249436348,2.348071248643151,82,SKU002,Warehouse C,7 Days,Brand Y,9838852365,64,102.3648769219761
1644,Product A,Home,18,Supplier X,30.19003840060945,4.084177191755926,69,SKU002,Warehouse C,7 Days,Brand X,9684022492,54,525.6652962685368
1645,Product B,Electronics,35,Supplier X,26.48624734043337,1.426452345244843,95,SKU001,Warehouse A,15 Days,Brand Z,9216740148,39,838.0203932749134
1646,Product A,Clothing,43,Supplier Z,49.12344228933469,1.919355983194782,0,SKU001,Warehouse A,30 Days,Brand Y,9703553596,81,831.8906374388756
1647,Product C,Clothing,50,Supplier X,37.3835885040079,1.033857686469238,93,SKU002,Warehouse A,15 Days,Brand Y,9285756919,51,956.5715277789453
1648,Product C,Clothing,3,Supplier X,28.78809418581156,4.873659450782473,15,SKU002,Warehouse B,7 Days,Brand Z,9984926988,43,701.289867595241
1649,Product A,Clothing,91,Supplier X,42.54063332350611,3.368582399955455,26,SKU001,Warehouse A,7 Days,Brand Z,9815548942,94,215.6929231453311
1650,Product C,Electronics,59,Supplier X,7.754713543035474,3.879598545538798,17,SKU001,Warehouse A,15 Days,Brand X,9460786998,61,30.07751174563501
1651,Product B,Electronics,28,Supplier X,0.7608264845488599,3.605532684624058,76,SKU002,Warehouse A,15 Days,Brand Y,9332598964,83,484.6216406408309
1652,Product A,Electronics,46,Supplier Z,34.51166667072616,1.577458235478697,43,SKU002,Warehouse C,15 Days,Brand Y,9911386823,88,518.5668269663299
1653,Product C,Home,64,Supplier Y,4.915573011861873,3.379759755975976,49,SKU003,Warehouse B,30 Days,Brand X,9266877742,96,247.8599586539421
1654,Product A,Home,70,Supplier Z,5.77168199917546,1.525662380565048,91,SKU003,Warehouse A,7 Days,Brand X,9337100716,73,133.4504726523672
1655,Product B,Home,47,Supplier Z,37.23403632122653,2.604945815852512,73,SKU002,Warehouse C,30 Days,Brand Y,9153488736,28,590.3460845286039
1656,Product B,Clothing,14,Supplier Y,13.52674220669945,3.275852543701172,13,SKU001,Warehouse B,30 Days,Brand Z,9731432010,18,766.6131172838999
1657,Product C,Home,7,Supplier X,31.43156077844464,3.235524456408624,51,SKU003,Warehouse A,15 Days,Brand X,9298658547,27,993.222562554259
1658,Product B,Clothing,74,Supplier Y,45.87034630463742,1.476293703930964,92,SKU003,Warehouse C,30 Days,Brand Y,9841233678,90,760.7195910384133
1659,Product A,Home,79,Supplier X,15.82372658189292,1.137743878586089,74,SKU002,Warehouse B,30 Days,Brand X,9967093283,18,795.6960901130251
1660,Product B,Clothing,31,Supplier Y,10.85720789199594,4.192937255495256,49,SKU001,Warehouse A,15 Days,Brand Z,9765657285,30,620.2962694465095
1661,Product A,Home,93,Supplier Z,5.328144187052586,3.903689747984021,90,SKU001,Warehouse A,15 Days,Brand Y,9223081624,53,986.0634323803175
1662,Product A,Home,81,Supplier X,6.523118070986306,1.327275618258952,16,SKU002,Warehouse C,15 Days,Brand Y,9155314219,98,643.5568212634247
1663,Product B,Electronics,51,Supplier Z,3.111134768942136,1.509662075206214,2,SKU001,Warehouse A,7 Days,Brand Y,9511511168,61,861.6507535357073
1664,Product C,Home,29,Supplier X,4.382118941487007,4.570335105558481,61,SKU002,Warehouse C,7 Days,Brand Z,9289938362,13,946.3267997785462
1665,Product B,Home,15,Supplier Y,21.6002294404577,4.07651560648712,94,SKU001,Warehouse C,30 Days,Brand X,9360863729,49,930.5599154955554
1666,Product A,Electronics,90,Supplier Y,16.04325225119848,4.984641184866696,20,SKU002,Warehouse C,30 Days,Brand Z,9651174758,58,387.6011903455229
1667,Product A,Clothing,76,Supplier Y,35.3280407161499,2.015949796820087,32,SKU001,Warehouse B,7 Days,Brand Z,9880345597,69,87.87543773111607
1668,Product B,Electronics,25,Supplier Y,43.5120829123501,2.95121195547526,0,SKU002,Warehouse C,30 Days,Brand Z,9542099871,57,180.1549655138544
1669,Product C,Electronics,61,Supplier Y,39.23866015711921,1.945838304249423,69,SKU002,Warehouse B,15 Days,Brand Y,9420949953,8,68.6310723426414
1670,Product C,Clothing,41,Supplier Z,26.53186283328261,3.491200553909239,55,SKU001,Warehouse A,7 Days,Brand Z,9986540440,56,114.3429654808486
1671,Product A,Home,69,Supplier Z,5.122105811632672,1.461656956365272,3,SKU002,Warehouse B,30 Days,Brand Y,9671707431,40,192.8047334347607
1672,Product A,Clothing,4,Supplier X,35.48836419707768,1.508972690972132,21,SKU003,Warehouse C,30 Days,Brand Y,9248830905,26,347.6833734215277
1673,Product C,Home,57,Supplier Z,18.14143623634368,1.287551565620491,76,SKU001,Warehouse A,30 Days,Brand X,9835667808,57,548.104250109325
1674,Product B,Home,31,Supplier X,4.282519695770509,3.774344329056668,57,SKU002,Warehouse C,7 Days,Brand X,9705329778,80,714.5652387615352
1675,Product A,Clothing,3,Supplier X,42.12332036063128,2.976290309732827,43,SKU001,Warehouse C,7 Days,Brand Z,9754122597,99,218.8180627454468
1676,Product A,Electronics,67,Supplier Z,16.91082585912528,3.47092486541852,56,SKU001,Warehouse A,7 Days,Brand Y,9370184767,67,675.797180195758
1677,Product C,Clothing,90,Supplier Z,10.91244162557857,4.517204186357436,93,SKU002,Warehouse C,15 Days,Brand Y,9413275026,57,707.2164837573954
1678,Product B,Home,50,Supplier X,43.57260323094216,3.961313939021434,39,SKU003,Warehouse B,30 Days,Brand X,9740557784,23,563.0361134975276
1679,Product C,Clothing,17,Supplier Z,45.10669342235025,2.846891672666764,89,SKU001,Warehouse A,30 Days,Brand Y,9396657435,79,904.5816911007236
1680,Product B,Clothing,60,Supplier Z,16.94854185957799,4.937423953576905,55,SKU003,Warehouse A,15 Days,Brand Z,9079140809,61,119.8848657825925
1681,Product B,Home,74,Supplier Z,17.74007096406867,2.825024404567893,62,SKU003,Warehouse A,7 Days,Brand Y,9393590494,80,185.3502430263953
1682,Product B,Electronics,66,Supplier Y,28.98142637915721,1.449802692934133,38,SKU002,Warehouse C,7 Days,Brand Z,9006226767,66,434.37817614559
1683,Product A,Clothing,88,Supplier Y,36.67207469053291,4.970618989010864,6,SKU002,Warehouse C,7 Days,Brand X,9684836207,2,135.4456078818965
1684,Product C,Home,75,Supplier X,3.157460095343173,1.091282920059389,13,SKU001,Warehouse A,15 Days,Brand X,9562666921,50,570.6331822868466
1685,Product C,Home,24,Supplier Z,29.66718285942359,3.199534237951009,89,SKU002,Warehouse B,30 Days,Brand Y,9995228881,98,404.4164619433301
1686,Product B,Clothing,99,Supplier X,47.64100308917908,2.236381954798837,17,SKU001,Warehouse C,15 Days,Brand Y,9539186773,66,291.7498365905593
1687,Product A,Electronics,87,Supplier Z,13.10469485899768,3.014208604067939,54,SKU001,Warehouse C,30 Days,Brand X,9041700273,79,178.2899148874609
1688,Product A,Clothing,32,Supplier Y,45.44136070484669,3.234851810378086,55,SKU003,Warehouse C,30 Days,Brand Z,9922204898,56,341.9848559647282
1689,Product C,Electronics,87,Supplier Z,47.50841703815468,1.96038358511395,87,SKU002,Warehouse B,30 Days,Brand Z,9841883083,19,611.8797573240186
1690,Product A,Electronics,98,Supplier Z,13.45768204855449,3.227435022949047,56,SKU002,Warehouse C,15 Days,Brand Z,9198087017,44,580.0273587805175
1691,Product A,Electronics,19,Supplier Z,37.71009329426753,4.02424444802215,57,SKU001,Warehouse C,7 Days,Brand X,9670208475,5,171.9877602081315
1692,Product B,Electronics,66,Supplier Y,11.938750415978,2.066039348975993,24,SKU003,Warehouse B,7 Days,Brand X,9989081903,32,133.6706126332271
1693,Product A,Clothing,60,Supplier Y,36.88055808660663,2.533704533255628,95,SKU002,Warehouse B,15 Days,Brand X,9821848248,42,36.4099949827838
1694,Product B,Home,66,Supplier Y,39.87099856444129,2.072970772656232,69,SKU003,Warehouse C,30 Days,Brand Y,9598042888,49,22.30133785599294
1695,Product C,Home,15,Supplier X,12.36028518553247,4.28223892395281,79,SKU003,Warehouse A,15 Days,Brand X,9773072285,26,881.0123313624883
1696,Product A,Home,85,Supplier Z,35.79347717916175,3.899929036838387,2,SKU001,Warehouse A,7 Days,Brand Z,9369680785,29,54.63796744533602
1697,Product C,Home,35,Supplier Y,40.60522694320449,4.484785748873629,20,SKU002,Warehouse B,15 Days,Brand Z,9319252652,98,733.9088987745138
1698,Product C,Home,69,Supplier X,17.92894360534559,1.680199571606637,31,SKU002,Warehouse C,30 Days,Brand X,9581285591,17,873.2652452825074
1699,Product A,Home,27,Supplier Y,8.385138799486347,1.294318552639006,1,SKU002,Warehouse B,7 Days,Brand X,9987874157,29,107.077270076833
1700,Product A,Clothing,88,Supplier Z,4.598228365875679,1.477534015434693,19,SKU003,Warehouse B,30 Days,Brand Z,9595086418,89,441.9384095946875
1701,Product C,Electronics,7,Supplier X,28.76908518049709,1.644073331296946,74,SKU002,Warehouse A,15 Days,Brand X,9822597197,14,962.6799533425338
1702,Product A,Home,6,Supplier Y,48.90490596578566,3.132330642699209,17,SKU001,Warehouse B,30 Days,Brand Y,9476116289,95,835.7972739183492
1703,Product B,Clothing,33,Supplier Y,41.14751600111081,4.883648281451059,53,SKU003,Warehouse B,15 Days,Brand X,9084697994,98,494.8069915392765
1704,Product B,Home,58,Supplier X,21.79198194672764,2.428941666467128,74,SKU002,Warehouse C,7 Days,Brand Z,9145969497,75,764.9454016636373
1705,Product A,Home,49,Supplier X,26.83104514274793,4.834033077440821,98,SKU003,Warehouse C,7 Days,Brand Z,9590873671,61,835.0438481873472
1706,Product C,Electronics,17,Supplier X,13.97639427059095,1.152803179956719,35,SKU003,Warehouse B,7 Days,Brand X,9576236994,20,354.5466935568321
1707,Product A,Electronics,42,Supplier X,8.153293368003178,4.707488811258633,75,SKU003,Warehouse B,30 Days,Brand Z,9133990158,11,893.2313877012613
1708,Product A,Electronics,94,Supplier X,24.10405791161366,1.724610429219885,60,SKU001,Warehouse C,15 Days,Brand X,9677500780,48,475.7685864803852
1709,Product C,Home,72,Supplier Y,23.17507830835926,4.649899942877395,59,SKU002,Warehouse A,15 Days,Brand Z,9257211175,0,532.5292899232417
1710,Product C,Home,40,Supplier X,26.09649764018801,1.224909720461845,94,SKU002,Warehouse C,15 Days,Brand Z,9750306956,74,999.7105614436127
1711,Product B,Home,46,Supplier X,47.64022927819704,4.79287778998013,35,SKU003,Warehouse C,30 Days,Brand Z,9702095567,54,844.8699364906397
1712,Product C,Electronics,71,Supplier Z,30.19476500723861,1.803193057275443,93,SKU002,Warehouse C,15 Days,Brand X,9642590037,24,368.1523057152502
1713,Product B,Clothing,70,Supplier Y,30.28859183111869,2.210856240292643,43,SKU003,Warehouse C,7 Days,Brand X,9894497824,46,20.24214050797295
1714,Product C,Home,68,Supplier Z,6.401238143053839,2.963769376411832,67,SKU003,Warehouse C,15 Days,Brand X,9246420861,72,629.9123330559557
1715,Product A,Home,1,Supplier Y,49.82444330884102,2.522883524941901,65,SKU003,Warehouse A,30 Days,Brand Y,9419554689,38,706.8742918668268
1716,Product B,Home,79,Supplier Y,38.64224721173343,3.6701118770526,43,SKU001,Warehouse C,7 Days,Brand Y,9582720620,26,654.2946632419458
1717,Product B,Clothing,95,Supplier Y,43.86016720470024,4.89923106900031,76,SKU002,Warehouse C,7 Days,Brand Y,9737833948,92,968.183727651581
1718,Product B,Home,89,Supplier X,20.7150205915497,3.425705963219763,89,SKU003,Warehouse A,30 Days,Brand Z,9585411437,49,864.3413170588228
1719,Product A,Clothing,97,Supplier Z,25.10640478928125,3.885941637746197,28,SKU002,Warehouse B,7 Days,Brand Z,9604287137,90,454.343376248842
1720,Product A,Home,52,Supplier Y,26.10419045811382,1.352021001222806,47,SKU001,Warehouse A,15 Days,Brand X,9533473295,54,72.22891259765714
1721,Product A,Clothing,35,Supplier Y,9.704726964480258,3.511249716280021,35,SKU001,Warehouse C,30 Days,Brand Z,9940235789,27,481.2981818069769
1722,Product A,Home,69,Supplier Y,34.47445781634786,2.815399108185653,91,SKU003,Warehouse B,15 Days,Brand Y,9797567718,56,692.3515797624029
1723,Product A,Electronics,5,Supplier Z,45.14883618087283,4.543129431678514,7,SKU001,Warehouse A,30 Days,Brand Y,9079454453,81,611.6327101447346
1724,Product B,Electronics,17,Supplier Y,8.185290906920951,2.552844398572408,4,SKU001,Warehouse B,30 Days,Brand X,9897512493,78,542.7556970337761
1725,Product A,Electronics,53,Supplier Z,4.315913674308225,3.717816576199676,95,SKU001,Warehouse A,30 Days,Brand Z,9066715441,15,474.1307684350889
1726,Product B,Electronics,52,Supplier Z,36.91094527701711,1.912614913036316,93,SKU001,Warehouse A,15 Days,Brand Z,9637533808,86,300.8242542971125
1727,Product A,Home,14,Supplier X,13.6600915836491,2.037490134096784,77,SKU001,Warehouse B,30 Days,Brand Y,9277962628,93,284.5732941073829
1728,Product C,Electronics,29,Supplier Y,31.19312708086647,2.504489723689094,46,SKU001,Warehouse B,7 Days,Brand X,9151046698,99,505.2291641365439
1729,Product B,Clothing,8,Supplier Y,34.78791689960904,2.216254150026011,42,SKU002,Warehouse B,15 Days,Brand Y,9485834129,55,168.9971149653525
1730,Product C,Electronics,98,Supplier Z,16.09553817909109,2.015515357560299,9,SKU001,Warehouse B,30 Days,Brand Z,9200954927,34,347.2785693390535
1731,Product B,Electronics,1,Supplier Z,40.75722987128922,1.198674823603237,9,SKU002,Warehouse C,30 Days,Brand Y,9564147903,27,330.7394819629986
1732,Product C,Electronics,29,Supplier X,27.49944910571084,4.346985327009836,5,SKU003,Warehouse A,15 Days,Brand Y,9515460505,45,591.2614735683588
1733,Product A,Home,36,Supplier Y,43.44997039759014,1.257206123565137,15,SKU001,Warehouse C,7 Days,Brand Z,9960232137,66,76.01547735939434
1734,Product A,Electronics,51,Supplier Z,38.16467762794738,4.54946206241187,59,SKU001,Warehouse A,7 Days,Brand Z,9871581125,15,831.3719934624442
1735,Product A,Clothing,37,Supplier Y,43.42878160187269,1.501861556272241,25,SKU002,Warehouse C,30 Days,Brand Z,9834492557,78,566.7545965805581
1736,Product B,Electronics,93,Supplier Y,1.008069105894704,1.261046948250636,20,SKU001,Warehouse C,30 Days,Brand Y,9603064769,82,674.118413968176
1737,Product C,Electronics,69,Supplier Y,12.17531303692974,3.252019055922788,99,SKU002,Warehouse A,7 Days,Brand Y,9419886268,73,706.0629647218385
1738,Product A,Electronics,53,Supplier Z,4.500397022296932,3.009767170298887,57,SKU002,Warehouse C,30 Days,Brand Y,9145757914,48,298.5692954741111
1739,Product C,Clothing,96,Supplier Y,22.10415085946746,2.96493827532754,40,SKU001,Warehouse B,7 Days,Brand X,9375899592,67,475.6678517110179
1740,Product C,Electronics,52,Supplier Z,44.49800608076591,3.298017310005591,29,SKU003,Warehouse B,7 Days,Brand X,9667748091,21,956.6834963109706
1741,Product A,Clothing,88,Supplier X,23.37701311334346,2.148226424476623,4,SKU003,Warehouse C,7 Days,Brand Z,9545649612,17,769.0381856168467
1742,Product A,Clothing,83,Supplier X,42.48565222901971,3.651797093718445,9,SKU003,Warehouse C,7 Days,Brand X,9088393492,21,969.8613064709535
1743,Product C,Electronics,12,Supplier Z,16.35891190096589,3.009608878828733,94,SKU002,Warehouse A,30 Days,Brand Z,9011238198,15,748.7918016948254
1744,Product A,Clothing,52,Supplier Y,16.97850364026262,2.338973867829301,10,SKU002,Warehouse A,15 Days,Brand Y,9590835827,55,183.8441383114322
1745,Product A,Home,1,Supplier X,44.77808651634388,4.306002667922913,62,SKU001,Warehouse C,15 Days,Brand Z,9200133483,2,73.89052500622947
1746,Product A,Electronics,7,Supplier X,21.29085732558508,3.91088438530684,6,SKU002,Warehouse A,7 Days,Brand Y,9837913089,52,581.884822352467
1747,Product B,Electronics,17,Supplier Z,39.48827438973332,2.574441367778488,58,SKU003,Warehouse B,30 Days,Brand Z,9827018114,34,364.2351469055835
1748,Product C,Clothing,98,Supplier Z,11.83217739409507,4.390471140915491,11,SKU001,Warehouse B,15 Days,Brand X,9647720972,79,282.7033310367885
1749,Product C,Clothing,43,Supplier Z,47.44004148388177,4.681033000447097,63,SKU003,Warehouse B,15 Days,Brand Y,9182380820,84,809.1388864611633
1750,Product B,Electronics,71,Supplier Z,28.72891232652855,3.14746506833745,40,SKU001,Warehouse A,7 Days,Brand Y,9693321632,20,373.3233344111279
1751,Product C,Home,17,Supplier Z,37.9661784289201,1.859809800627683,59,SKU003,Warehouse A,7 Days,Brand Y,9499905787,64,323.8309600369609
1752,Product A,Clothing,59,Supplier Z,4.475784989744275,4.663168626187947,71,SKU001,Warehouse A,30 Days,Brand X,9293700499,56,851.4877172373203
1753,Product C,Clothing,3,Supplier Z,24.63321129152644,1.757918480382069,27,SKU003,Warehouse A,15 Days,Brand X,9222913404,93,847.8244631215955
1754,Product A,Home,29,Supplier Y,45.05192488670116,1.193692905669077,79,SKU002,Warehouse C,7 Days,Brand X,9914905315,46,362.802971377506
1755,Product B,Home,22,Supplier Y,43.85193145216522,2.309948035492523,62,SKU003,Warehouse C,7 Days,Brand Y,9234626193,33,834.1737139761066
1756,Product A,Electronics,38,Supplier Y,2.340697861711377,3.907865377844159,2,SKU001,Warehouse C,30 Days,Brand Z,9058847448,47,852.2707054293339
1757,Product C,Home,54,Supplier Y,15.18492345644734,4.693096345414197,31,SKU003,Warehouse C,7 Days,Brand Z,9302066412,38,429.6912296793696
1758,Product C,Electronics,93,Supplier X,22.16600032395401,3.54914258725776,20,SKU002,Warehouse B,7 Days,Brand X,9725643557,86,75.80839890707985
1759,Product C,Home,50,Supplier Y,8.613240717789411,4.80735418786664,54,SKU001,Warehouse A,7 Days,Brand Z,9616844031,97,11.5687980216767
1760,Product B,Clothing,69,Supplier X,36.49991554949852,1.369483357103586,17,SKU002,Warehouse B,7 Days,Brand Y,9853981464,29,528.059538260105
1761,Product B,Electronics,30,Supplier X,9.225599779935578,1.24301491835208,52,SKU003,Warehouse A,7 Days,Brand Y,9628839589,49,350.6347384366521
1762,Product C,Electronics,23,Supplier X,17.33198471849431,3.416767802974656,74,SKU001,Warehouse C,30 Days,Brand X,9397063310,96,997.1605752167824
1763,Product A,Electronics,85,Supplier Z,33.16403184289091,4.864465289971019,60,SKU003,Warehouse B,7 Days,Brand X,9813011441,15,774.6868896310114
1764,Product B,Home,90,Supplier X,24.104467226224,3.010885235818896,49,SKU001,Warehouse A,15 Days,Brand Z,9528352208,93,763.6627017869083
1765,Product C,Clothing,47,Supplier X,36.92855193174469,1.206060903757221,7,SKU002,Warehouse C,7 Days,Brand Z,9760234733,2,955.6903406044702
1766,Product C,Electronics,21,Supplier X,48.06039506114298,1.884874624309825,11,SKU002,Warehouse A,7 Days,Brand Z,9770117091,60,888.8471539143876
1767,Product B,Electronics,20,Supplier Z,5.827334385759874,1.979171625663083,50,SKU002,Warehouse A,15 Days,Brand X,9071753116,1,325.0056046618248
1768,Product B,Electronics,23,Supplier Y,35.47838581990305,2.3514285165478,65,SKU003,Warehouse C,15 Days,Brand X,9810832575,25,174.3273493878376
1769,Product B,Electronics,68,Supplier Y,11.51720778160573,1.174413534344851,40,SKU001,Warehouse B,7 Days,Brand X,9629251359,17,748.4333424148274
1770,Product A,Clothing,21,Supplier X,20.72383637037846,4.619570801991665,21,SKU002,Warehouse A,30 Days,Brand Y,9480791495,65,384.4911547460443
1771,Product A,Home,21,Supplier X,1.643136289756991,3.062255778885981,8,SKU003,Warehouse C,15 Days,Brand Z,9334114346,39,478.4409251146469
1772,Product C,Clothing,1,Supplier Y,6.795369114634947,3.683723171816436,77,SKU003,Warehouse A,30 Days,Brand X,9927506700,2,634.0937539620786
1773,Product B,Electronics,15,Supplier Y,15.98886445244498,1.268691347580036,78,SKU001,Warehouse A,7 Days,Brand X,9457668816,16,908.7939501658882
1774,Product A,Clothing,17,Supplier Y,17.09929026439925,1.216461871214598,10,SKU002,Warehouse A,7 Days,Brand X,9084610004,23,424.8968761342563
1775,Product B,Electronics,51,Supplier Y,44.97926082310479,3.345871088162189,12,SKU003,Warehouse B,15 Days,Brand Z,9254278477,1,785.4837213171677
1776,Product C,Home,63,Supplier X,37.09064546332576,4.549184042016832,55,SKU002,Warehouse B,15 Days,Brand Z,9538441240,69,275.6563933619109
1777,Product A,Home,14,Supplier X,48.60914840935205,3.113928003838188,27,SKU001,Warehouse B,30 Days,Brand Y,9592173360,39,700.9920730143775
1778,Product A,Home,59,Supplier X,29.95357551676203,4.511276690280286,88,SKU002,Warehouse B,7 Days,Brand Y,9387408883,25,11.56362686713275
1779,Product A,Electronics,83,Supplier Y,12.0856866045659,4.243965092220957,63,SKU002,Warehouse C,15 Days,Brand Y,9430024791,56,872.7921413557284
1780,Product C,Clothing,50,Supplier Z,16.38275149608214,1.303415143179683,63,SKU003,Warehouse B,15 Days,Brand Y,9561452151,48,40.07578415491787
1781,Product B,Home,34,Supplier Y,15.99179616459835,1.80782989754276,69,SKU003,Warehouse A,15 Days,Brand X,9580863200,56,715.6262172149584
1782,Product A,Electronics,6,Supplier Y,16.32471638316258,3.63084267662137,54,SKU001,Warehouse C,30 Days,Brand Y,9372452487,55,55.79560736867105
1783,Product C,Electronics,49,Supplier Z,33.64820865559079,2.774005530200166,36,SKU001,Warehouse A,7 Days,Brand X,9045474554,69,273.5832424000634
1784,Product B,Clothing,6,Supplier Z,26.54039640452081,2.162799254587682,32,SKU001,Warehouse B,15 Days,Brand X,9269183899,75,502.2303795209876
1785,Product C,Home,69,Supplier Y,19.27120890433222,2.674535424191916,24,SKU003,Warehouse A,15 Days,Brand Z,9530244306,20,425.7392984947558
1786,Product B,Electronics,7,Supplier Z,7.45448843643583,2.780798585082537,22,SKU001,Warehouse A,15 Days,Brand X,9083199357,15,199.9177534550005
1787,Product C,Clothing,97,Supplier Z,1.106958147107295,4.642209003286386,59,SKU001,Warehouse A,7 Days,Brand Z,9803166218,5,340.476762592145
1788,Product B,Home,77,Supplier Z,10.94173387938463,1.413833134819812,55,SKU003,Warehouse A,30 Days,Brand Y,9359776694,33,730.4293063603574
1789,Product A,Clothing,51,Supplier Y,5.373570198434063,2.11892298723046,62,SKU001,Warehouse B,30 Days,Brand Y,9142097417,58,672.5645216538518
1790,Product B,Clothing,1,Supplier Y,39.27225154261197,3.150259266330856,7,SKU003,Warehouse A,7 Days,Brand Z,9937705786,66,81.09643792627654
1791,Product C,Electronics,13,Supplier Z,5.624897890694269,3.793147706522367,16,SKU001,Warehouse A,30 Days,Brand Z,9894928960,40,749.8426673171575
1792,Product C,Electronics,43,Supplier X,36.21141186534181,3.522549155836975,94,SKU003,Warehouse A,30 Days,Brand Y,9805622660,18,62.51542238505807
1793,Product B,Electronics,27,Supplier Z,19.28293448880413,4.766570950949578,89,SKU002,Warehouse A,15 Days,Brand X,9118080079,28,547.4971252087865
1794,Product A,Clothing,71,Supplier Z,3.668919487188798,4.182435699277892,56,SKU003,Warehouse B,30 Days,Brand X,9333624787,31,267.4621205617688
1795,Product A,Electronics,3,Supplier Y,40.63650247157929,3.228307367897721,74,SKU003,Warehouse A,15 Days,Brand Z,9008813459,9,591.8132262842207
1796,Product B,Clothing,58,Supplier X,28.98152851183067,1.85873076669403,61,SKU003,Warehouse C,30 Days,Brand X,9432340571,63,268.7151119814928
1797,Product B,Clothing,89,Supplier Z,11.78807564317865,2.803496925608959,93,SKU001,Warehouse C,15 Days,Brand X,9314995332,90,985.1083899295727
1798,Product C,Electronics,97,Supplier X,44.7340587166334,3.773528976777909,10,SKU003,Warehouse A,7 Days,Brand Y,9078806639,92,316.6309018902566
1799,Product A,Home,17,Supplier Y,2.262915693527573,4.351848699344339,66,SKU003,Warehouse A,7 Days,Brand Z,9955429058,76,249.541029317751
1800,Product B,Home,45,Supplier X,10.09098040988814,4.838944897689549,39,SKU001,Warehouse B,30 Days,Brand Y,9641914269,19,285.6806380061925
1801,Product A,Home,78,Supplier Y,37.60234639029305,3.421811064551671,39,SKU002,Warehouse C,15 Days,Brand X,9316051030,27,897.5081286867024
1802,Product B,Clothing,58,Supplier Z,35.46889651549446,3.10767746921773,55,SKU003,Warehouse B,7 Days,Brand X,9354795169,26,639.8566403826513
1803,Product B,Clothing,56,Supplier Y,14.4635846862239,1.070767692484593,52,SKU001,Warehouse A,7 Days,Brand Y,9619372400,76,733.3772564465687
1804,Product A,Clothing,54,Supplier X,3.101243767639156,1.28839627660072,84,SKU002,Warehouse C,30 Days,Brand X,9244991861,24,918.8304049934069
1805,Product B,Electronics,87,Supplier X,42.90390361124719,1.624419990549601,98,SKU003,Warehouse C,15 Days,Brand X,9992599899,28,912.7537599965574
1806,Product B,Clothing,88,Supplier X,15.68488190349513,1.219039724758512,27,SKU002,Warehouse B,15 Days,Brand Y,9937046016,14,741.5563881129402
1807,Product C,Electronics,29,Supplier Z,9.785670746413262,2.603452955219706,85,SKU003,Warehouse A,7 Days,Brand X,9100077935,44,205.8461845529097
1808,Product B,Electronics,54,Supplier X,25.80309111804885,2.347514180555489,41,SKU003,Warehouse C,30 Days,Brand Y,9245102490,44,844.9395874682555
1809,Product B,Home,27,Supplier X,45.51135996412236,3.549416631473572,45,SKU002,Warehouse B,7 Days,Brand Z,9683874934,29,211.7382738491531
1810,Product B,Home,45,Supplier X,2.177328892168767,3.142660431733611,17,SKU002,Warehouse C,7 Days,Brand X,9390039927,37,745.4698259574476
1811,Product C,Home,87,Supplier Y,38.29020440154439,3.383883037551439,22,SKU002,Warehouse A,30 Days,Brand X,9813465341,59,688.7470358794257
1812,Product A,Electronics,31,Supplier X,28.62366139693545,2.887908811750616,25,SKU003,Warehouse A,30 Days,Brand Y,9820391102,31,761.2999616390422
1813,Product C,Electronics,36,Supplier Y,21.27245582759085,2.110948594217029,98,SKU003,Warehouse A,30 Days,Brand Z,9828767070,49,537.3588239066776
1814,Product C,Electronics,81,Supplier X,37.204022205253,4.811301259785909,28,SKU001,Warehouse B,15 Days,Brand X,9610186015,70,642.3389204267274
1815,Product A,Clothing,61,Supplier Y,48.29122122208162,1.345636639040556,51,SKU001,Warehouse A,30 Days,Brand X,9271022707,34,953.7868796299127
1816,Product C,Electronics,37,Supplier Y,11.46031055813455,4.755563997861229,74,SKU001,Warehouse B,30 Days,Brand Z,9351685830,96,110.0777082324727
1817,Product A,Home,67,Supplier Z,7.182368253605981,2.244952187458939,45,SKU003,Warehouse C,7 Days,Brand X,9665514218,75,315.7588020338038
1818,Product C,Home,36,Supplier Z,45.64408726113485,3.05064578146919,0,SKU002,Warehouse A,30 Days,Brand Y,9515697889,86,615.2434429673986
1819,Product A,Electronics,5,Supplier Y,33.44765387286518,1.435369291310185,62,SKU001,Warehouse B,30 Days,Brand Z,9881821101,4,964.4135888301745
1820,Product B,Electronics,46,Supplier Y,21.8993010780983,1.283724273484037,15,SKU003,Warehouse B,7 Days,Brand Z,9734844370,30,104.6187031859751
1821,Product C,Home,79,Supplier Z,28.66297851321416,2.718181794874412,24,SKU002,Warehouse B,15 Days,Brand X,9397670840,79,32.32372931478557
1822,Product C,Electronics,52,Supplier Y,37.2806952588122,3.966789505518713,61,SKU001,Warehouse A,30 Days,Brand Z,9377758485,96,65.19210248562473
1823,Product C,Home,49,Supplier Z,38.65159493528586,2.077459110194196,81,SKU002,Warehouse B,7 Days,Brand Z,9874899612,52,61.88162959658682
1824,Product C,Clothing,6,Supplier Z,45.99470904094823,3.24939155574128,79,SKU002,Warehouse A,15 Days,Brand Z,9049687547,0,908.7376991996304
1825,Product B,Home,10,Supplier X,21.34213944478113,2.114601362091273,82,SKU001,Warehouse A,15 Days,Brand X,9364023265,85,724.0453288544865
1826,Product C,Clothing,96,Supplier X,14.67054550096975,2.554452243572163,15,SKU001,Warehouse C,30 Days,Brand Z,9512602465,91,680.3353025343155
1827,Product B,Electronics,23,Supplier Z,31.9832133394921,4.625785273895299,68,SKU003,Warehouse C,15 Days,Brand X,9305046316,68,527.3470920591914
1828,Product B,Electronics,17,Supplier Z,20.78639496397652,4.423358501979678,90,SKU002,Warehouse A,30 Days,Brand Z,9352482988,67,784.1330908024304
1829,Product B,Clothing,84,Supplier Y,29.7299226974489,3.064070173670519,69,SKU001,Warehouse C,15 Days,Brand Y,9778539842,64,164.0915128339749
1830,Product B,Electronics,44,Supplier Z,20.99928992279751,1.952422509888315,33,SKU001,Warehouse B,15 Days,Brand Z,9135825940,14,398.021777890553
1831,Product A,Clothing,41,Supplier Z,7.649789333908724,1.772735650932091,79,SKU002,Warehouse A,15 Days,Brand Z,9715875835,51,495.1042082567001
1832,Product A,Electronics,15,Supplier X,23.47133758294792,4.816349412142857,52,SKU002,Warehouse C,30 Days,Brand Z,9362176485,37,119.305402699959
1833,Product C,Home,44,Supplier Z,34.54589109705164,1.81086638604275,22,SKU002,Warehouse B,15 Days,Brand Y,9181174676,23,425.3185722441418
1834,Product A,Electronics,58,Supplier Y,39.96419038338249,4.232673243650156,42,SKU001,Warehouse A,7 Days,Brand Z,9713386683,22,323.3367614699941
1835,Product A,Home,86,Supplier Z,24.66631383982734,2.475880838142149,43,SKU001,Warehouse B,7 Days,Brand Y,9865345488,46,45.22632433552801
1836,Product C,Home,50,Supplier X,8.261894510520046,4.942639390232953,31,SKU003,Warehouse A,15 Days,Brand Y,9413944604,6,145.3680487019429
1837,Product C,Clothing,52,Supplier X,20.73438548247158,2.472622961451151,22,SKU002,Warehouse C,30 Days,Brand Y,9869337376,30,766.3964549357971
1838,Product C,Electronics,70,Supplier X,39.31469644208491,2.406066499642904,19,SKU001,Warehouse B,7 Days,Brand X,9197303974,6,27.85753040959801
1839,Product A,Clothing,68,Supplier X,20.64296353085364,3.549854515510492,18,SKU001,Warehouse C,15 Days,Brand X,9792737469,76,934.9107661053976
1840,Product A,Electronics,63,Supplier Z,34.82653968021111,4.846067226507277,92,SKU002,Warehouse B,7 Days,Brand Y,9594477145,3,95.56038612276504
1841,Product C,Home,58,Supplier Y,25.36068408390449,4.904838423185732,71,SKU001,Warehouse B,7 Days,Brand X,9314025341,53,801.2457132614236
1842,Product B,Home,23,Supplier Y,12.06115625546983,3.828824585867941,28,SKU002,Warehouse B,7 Days,Brand Y,9375870406,81,899.630375534036
1843,Product C,Electronics,44,Supplier Y,39.80752540115372,4.018425462545414,17,SKU001,Warehouse B,7 Days,Brand X,9137000236,82,941.7242290019426
1844,Product B,Electronics,83,Supplier Z,4.210672703534351,3.253608703892111,68,SKU002,Warehouse C,7 Days,Brand X,9143617525,79,868.8022532610129
1845,Product B,Clothing,95,Supplier Z,26.24451413775753,4.023102956529327,11,SKU002,Warehouse B,15 Days,Brand Z,9360569416,51,294.6745390311888
1846,Product C,Electronics,44,Supplier Z,10.44455171217025,4.439118619881986,9,SKU001,Warehouse C,7 Days,Brand X,9957294161,81,339.7562600250922
1847,Product C,Electronics,52,Supplier Y,3.353281427068783,2.944381212780093,36,SKU002,Warehouse B,15 Days,Brand X,9522745216,79,432.2802416239752
1848,Product C,Electronics,67,Supplier Z,25.14669685416244,3.479449051320412,80,SKU003,Warehouse A,7 Days,Brand Z,9394972682,47,147.9037225130298
1849,Product A,Clothing,28,Supplier Z,24.97810779674618,3.149266780932191,95,SKU003,Warehouse A,30 Days,Brand Y,9749282805,94,32.04973051655162
1850,Product B,Electronics,67,Supplier X,35.34504508378604,3.249882454114709,54,SKU002,Warehouse B,15 Days,Brand Z,9903034104,88,870.4303981382243
1851,Product A,Home,78,Supplier X,37.23753465259524,4.560191639495764,3,SKU003,Warehouse A,30 Days,Brand X,9601712287,65,558.5874290483517
1852,Product A,Clothing,18,Supplier Y,36.38957443464484,2.422467320822281,94,SKU001,Warehouse B,30 Days,Brand X,9281308778,53,612.6357127564341
1853,Product C,Clothing,27,Supplier X,20.47793664583775,1.832736102402497,62,SKU001,Warehouse C,7 Days,Brand Y,9604929968,91,927.7185900696173
1854,Product A,Home,51,Supplier X,31.58448936132813,2.825120441094517,89,SKU002,Warehouse A,7 Days,Brand X,9544255066,79,668.4689763324795
1855,Product C,Home,60,Supplier X,28.84726213219801,1.832340761925061,11,SKU001,Warehouse B,7 Days,Brand Z,9137454320,53,693.9449692964153
1856,Product B,Home,74,Supplier Z,21.07808780584598,2.993601702648077,17,SKU001,Warehouse B,7 Days,Brand Y,9772932299,99,789.0989619523748
1857,Product C,Electronics,49,Supplier X,29.86063470929966,4.614032421428234,7,SKU003,Warehouse C,7 Days,Brand Z,9292927389,44,125.1849653588297
1858,Product A,Home,15,Supplier X,47.36239383531313,3.469734081929911,31,SKU001,Warehouse C,30 Days,Brand X,9828783419,39,366.5605316816536
1859,Product A,Electronics,83,Supplier X,9.644687184068868,4.421731413212311,83,SKU001,Warehouse B,30 Days,Brand Y,9422988169,34,968.5258484263326
1860,Product C,Clothing,73,Supplier Z,45.28860478927631,1.664763678462047,48,SKU003,Warehouse B,7 Days,Brand X,9315659412,23,923.7007773196005
1861,Product C,Clothing,68,Supplier Y,2.672775699159918,4.603494370148708,62,SKU002,Warehouse B,7 Days,Brand X,9252830170,34,885.2345433470829
1862,Product A,Home,15,Supplier Z,15.41946064508303,3.407148657628463,76,SKU002,Warehouse B,15 Days,Brand Z,9308988677,93,457.5676252355827
1863,Product B,Electronics,51,Supplier Z,14.40726243057641,1.127039154961919,58,SKU003,Warehouse B,15 Days,Brand X,9950845093,36,858.6210240509376
1864,Product B,Home,48,Supplier X,31.31825539404528,3.532475821140147,86,SKU003,Warehouse B,30 Days,Brand Z,9881745788,74,57.91192312630795
1865,Product C,Home,72,Supplier Y,6.561247588864516,4.805587825043672,66,SKU001,Warehouse C,30 Days,Brand X,9423847539,33,157.0322500145463
1866,Product B,Electronics,1,Supplier X,44.11738059198769,1.316668001901448,98,SKU001,Warehouse A,30 Days,Brand Z,9503708089,23,419.8280214992136
1867,Product A,Home,7,Supplier X,41.42757042325206,3.329824521878288,38,SKU002,Warehouse B,7 Days,Brand Z,9695785479,92,488.5581460153052
1868,Product C,Clothing,53,Supplier Y,32.60329098426389,4.661914411478859,49,SKU002,Warehouse B,30 Days,Brand Y,9178150628,3,270.8720819856483
1869,Product A,Home,31,Supplier Y,22.92069158960989,1.038780673337498,84,SKU003,Warehouse C,30 Days,Brand Y,9210085957,49,362.9119041393096
1870,Product A,Electronics,18,Supplier Z,46.64780210710392,3.523651705863293,70,SKU001,Warehouse A,30 Days,Brand X,9134591166,93,171.1483400151151
1871,Product B,Electronics,12,Supplier Y,41.5373277360278,2.899609167323851,25,SKU003,Warehouse C,15 Days,Brand X,9246038177,77,494.2426913987481
1872,Product C,Clothing,48,Supplier Z,24.96575740406224,2.387957274594442,22,SKU002,Warehouse C,30 Days,Brand Y,9261828272,23,795.9048599391826
1873,Product C,Electronics,30,Supplier Z,35.09366772271556,3.510145959781504,95,SKU002,Warehouse B,30 Days,Brand Z,9859940903,97,664.7467897246927
1874,Product B,Electronics,97,Supplier X,28.34649760898423,1.210808378349668,62,SKU003,Warehouse B,15 Days,Brand Z,9660491093,35,116.7143248918859
1875,Product A,Clothing,7,Supplier X,29.39711191941323,4.012252185149601,65,SKU001,Warehouse C,30 Days,Brand Y,9897174556,78,492.7057873627489
1876,Product A,Home,92,Supplier X,16.54880347187356,1.017917907678831,38,SKU001,Warehouse B,7 Days,Brand Y,9910642696,34,700.6699189519277
1877,Product A,Clothing,3,Supplier Y,23.10423023124484,2.227742975169409,65,SKU003,Warehouse B,15 Days,Brand X,9042463508,28,534.5963435884017
1878,Product A,Home,63,Supplier Y,3.90607153948721,3.015834550738714,45,SKU002,Warehouse B,30 Days,Brand Z,9734524703,35,397.7588405701935
1879,Product C,Clothing,6,Supplier Z,17.86743458322962,2.508089002266207,14,SKU003,Warehouse A,15 Days,Brand Y,9135684278,67,625.6952770710394
1880,Product C,Home,95,Supplier Z,34.7914257681076,2.22990374082233,15,SKU003,Warehouse A,30 Days,Brand Z,9202535850,78,968.9522786472728
1881,Product B,Clothing,15,Supplier Z,47.66080152530932,4.323340581872385,89,SKU001,Warehouse B,30 Days,Brand Z,9782981641,10,103.9588306684172
1882,Product B,Home,71,Supplier Y,48.15320563815101,4.739330297087635,71,SKU002,Warehouse C,15 Days,Brand Y,9159292080,54,396.115900140085
1883,Product C,Clothing,43,Supplier Z,27.78614345624458,4.494850739623555,15,SKU002,Warehouse A,7 Days,Brand Z,9429958742,48,412.5397945156347
1884,Product C,Home,94,Supplier Z,30.3311125904791,3.089725252199999,84,SKU001,Warehouse C,15 Days,Brand X,9525697107,78,581.1976373636874
1885,Product A,Clothing,91,Supplier Y,9.286059275048375,4.536656700773932,38,SKU002,Warehouse B,7 Days,Brand Y,9534576524,56,160.6528558630987
1886,Product A,Electronics,81,Supplier X,34.76540540467654,4.683446260726175,10,SKU002,Warehouse C,7 Days,Brand Z,9870400085,84,184.8765995717648
1887,Product B,Home,18,Supplier Y,3.532939633719312,2.636953588189848,87,SKU001,Warehouse C,15 Days,Brand Y,9660053288,98,292.5077721378761
1888,Product C,Clothing,22,Supplier Z,14.23428428997223,2.133783438021782,35,SKU002,Warehouse A,30 Days,Brand Y,9572925646,86,956.3113428358344
1889,Product B,Home,61,Supplier X,33.41816736427211,1.393060823253281,17,SKU002,Warehouse C,7 Days,Brand Z,9403817758,54,736.7674954185936
1890,Product C,Home,61,Supplier Y,15.51550657717446,2.916367684196916,22,SKU003,Warehouse C,15 Days,Brand X,9698858604,55,665.0763686745881
1891,Product A,Clothing,53,Supplier X,2.492343705722716,4.785187681753765,76,SKU002,Warehouse A,30 Days,Brand Y,9329824799,73,818.7881105203196
1892,Product B,Home,26,Supplier X,41.59352046754819,3.243630112281484,48,SKU003,Warehouse B,30 Days,Brand Z,9853549996,3,136.300704227526
1893,Product B,Clothing,91,Supplier Z,15.51650035672815,3.670248407144686,41,SKU003,Warehouse C,30 Days,Brand Y,9920798220,24,860.7394915265141
1894,Product C,Electronics,40,Supplier Y,3.155261242933921,1.45153527396739,43,SKU003,Warehouse B,15 Days,Brand Y,9976831864,1,598.884386748629
1895,Product A,Home,88,Supplier Z,3.739408225143259,1.574078656569025,0,SKU001,Warehouse B,15 Days,Brand Z,9693669272,18,341.9757173843461
1896,Product B,Electronics,8,Supplier Y,12.58793993943768,2.85789304783869,6,SKU001,Warehouse B,30 Days,Brand X,9429970132,87,817.6967031882335
1897,Product A,Home,21,Supplier Y,8.900797361076313,4.805059195934903,47,SKU002,Warehouse A,30 Days,Brand Z,9691071939,7,804.5388890051378
1898,Product B,Home,93,Supplier Y,38.71500588900754,2.443138566366116,84,SKU003,Warehouse B,30 Days,Brand Y,9763860597,63,847.2514958995598
1899,Product A,Home,43,Supplier X,16.08420233335172,4.509936165270134,15,SKU002,Warehouse C,30 Days,Brand X,9652972649,5,124.3627211059123
1900,Product C,Clothing,21,Supplier X,40.23478925199163,1.481154373702846,47,SKU002,Warehouse B,15 Days,Brand X,9481613838,83,969.6676325458183
1901,Product B,Electronics,3,Supplier Z,8.69229989115764,3.46806882773484,77,SKU002,Warehouse B,30 Days,Brand X,9734261055,13,960.0298922518339
1902,Product B,Home,31,Supplier Y,24.64395897720419,3.402451907642073,42,SKU002,Warehouse B,7 Days,Brand X,9489358036,69,363.8949490467242
1903,Product A,Clothing,27,Supplier Y,34.40185667765644,4.439499000281074,50,SKU002,Warehouse C,7 Days,Brand Y,9072646843,75,75.23507802980045
1904,Product A,Home,27,Supplier X,32.59954269329274,1.013266817619606,65,SKU003,Warehouse B,15 Days,Brand Z,9459495657,70,175.3851127740978
1905,Product B,Clothing,73,Supplier Y,30.05647049651344,1.759726668790289,30,SKU003,Warehouse B,7 Days,Brand Z,9780203892,56,992.90251719025
1906,Product C,Home,57,Supplier Z,46.24108009655849,1.878750501717927,38,SKU003,Warehouse B,7 Days,Brand X,9254768903,29,567.3828137399464
1907,Product A,Electronics,97,Supplier Y,11.42625738533722,4.799864352362949,8,SKU003,Warehouse A,7 Days,Brand X,9604295902,79,363.0555808377915
1908,Product A,Electronics,33,Supplier Y,24.68596022310527,1.61477462507958,40,SKU001,Warehouse C,15 Days,Brand Z,9311925193,7,295.3206669115384
1909,Product A,Home,90,Supplier X,44.19962750362043,1.147849400882242,62,SKU003,Warehouse A,7 Days,Brand X,9757631700,13,264.4218179578381
1910,Product B,Clothing,92,Supplier Y,3.894688279757852,3.137845978967232,13,SKU003,Warehouse C,30 Days,Brand Z,9268941456,47,667.5112374039372
1911,Product B,Home,44,Supplier Z,2.794413412653762,3.114233849734727,57,SKU003,Warehouse B,7 Days,Brand Z,9830968324,83,425.1939532044891
1912,Product B,Clothing,43,Supplier Z,11.66511437791457,4.376187861471458,73,SKU001,Warehouse C,7 Days,Brand X,9717880460,27,965.7565923749255
1913,Product B,Home,31,Supplier Z,31.65106097690093,4.795438600711208,87,SKU002,Warehouse C,7 Days,Brand Z,9139823636,5,687.0046003389078
1914,Product C,Clothing,65,Supplier Z,12.99398132249035,3.154181768560524,96,SKU001,Warehouse C,30 Days,Brand Z,9583454324,29,794.1241451384716
1915,Product C,Electronics,84,Supplier X,9.511994190439948,4.719976729678622,97,SKU003,Warehouse C,15 Days,Brand Z,9806898555,3,299.8141330973284
1916,Product B,Home,76,Supplier Y,22.94011576791461,3.900636605199319,83,SKU003,Warehouse A,15 Days,Brand X,9441648242,99,88.39454501753958
1917,Product C,Electronics,17,Supplier X,30.67990343847057,2.05823651198234,63,SKU001,Warehouse C,7 Days,Brand Y,9310647851,66,492.9446090080622
1918,Product A,Electronics,15,Supplier Z,12.42788535083702,4.713682843775706,27,SKU002,Warehouse A,30 Days,Brand Y,9389865675,9,321.435731080765
1919,Product A,Home,34,Supplier Y,15.0345593361871,3.669772704727499,3,SKU001,Warehouse A,7 Days,Brand Y,9608394712,26,210.0623333578444
1920,Product A,Home,80,Supplier X,30.67796524057569,2.656383730970535,33,SKU001,Warehouse B,15 Days,Brand Y,9987483444,81,953.1157094928527
1921,Product B,Clothing,4,Supplier Y,47.28692109947264,3.720968338067723,3,SKU003,Warehouse C,15 Days,Brand Y,9339261339,44,449.54833219861
1922,Product A,Clothing,72,Supplier Z,33.73708637190441,2.605251310975004,69,SKU001,Warehouse B,30 Days,Brand X,9645121345,74,182.9615061282978
1923,Product C,Electronics,98,Supplier Z,39.145207179228,1.456735071951837,57,SKU001,Warehouse C,30 Days,Brand X,9149716372,99,206.6641461543277
1924,Product B,Clothing,89,Supplier Y,18.34050473777344,3.875914988707599,85,SKU001,Warehouse A,15 Days,Brand Y,9644243816,34,287.9026450399481
1925,Product C,Clothing,79,Supplier Y,13.6127179692233,4.296350448682976,3,SKU001,Warehouse A,15 Days,Brand Y,9100529277,12,999.3231055078156
1926,Product A,Home,28,Supplier Z,22.71338716013113,3.915224796077551,49,SKU001,Warehouse A,15 Days,Brand Z,9726778999,54,275.3313855144013
1927,Product A,Clothing,73,Supplier X,40.35664143558368,1.916458671026706,4,SKU001,Warehouse C,7 Days,Brand Z,9163414229,86,335.5137865326691
1928,Product A,Electronics,2,Supplier Z,22.81498208952779,4.826540053910452,74,SKU003,Warehouse C,15 Days,Brand Z,9677201720,42,662.7348467041614
1929,Product B,Clothing,17,Supplier Y,42.33627043949305,1.101018246764624,44,SKU003,Warehouse C,15 Days,Brand Y,9917171510,72,301.0217626461953
1930,Product C,Electronics,58,Supplier X,49.43859903475635,2.330741189502562,34,SKU003,Warehouse C,30 Days,Brand Y,9873185921,67,223.6462085490964
1931,Product B,Home,74,Supplier Z,3.601333286516817,2.040369738139582,82,SKU003,Warehouse C,15 Days,Brand X,9438370909,42,167.0508147831027
1932,Product B,Electronics,9,Supplier Y,2.270507804185184,1.192504910459404,74,SKU001,Warehouse B,15 Days,Brand Z,9647642176,39,319.5558383775142
1933,Product A,Clothing,31,Supplier Y,7.479485145668091,2.622918771954674,74,SKU001,Warehouse C,30 Days,Brand Z,9166609261,30,114.8565327324858
1934,Product B,Home,66,Supplier Y,19.21848378671731,3.492459360651098,26,SKU001,Warehouse B,15 Days,Brand X,9141640908,2,28.46012055063507
1935,Product B,Clothing,88,Supplier X,6.55211045727162,4.530211453940405,1,SKU001,Warehouse C,30 Days,Brand X,9105415554,99,806.5952803613305
1936,Product A,Home,62,Supplier X,43.5332238809378,4.95875886476588,53,SKU003,Warehouse C,30 Days,Brand X,9591950010,16,146.5159929904308
1937,Product B,Home,19,Supplier X,1.15731255135319,4.232358345617593,71,SKU003,Warehouse C,30 Days,Brand Z,9568765139,79,778.2170813170899
1938,Product A,Clothing,81,Supplier X,15.78963581679113,2.874722074851299,97,SKU001,Warehouse C,30 Days,Brand X,9168324088,38,799.5670541967932
1939,Product A,Clothing,74,Supplier Y,9.234731474710268,3.894817703868123,83,SKU001,Warehouse A,30 Days,Brand Y,9910412478,65,542.5403310659507
1940,Product A,Home,55,Supplier Y,46.57696650787662,4.374495154358563,86,SKU001,Warehouse A,30 Days,Brand Y,9692999428,68,316.5851387298219
1941,Product A,Home,28,Supplier X,33.4740502445014,2.861228785674725,78,SKU001,Warehouse B,30 Days,Brand Y,9350010177,96,153.5824064123896
1942,Product B,Clothing,92,Supplier X,45.60151282256872,4.140217736102,47,SKU002,Warehouse B,15 Days,Brand X,9611860569,76,739.4370556537891
1943,Product A,Electronics,50,Supplier Y,48.61643551551967,2.930609673251507,76,SKU002,Warehouse C,7 Days,Brand Z,9946076404,75,605.3731161219681
1944,Product A,Clothing,65,Supplier Z,24.85491218386846,2.545983963506891,94,SKU002,Warehouse C,15 Days,Brand Z,9439534556,18,658.8989219286285
1945,Product B,Home,3,Supplier Z,11.71595540240131,3.104363351135045,48,SKU002,Warehouse C,30 Days,Brand X,9474274705,21,18.58239894667973
1946,Product B,Clothing,79,Supplier Y,9.686439309829463,3.703418950508579,77,SKU001,Warehouse C,30 Days,Brand X,9536807816,7,928.2418455507462
1947,Product C,Electronics,52,Supplier X,11.14594308429203,3.907528225274389,0,SKU001,Warehouse A,15 Days,Brand Z,9820771227,67,75.62728557208474
1948,Product B,Clothing,10,Supplier X,35.42966538110014,2.426945075568431,90,SKU001,Warehouse B,7 Days,Brand Y,9081401275,70,373.1378262886056
1949,Product B,Home,21,Supplier Y,2.022286406150037,3.285281006224139,32,SKU002,Warehouse B,15 Days,Brand Y,9237513867,85,408.6845331551833
1950,Product C,Clothing,37,Supplier Z,2.568053651635744,4.639483496321788,34,SKU002,Warehouse B,15 Days,Brand Z,9556220708,17,11.34196925296936
1951,Product B,Home,15,Supplier Y,30.4071471191575,4.905251600442559,53,SKU001,Warehouse A,15 Days,Brand X,9434398673,5,502.1184162572891
1952,Product B,Home,87,Supplier Y,32.10285733687033,1.908992364735818,55,SKU002,Warehouse C,7 Days,Brand Y,9323998326,3,755.2809045658998
1953,Product B,Clothing,78,Supplier Y,33.263146216123,1.771324662853366,14,SKU003,Warehouse A,30 Days,Brand Y,9783203574,40,825.0359665836245
1954,Product B,Home,79,Supplier X,18.59402522942956,3.706742533714594,68,SKU002,Warehouse A,7 Days,Brand Y,9929770593,50,880.6030233728255
1955,Product C,Home,74,Supplier X,40.29724443570765,2.658735543293775,3,SKU002,Warehouse B,15 Days,Brand X,9803164329,11,492.8416796322158
1956,Product B,Electronics,9,Supplier X,26.68122938633088,1.096889353672548,83,SKU002,Warehouse A,15 Days,Brand X,9016520501,36,634.3298286243539
1957,Product B,Electronics,44,Supplier Z,5.273281500470972,2.387447482589137,63,SKU002,Warehouse B,7 Days,Brand Y,9821023609,1,88.72451616353378
1958,Product C,Electronics,39,Supplier Y,39.85496535336726,4.226978973889008,21,SKU001,Warehouse A,7 Days,Brand X,9548414530,2,493.1578420389324
1959,Product A,Electronics,5,Supplier Y,47.65338931352291,4.189707721532731,23,SKU003,Warehouse B,30 Days,Brand Z,9293132343,44,163.2675973230179
1960,Product C,Home,25,Supplier Z,3.001815650117934,2.978740595266328,46,SKU001,Warehouse B,30 Days,Brand X,9819801645,84,375.9466864462962
1961,Product A,Clothing,56,Supplier X,19.567566935029,2.890311739550141,74,SKU002,Warehouse C,7 Days,Brand Z,9035520004,38,336.0122597359533
1962,Product C,Home,90,Supplier Y,24.37580224173738,3.31802976973751,5,SKU002,Warehouse B,30 Days,Brand Y,9271501879,76,429.3051714690931
1963,Product C,Home,64,Supplier Z,7.323538003915847,1.877586842254304,26,SKU002,Warehouse A,15 Days,Brand Y,9591536278,53,575.9202517943912
1964,Product B,Home,72,Supplier X,43.38544738914386,3.104174499563822,9,SKU002,Warehouse B,7 Days,Brand Z,9332544317,77,903.8478805923659
1965,Product A,Clothing,86,Supplier X,14.2074822445022,1.044185440226594,38,SKU002,Warehouse A,30 Days,Brand Y,9742587532,93,400.5397850340303
1966,Product B,Electronics,52,Supplier Y,39.150426996908,2.902238219132535,73,SKU003,Warehouse B,15 Days,Brand Y,9792204602,17,981.3198837544352
1967,Product A,Home,89,Supplier X,33.5497241014158,2.34420418500237,89,SKU001,Warehouse C,7 Days,Brand Y,9989266903,12,761.4377675706908
1968,Product C,Home,76,Supplier Z,29.90229112335117,3.699478423614639,36,SKU002,Warehouse C,30 Days,Brand X,9266274587,13,516.3662363204994
1969,Product C,Electronics,9,Supplier X,9.60714243482772,3.55341433661051,53,SKU003,Warehouse A,15 Days,Brand X,9070599632,40,647.5861727408246
1970,Product A,Home,10,Supplier Y,11.03517602754529,2.523343520731236,96,SKU001,Warehouse B,7 Days,Brand Z,9202758149,39,111.201929420625
1971,Product B,Clothing,10,Supplier Z,2.367420237328466,1.029091925914366,50,SKU001,Warehouse A,30 Days,Brand Z,9999792828,88,846.0763160005183
1972,Product B,Home,73,Supplier X,12.03562148911332,2.009094517579842,59,SKU001,Warehouse C,15 Days,Brand X,9448010556,90,586.5338805133262
1973,Product B,Home,62,Supplier X,17.27218047302571,3.533391400756649,71,SKU002,Warehouse A,15 Days,Brand Y,9506432218,86,986.2068054075057
1974,Product B,Electronics,90,Supplier X,41.65726519312127,1.289493372070018,50,SKU002,Warehouse A,15 Days,Brand X,9832564908,70,640.0644563153206
1975,Product C,Home,99,Supplier Z,18.31963333574026,1.430569687333855,61,SKU003,Warehouse B,15 Days,Brand Y,9547763804,47,835.7704674336618
1976,Product C,Home,91,Supplier X,37.73108913828032,3.588140098268349,48,SKU003,Warehouse C,7 Days,Brand Z,9938691083,9,801.7651153672873
1977,Product C,Clothing,60,Supplier Y,21.97211406477438,4.023069603797169,50,SKU001,Warehouse C,15 Days,Brand Z,9303441058,88,352.0065399535861
1978,Product C,Electronics,95,Supplier Z,39.24341559969442,2.286198832050848,27,SKU002,Warehouse B,7 Days,Brand Z,9850497341,53,267.0145189808795
1979,Product C,Electronics,19,Supplier Z,48.81358002185199,2.958692262066247,35,SKU001,Warehouse B,7 Days,Brand X,9766315887,34,436.1886475971949
1980,Product B,Clothing,38,Supplier X,11.99207790287901,4.782845459934634,24,SKU001,Warehouse B,30 Days,Brand X,9694184452,23,472.5689309647487
1981,Product B,Home,6,Supplier Z,43.11708059819381,4.782174248703878,35,SKU003,Warehouse C,7 Days,Brand Y,9664793802,48,247.6838549172774
1982,Product B,Electronics,15,Supplier Y,31.09120431528873,2.23001109785372,76,SKU002,Warehouse C,15 Days,Brand Z,9368420163,41,895.6518946174622
1983,Product B,Electronics,93,Supplier Z,40.86471307943274,4.239951500068361,59,SKU003,Warehouse B,7 Days,Brand Y,9028327765,74,547.1223836776395
1984,Product C,Home,47,Supplier Y,32.57929511339026,3.375776211227435,6,SKU002,Warehouse A,7 Days,Brand Y,9555054272,83,978.6599482320339
1985,Product C,Home,45,Supplier X,21.19747536370751,4.90193797340152,64,SKU001,Warehouse C,30 Days,Brand X,9052729196,73,811.9176002658006
1986,Product C,Electronics,5,Supplier Z,11.40374697208952,2.910454278844386,72,SKU001,Warehouse B,7 Days,Brand X,9006872433,49,560.1478117880265
1987,Product A,Home,78,Supplier Y,3.501761266558251,4.098827472062246,91,SKU001,Warehouse B,30 Days,Brand Y,9288197967,20,947.5698753629156
1988,Product B,Electronics,53,Supplier X,26.77591822303585,4.072548518459485,35,SKU002,Warehouse A,7 Days,Brand Y,9661941928,27,509.826066944354
1989,Product B,Home,66,Supplier Y,49.51630472634328,2.989731470532305,93,SKU001,Warehouse B,30 Days,Brand Y,9103932570,91,888.2354473934837
1990,Product C,Home,62,Supplier Z,36.90209025071031,4.182520457189231,72,SKU002,Warehouse A,7 Days,Brand X,9978317899,54,364.5633333838475
1991,Product B,Clothing,23,Supplier Z,16.36727706995083,2.044161333227986,29,SKU002,Warehouse A,15 Days,Brand Y,9627016452,26,384.8559595700531
1992,Product B,Home,44,Supplier Y,41.36024000433676,1.489012145160916,98,SKU003,Warehouse C,7 Days,Brand X,9422947972,96,423.9493761412218
1993,Product C,Clothing,52,Supplier X,38.44920000882033,2.700654978621265,46,SKU001,Warehouse B,30 Days,Brand Z,9464434005,67,551.1593894838137
1994,Product A,Home,46,Supplier X,14.08178966767284,4.774522626534338,90,SKU003,Warehouse C,30 Days,Brand Z,9920741004,98,557.9553674968358
1995,Product A,Electronics,19,Supplier X,0.7153744897117342,3.002978432810115,28,SKU002,Warehouse C,15 Days,Brand Y,9473495887,83,501.4349324603133
1996,Product A,Electronics,88,Supplier X,5.90813192669748,3.541036554587708,4,SKU001,Warehouse C,15 Days,Brand X,9124523353,5,312.9409638473358
1997,Product C,Home,84,Supplier Y,43.86530951560288,3.496649823631501,64,SKU001,Warehouse B,30 Days,Brand Z,9514265586,57,927.9344001429228
1998,Product B,Home,47,Supplier Z,41.82815176524359,1.530291469078122,68,SKU002,Warehouse B,15 Days,Brand X,9889463432,5,592.7002363757617
1999,Product C,Electronics,91,Supplier Y,14.76045004391812,2.561187529508841,62,SKU001,Warehouse B,7 Days,Brand X,9374302895,59,413.661824029679
2000,Product C,Home,52,Supplier Z,14.25977131422102,3.827755891687499,92,SKU002,Warehouse C,7 Days,Brand Z,9380220191,80,654.665191136182
2001,Product B,Clothing,24,Supplier Z,39.64324935512356,4.887960394322905,55,SKU001,Warehouse A,15 Days,Brand Y,9040178514,18,770.2870902317071
2002,Product A,Clothing,17,Supplier Y,46.8868734947711,1.672070953188105,16,SKU001,Warehouse C,7 Days,Brand Y,9271262755,60,961.1208073459607
2003,Product A,Clothing,89,Supplier Y,38.95686283988,2.641767561356465,50,SKU002,Warehouse A,7 Days,Brand Z,9500106203,16,504.5536706449068
2004,Product C,Clothing,46,Supplier X,30.27893385153807,1.380375199210917,36,SKU003,Warehouse B,15 Days,Brand X,9530139278,48,120.9775252472512
2005,Product A,Clothing,64,Supplier Z,12.13356751659023,1.969505838597024,87,SKU002,Warehouse B,30 Days,Brand Y,9827585160,2,446.3581434221759
2006,Product C,Home,95,Supplier X,26.28739570476303,2.507037373304601,90,SKU001,Warehouse C,7 Days,Brand X,9770085391,33,484.1808558389367
2007,Product C,Home,28,Supplier X,11.67559292966323,3.162572991809402,8,SKU002,Warehouse A,15 Days,Brand Z,9681395961,61,898.0241374038171
2008,Product B,Clothing,50,Supplier Y,40.40057100483868,1.922267528956324,37,SKU002,Warehouse B,30 Days,Brand Y,9572532215,59,400.8527607783236
2009,Product B,Home,64,Supplier X,19.34805397588686,1.910250644714743,52,SKU002,Warehouse B,7 Days,Brand Y,9494147589,67,953.791022238267
2010,Product B,Home,28,Supplier X,41.68486084970131,4.111319916560815,12,SKU001,Warehouse C,7 Days,Brand Y,9061567559,86,490.2805886371914
2011,Product C,Clothing,86,Supplier X,19.08046089913626,4.850566651787525,89,SKU003,Warehouse C,15 Days,Brand Z,9053664416,81,974.0426959691396
2012,Product B,Home,56,Supplier Y,41.20747025999457,2.294451871005825,52,SKU003,Warehouse C,7 Days,Brand Z,9724349151,33,18.11633791965257
2013,Product A,Home,59,Supplier X,16.6658907582621,3.751968074542721,74,SKU001,Warehouse A,30 Days,Brand Z,9004327277,28,899.8272210582832
2014,Product A,Home,5,Supplier X,22.00663523088349,2.032321845431683,87,SKU003,Warehouse A,15 Days,Brand X,9546982243,59,931.8092474239172
2015,Product C,Clothing,54,Supplier Y,30.77442096713288,4.711809019862528,96,SKU002,Warehouse B,15 Days,Brand X,9242568105,43,961.4107264075611
2016,Product C,Home,44,Supplier Y,3.514380701495934,3.691609440661593,48,SKU002,Warehouse C,15 Days,Brand X,9567117626,14,22.9457688328687
2017,Product B,Electronics,42,Supplier Y,47.41035309077322,4.21070741855028,69,SKU003,Warehouse B,15 Days,Brand Y,9363684847,44,179.9838281848059
2018,Product C,Electronics,72,Supplier Z,28.68028930619016,1.197416172796659,34,SKU003,Warehouse A,30 Days,Brand Y,9370742307,74,657.2268580623038
2019,Product C,Clothing,92,Supplier Y,25.39100073454011,3.394023872962499,15,SKU003,Warehouse B,30 Days,Brand Y,9925262369,8,35.21796481775606
2020,Product A,Electronics,57,Supplier Z,41.96969855599561,3.110449325433529,12,SKU002,Warehouse B,30 Days,Brand Z,9257300353,34,72.97290621473573
2021,Product A,Clothing,47,Supplier Y,43.28813649484138,2.171987627646128,10,SKU002,Warehouse C,30 Days,Brand Z,9348139434,9,228.8680849565075
2022,Product B,Electronics,76,Supplier Y,26.1130202264508,2.049719940229272,86,SKU001,Warehouse B,30 Days,Brand Y,9141502153,37,517.3153710564454
2023,Product C,Electronics,25,Supplier Y,46.36311628968187,3.320099209267879,1,SKU001,Warehouse C,30 Days,Brand Z,9913114168,28,550.4435336741394
2024,Product C,Electronics,44,Supplier Z,3.236888303824031,3.825942540028901,93,SKU002,Warehouse B,15 Days,Brand X,9621545445,45,43.9185115655693
2025,Product A,Clothing,15,Supplier X,5.661289612560877,1.132691028140756,18,SKU002,Warehouse B,15 Days,Brand X,9632740870,69,178.6635782737158
2026,Product C,Clothing,51,Supplier Y,29.83941150072201,3.269606327694818,44,SKU001,Warehouse A,15 Days,Brand Z,9764401082,82,504.7086166013088
2027,Product A,Home,53,Supplier Z,17.70329308967919,1.681838115786515,45,SKU001,Warehouse A,30 Days,Brand X,9008627514,89,598.0012147339712
2028,Product B,Clothing,34,Supplier Y,23.21125830945994,1.561450925544402,46,SKU002,Warehouse B,15 Days,Brand X,9191998062,72,156.9176795213532
2029,Product A,Electronics,77,Supplier X,16.40396089485833,3.492477952378738,48,SKU003,Warehouse B,30 Days,Brand X,9005909619,44,404.8529978275009
2030,Product C,Electronics,8,Supplier Z,20.23626557224678,2.243480468869892,78,SKU002,Warehouse C,15 Days,Brand Y,9986555698,76,905.3574221517829
2031,Product B,Clothing,77,Supplier Y,41.13231735731497,2.763520932539456,41,SKU003,Warehouse A,30 Days,Brand Z,9428212994,89,998.9102941757103
2032,Product A,Clothing,70,Supplier Y,29.67380999271523,2.439995237759092,32,SKU002,Warehouse A,30 Days,Brand Z,9091348980,52,987.3423102828298
2033,Product A,Clothing,96,Supplier Y,49.86722746417491,3.593345280610095,40,SKU001,Warehouse B,30 Days,Brand Y,9886265498,83,882.8577651840037
2034,Product B,Home,21,Supplier X,39.34395989104814,2.880479064265876,68,SKU001,Warehouse C,7 Days,Brand X,9172500685,1,400.7134870704463
2035,Product B,Electronics,7,Supplier Z,13.68331270509133,4.85383464815179,85,SKU001,Warehouse A,7 Days,Brand Y,9960262453,3,689.7085491540363
2036,Product A,Home,90,Supplier Y,13.21725588633481,2.409531036425861,90,SKU002,Warehouse B,30 Days,Brand X,9124923997,70,422.4263055063567
2037,Product C,Home,79,Supplier Y,16.79491350585036,3.961137361051341,98,SKU002,Warehouse B,15 Days,Brand Y,9028449983,18,652.0417565559608
2038,Product A,Electronics,56,Supplier Z,42.16297403238713,2.029170270332178,18,SKU002,Warehouse B,30 Days,Brand X,9881384225,98,316.3381462597884
2039,Product B,Electronics,49,Supplier X,1.36438253252828,3.035012370504587,38,SKU003,Warehouse B,30 Days,Brand Y,9603086102,10,610.1402310742286
2040,Product A,Clothing,42,Supplier X,11.50906394356289,3.210279007607828,6,SKU002,Warehouse B,7 Days,Brand Y,9324254255,82,528.5209115873214
2041,Product B,Clothing,23,Supplier X,45.24592101721335,2.316437124250929,38,SKU003,Warehouse A,30 Days,Brand X,9485536822,31,34.23546315506795
2042,Product B,Home,52,Supplier X,31.9948218041626,2.887122115650516,97,SKU003,Warehouse A,7 Days,Brand X,9362459152,13,792.7958747086526
2043,Product C,Clothing,79,Supplier X,11.34235477505282,2.117114551593969,33,SKU003,Warehouse C,15 Days,Brand Z,9077686094,48,21.77885392270406
2044,Product B,Clothing,53,Supplier Y,10.95724841162902,1.024003126695928,90,SKU001,Warehouse B,15 Days,Brand Z,9742599741,68,300.2243828307688
2045,Product B,Electronics,16,Supplier Y,43.13090508797153,1.862593206551515,43,SKU003,Warehouse C,15 Days,Brand Y,9618093180,24,15.86482479946235
2046,Product C,Electronics,96,Supplier Y,44.68787541385232,3.800256689972803,68,SKU003,Warehouse B,30 Days,Brand Y,9370027244,13,382.4393991622462
2047,Product B,Clothing,37,Supplier Z,12.80655454810576,4.083852097941508,67,SKU001,Warehouse B,7 Days,Brand Z,9702842428,38,72.52892288249791
2048,Product C,Electronics,18,Supplier X,21.02551790382661,2.12081146855568,62,SKU003,Warehouse B,30 Days,Brand Z,9802908092,11,914.3758571629288
2049,Product C,Clothing,20,Supplier Z,41.72978693141586,2.632171995272288,70,SKU002,Warehouse C,15 Days,Brand X,9163389995,48,421.52250221124
2050,Product B,Electronics,46,Supplier X,38.55037193049427,1.149462640554444,47,SKU002,Warehouse B,30 Days,Brand Z,9680777030,83,464.900817115766
2051,Product B,Electronics,2,Supplier X,40.69580532830422,1.948251604390722,2,SKU001,Warehouse C,7 Days,Brand Y,9536293244,17,356.3517337299463
2052,Product A,Electronics,87,Supplier Z,25.91990953939844,4.116877133489197,84,SKU001,Warehouse A,7 Days,Brand Z,9219411583,0,631.2310926597486
2053,Product C,Electronics,94,Supplier Y,45.57745241525866,3.423945081060229,33,SKU003,Warehouse B,15 Days,Brand Z,9853028339,3,786.5640354520217
2054,Product A,Clothing,63,Supplier Z,16.29757719772176,1.823082087817486,8,SKU003,Warehouse C,15 Days,Brand Z,9725314547,11,651.6652756184881
2055,Product B,Home,3,Supplier Y,7.833606717375901,2.029767980489729,60,SKU003,Warehouse A,15 Days,Brand Z,9876908802,25,750.7250472111763
2056,Product A,Electronics,46,Supplier X,35.43661662824324,4.26720809195824,19,SKU001,Warehouse B,30 Days,Brand Y,9705555144,31,906.9139268741678
2057,Product C,Clothing,49,Supplier Y,26.96772080034482,1.836336811779603,39,SKU003,Warehouse A,7 Days,Brand Z,9567755586,78,864.9110663547144
2058,Product A,Clothing,1,Supplier X,42.72928844047405,2.336630903388525,11,SKU002,Warehouse B,30 Days,Brand Z,9422618735,51,677.3178682261588
2059,Product C,Electronics,22,Supplier X,4.057962456235748,3.657434766618577,27,SKU002,Warehouse C,15 Days,Brand Y,9543368034,98,222.4915832753843
2060,Product B,Home,93,Supplier Y,42.18462017190334,3.244449542832315,47,SKU003,Warehouse B,7 Days,Brand Z,9281247719,89,641.3258225315095
2061,Product B,Electronics,14,Supplier X,14.66473266044111,2.843480820935257,96,SKU001,Warehouse B,15 Days,Brand Y,9231762329,14,511.0222647831058
2062,Product C,Clothing,92,Supplier Y,32.74278335840915,4.598964363918977,73,SKU002,Warehouse C,7 Days,Brand Z,9901100407,7,720.0470387003159
2063,Product B,Home,85,Supplier Z,2.006439453912789,1.878841850860207,74,SKU001,Warehouse C,7 Days,Brand Z,9946782350,91,834.6023319089858
2064,Product B,Clothing,45,Supplier X,30.47906481518003,3.965679563451999,6,SKU002,Warehouse C,15 Days,Brand Z,9612226948,29,745.2942822145533
2065,Product B,Electronics,96,Supplier X,35.8635844593668,1.636255362472733,81,SKU003,Warehouse B,7 Days,Brand X,9346143116,53,848.0955582616724
2066,Product B,Home,6,Supplier Z,18.43751072528102,3.462935333928581,82,SKU003,Warehouse A,7 Days,Brand Z,9819420878,66,73.2277096076136
2067,Product C,Clothing,65,Supplier X,10.77053526310701,4.482494253645253,13,SKU001,Warehouse C,15 Days,Brand Y,9112719206,69,41.30383785508931
2068,Product A,Clothing,21,Supplier Z,26.88153383017725,2.831607141912551,80,SKU003,Warehouse A,7 Days,Brand X,9715640459,94,265.915562022598
2069,Product A,Clothing,4,Supplier Z,41.65954022178233,3.897178028765316,86,SKU001,Warehouse C,15 Days,Brand Z,9454134498,89,901.659423267542
2070,Product B,Electronics,3,Supplier X,16.17736791483254,4.281573411995953,18,SKU001,Warehouse C,30 Days,Brand Y,9058674494,7,825.4226584741341
2071,Product A,Home,30,Supplier Z,12.62346487606398,1.544105699510411,53,SKU002,Warehouse B,30 Days,Brand Z,9911932361,62,685.9000248173585
2072,Product A,Electronics,31,Supplier Z,13.94676543188438,3.82330758112844,59,SKU002,Warehouse C,15 Days,Brand Y,9403807009,92,703.7510807653188
2073,Product B,Electronics,34,Supplier Z,47.45660764583322,4.679364095954705,66,SKU003,Warehouse A,7 Days,Brand Z,9486542023,16,729.4037645656305
2074,Product B,Electronics,83,Supplier X,17.96384578822799,3.305482439422177,33,SKU001,Warehouse B,30 Days,Brand Y,9117763349,15,943.1766734798995
2075,Product A,Home,20,Supplier Z,0.1802119944143588,1.744488978115024,88,SKU002,Warehouse C,15 Days,Brand Y,9126562097,44,833.869240784482
2076,Product C,Electronics,87,Supplier Y,39.08406039798098,1.507770126355772,40,SKU003,Warehouse A,15 Days,Brand X,9035069579,67,627.1564831567771
2077,Product B,Electronics,54,Supplier Y,34.96373976676951,2.038941321866992,30,SKU003,Warehouse B,7 Days,Brand X,9154907738,9,669.0582809045691
2078,Product C,Electronics,25,Supplier Z,6.428413230148444,1.41405307606673,38,SKU002,Warehouse A,7 Days,Brand Y,9502343353,79,221.6028594405107
2079,Product A,Electronics,15,Supplier Y,49.24521245674563,3.05357628634019,77,SKU003,Warehouse B,7 Days,Brand Y,9767462481,18,660.7456369047097
2080,Product B,Clothing,38,Supplier X,30.40311426525556,1.278818730826938,51,SKU002,Warehouse B,15 Days,Brand X,9080179218,38,430.4322222942739
2081,Product C,Electronics,23,Supplier Z,25.03897454703007,1.893618498544906,46,SKU001,Warehouse B,30 Days,Brand Y,9475379066,49,161.4322518996863
2082,Product B,Clothing,52,Supplier X,19.11096338114455,2.759641775648857,19,SKU003,Warehouse C,15 Days,Brand Z,9257929860,76,808.3387910541086
2083,Product A,Electronics,66,Supplier Y,44.9336377781819,2.895659001608086,95,SKU001,Warehouse B,7 Days,Brand Z,9021334799,59,515.1446288051142
2084,Product C,Home,57,Supplier Y,12.19817407092816,3.261593940587858,96,SKU002,Warehouse C,7 Days,Brand Y,9303847792,67,977.6507912725274
2085,Product A,Clothing,57,Supplier Y,14.28844501099509,3.822459851002906,51,SKU001,Warehouse C,15 Days,Brand Y,9812099240,31,288.8625609297797
2086,Product A,Clothing,79,Supplier Y,6.120540334328345,1.18891455866187,94,SKU002,Warehouse C,7 Days,Brand X,9772022729,81,485.863411182026
2087,Product B,Clothing,52,Supplier X,37.955954779213,1.322483808703133,70,SKU003,Warehouse C,7 Days,Brand X,9621606930,79,453.5155001221794
2088,Product C,Clothing,35,Supplier Z,29.77746402029267,1.243436607219123,61,SKU003,Warehouse B,15 Days,Brand Y,9490530044,88,129.5717272082529
2089,Product A,Home,74,Supplier X,30.45330846272492,2.692601261859641,4,SKU003,Warehouse C,30 Days,Brand Z,9561847659,63,431.8541260424717
2090,Product A,Electronics,14,Supplier Z,10.92352155097318,1.167391779531737,56,SKU001,Warehouse A,7 Days,Brand X,9945902784,79,294.6779218567157
2091,Product C,Clothing,91,Supplier Y,32.55841945635419,3.984325067325305,3,SKU001,Warehouse A,30 Days,Brand Z,9669736213,85,168.7172666532651
2092,Product A,Home,14,Supplier Y,38.27292236234319,1.892000724153911,10,SKU001,Warehouse B,30 Days,Brand Z,9401421968,23,289.3340281957779
2093,Product A,Clothing,99,Supplier Y,17.89442653628446,4.756849973159834,18,SKU002,Warehouse C,30 Days,Brand Z,9015244322,27,240.9191743537281
2094,Product C,Electronics,33,Supplier Y,40.06735719808561,2.945615020388446,83,SKU003,Warehouse A,30 Days,Brand Z,9223343270,22,736.7327956958193
2095,Product C,Clothing,52,Supplier X,17.43952942660105,2.785303009768807,26,SKU001,Warehouse A,7 Days,Brand X,9427666675,62,40.46742647656849
2096,Product C,Home,1,Supplier Z,37.90692307546438,4.122154770558002,28,SKU002,Warehouse C,7 Days,Brand Y,9895813192,55,621.2881204340891
2097,Product C,Electronics,34,Supplier Z,1.686505372885949,3.852615935571964,17,SKU001,Warehouse C,15 Days,Brand Y,9368480054,84,763.0547286033704
2098,Product B,Home,19,Supplier Y,27.55823007368263,3.429236163792571,36,SKU002,Warehouse B,7 Days,Brand X,9360946308,72,485.9162219042835
2099,Product C,Electronics,24,Supplier X,48.47632803199433,4.74058682500148,60,SKU003,Warehouse A,15 Days,Brand Z,9550028360,65,932.2493302078392
2100,Product B,Electronics,4,Supplier Y,49.06223003411954,2.689037043948308,46,SKU001,Warehouse B,30 Days,Brand Y,9778355314,37,710.80188828417
2101,Product B,Electronics,36,Supplier Z,14.08762891708703,4.234126703089146,88,SKU003,Warehouse A,15 Days,Brand Y,9659539210,27,750.4444147983031
2102,Product B,Clothing,77,Supplier Z,22.06995455401777,2.520371782983274,19,SKU001,Warehouse C,15 Days,Brand Y,9305298765,25,204.9641525664615
2103,Product A,Home,58,Supplier X,3.148895399331653,4.353382697184419,69,SKU002,Warehouse A,7 Days,Brand Z,9869192301,59,779.5226200806827
2104,Product B,Home,32,Supplier Z,43.66706538022999,2.037898515863874,99,SKU003,Warehouse A,15 Days,Brand Y,9321811159,59,833.7737887222837
2105,Product B,Home,9,Supplier X,28.42860765701071,2.15706829134413,48,SKU001,Warehouse A,30 Days,Brand X,9948522323,90,367.6537245219297
2106,Product A,Electronics,80,Supplier Y,19.25503394702585,3.711478136069816,14,SKU001,Warehouse C,7 Days,Brand Y,9617547872,54,221.2294373526415
2107,Product A,Clothing,67,Supplier Y,5.638527924457653,1.850853179807185,17,SKU003,Warehouse C,7 Days,Brand Y,9770048899,24,391.2001724115805
2108,Product A,Electronics,20,Supplier X,47.33836427484446,1.916616748101715,37,SKU002,Warehouse A,7 Days,Brand X,9871759742,20,742.2118893101358
2109,Product C,Home,74,Supplier Y,26.51095239104968,2.221049716069659,88,SKU003,Warehouse A,30 Days,Brand Z,9556250703,24,423.4626158100157
2110,Product A,Clothing,62,Supplier X,14.14639645414519,3.715715078641503,83,SKU001,Warehouse C,15 Days,Brand Y,9102234840,57,739.28535647254
2111,Product A,Clothing,58,Supplier Y,17.51075650657548,4.557552369692928,21,SKU003,Warehouse C,7 Days,Brand Z,9111870649,37,122.4288955677623
2112,Product B,Clothing,22,Supplier Y,13.53485904610738,3.698270604507947,75,SKU003,Warehouse C,15 Days,Brand Z,9728094656,45,807.9515933835995
2113,Product A,Home,67,Supplier Z,30.09049044284903,4.311256977376501,59,SKU002,Warehouse A,30 Days,Brand Z,9333359986,74,260.6754068259338
2114,Product C,Clothing,75,Supplier Z,46.49817878902549,3.174242358777879,96,SKU002,Warehouse B,30 Days,Brand Y,9450449367,91,256.4396978374477
2115,Product A,Clothing,89,Supplier X,42.83469016632822,1.275692885380581,92,SKU003,Warehouse B,30 Days,Brand Y,9895130687,99,594.4771555518221
2116,Product C,Electronics,48,Supplier Y,23.01904377129888,1.401864846034003,65,SKU002,Warehouse C,7 Days,Brand X,9826799682,3,79.41686528951976
2117,Product A,Electronics,8,Supplier Y,41.32496811505039,3.217567913467662,25,SKU002,Warehouse B,7 Days,Brand Z,9640249951,18,36.03474941782188
2118,Product A,Clothing,73,Supplier Y,21.15527406381649,2.311203874568438,63,SKU001,Warehouse A,15 Days,Brand X,9577285665,61,268.4183786405148
2119,Product A,Clothing,15,Supplier Z,12.6153570379319,1.882272294547771,95,SKU002,Warehouse B,15 Days,Brand Y,9416206192,23,542.6868752274745
2120,Product A,Electronics,32,Supplier X,49.1707557633214,2.865027709210483,57,SKU003,Warehouse B,7 Days,Brand Y,9076451160,85,908.540222362975
2121,Product C,Electronics,53,Supplier X,15.19437839854109,3.665986963617206,2,SKU003,Warehouse B,30 Days,Brand X,9321334250,54,847.9708245442339
2122,Product C,Electronics,67,Supplier X,16.18621154934542,2.539967790943434,29,SKU001,Warehouse C,30 Days,Brand X,9637372857,24,495.5419953217657
2123,Product B,Home,4,Supplier Y,49.48464338932611,4.210169028629366,18,SKU001,Warehouse A,7 Days,Brand Z,9777525698,71,46.68147375655784
2124,Product C,Home,30,Supplier X,6.696374658282744,3.954092986285575,9,SKU001,Warehouse C,15 Days,Brand Y,9978237318,83,539.900207283016
2125,Product A,Electronics,13,Supplier Z,38.02669940048475,3.939659528638267,88,SKU003,Warehouse B,30 Days,Brand Z,9957356265,64,707.7476439260425
2126,Product B,Clothing,21,Supplier Z,46.79063792413633,4.940758758709554,45,SKU003,Warehouse C,7 Days,Brand Z,9019330722,67,345.7728871997834
2127,Product B,Electronics,41,Supplier X,25.58974971377093,2.180919909486539,18,SKU002,Warehouse A,15 Days,Brand Y,9866645148,11,119.9526702488382
2128,Product B,Home,19,Supplier Y,0.1260880851410018,3.578902345363581,57,SKU001,Warehouse A,15 Days,Brand Y,9562288615,24,285.7822736736028
2129,Product A,Clothing,48,Supplier Z,18.75294720565531,4.421913360641254,84,SKU002,Warehouse A,30 Days,Brand Z,9710567963,20,773.8729758231358
2130,Product C,Home,86,Supplier Z,5.578449619241354,3.318097735655644,5,SKU002,Warehouse A,30 Days,Brand X,9985787863,18,357.731393960495
2131,Product A,Clothing,63,Supplier Y,20.80938304668479,4.158008704461571,50,SKU003,Warehouse B,30 Days,Brand Y,9542563908,97,813.861675778853
2132,Product B,Home,20,Supplier Y,39.50133808211424,2.657808743359649,13,SKU002,Warehouse B,30 Days,Brand Z,9072663962,69,326.326237289401
2133,Product A,Clothing,64,Supplier X,21.93557744419002,3.361965382619219,57,SKU001,Warehouse B,15 Days,Brand X,9247727561,51,171.9194880296799
2134,Product A,Clothing,37,Supplier Z,21.59625606729613,1.222665571217313,7,SKU001,Warehouse B,7 Days,Brand Z,9205839179,53,441.4898759184721
2135,Product C,Clothing,31,Supplier Z,27.83947384594233,4.943070423299254,1,SKU003,Warehouse B,15 Days,Brand Y,9558275921,34,457.7517671662476
2136,Product C,Clothing,74,Supplier X,29.08452923738401,4.200073925793669,17,SKU003,Warehouse C,30 Days,Brand X,9212071303,2,25.9471363638436
2137,Product B,Home,18,Supplier X,42.81481543994857,4.475236286525798,85,SKU003,Warehouse A,7 Days,Brand X,9597788069,32,125.8746219792629
2138,Product A,Home,20,Supplier Z,15.41777196144757,3.777177112571784,56,SKU001,Warehouse B,15 Days,Brand X,9967369078,72,193.0767585850893
2139,Product A,Clothing,82,Supplier Z,41.0835632184008,1.744200131234798,93,SKU003,Warehouse A,7 Days,Brand Y,9209685341,6,122.4514442048881
2140,Product C,Clothing,11,Supplier Y,28.29668743460236,1.124113769672129,99,SKU001,Warehouse A,15 Days,Brand Y,9113251976,26,348.1108146671502
2141,Product A,Home,86,Supplier Y,15.02647748585735,4.458626430944054,91,SKU002,Warehouse B,7 Days,Brand Z,9583950959,0,964.9766270608478
2142,Product A,Clothing,44,Supplier Z,14.75630220030386,2.585322614944492,34,SKU003,Warehouse B,15 Days,Brand Z,9143464746,39,514.1303129438072
2143,Product A,Clothing,82,Supplier Z,18.05687585528623,2.05545950415968,65,SKU003,Warehouse A,15 Days,Brand Y,9735388696,17,631.28046363194
2144,Product C,Clothing,64,Supplier Y,31.13466213099877,3.246691835355778,55,SKU003,Warehouse A,30 Days,Brand Z,9002622045,34,362.8226137377979
2145,Product B,Electronics,34,Supplier X,11.54058656799746,2.683594089902877,99,SKU001,Warehouse A,15 Days,Brand X,9275826753,80,330.2528840267146
2146,Product B,Clothing,87,Supplier X,46.01667808361337,3.606663982750228,81,SKU002,Warehouse C,30 Days,Brand Y,9361433616,38,32.91530419585827
2147,Product A,Electronics,65,Supplier Z,28.74562920889502,2.935172932218054,42,SKU003,Warehouse C,15 Days,Brand Y,9639374956,10,505.3303191192622
2148,Product B,Clothing,55,Supplier Z,46.00078884980034,3.788932561761083,72,SKU002,Warehouse A,7 Days,Brand Z,9526570886,44,488.7729166841496
2149,Product C,Home,74,Supplier Y,2.320217928957735,4.413693078036571,91,SKU003,Warehouse C,7 Days,Brand Y,9369672469,74,166.2524189193118
2150,Product C,Electronics,1,Supplier Z,17.13056852307367,1.782228043823156,71,SKU001,Warehouse A,30 Days,Brand X,9193742857,2,766.6807602046366
2151,Product B,Electronics,38,Supplier X,1.140383034381154,2.317731522261947,7,SKU002,Warehouse A,15 Days,Brand Y,9227900761,76,497.7475870078929
2152,Product B,Clothing,9,Supplier Y,13.61259075489849,2.747262346282556,4,SKU002,Warehouse B,30 Days,Brand X,9449545356,51,345.6040304599575
2153,Product A,Clothing,95,Supplier Y,43.10032361342941,4.848233792110553,12,SKU003,Warehouse A,7 Days,Brand Y,9519679785,59,155.4398199326977
2154,Product B,Electronics,71,Supplier X,1.830485792110043,2.461334454189941,6,SKU002,Warehouse B,15 Days,Brand Y,9143880219,91,556.6392187013023
2155,Product A,Home,17,Supplier X,21.80735499578724,2.524399398370518,20,SKU001,Warehouse B,30 Days,Brand Y,9073337955,57,755.2888558279217
2156,Product A,Home,99,Supplier Y,5.87835352366139,3.613890091838245,92,SKU002,Warehouse A,7 Days,Brand Z,9262804666,53,289.1793591581219
2157,Product C,Clothing,52,Supplier Z,20.84203296301839,2.676798839559797,36,SKU002,Warehouse C,7 Days,Brand Z,9122765066,33,226.6064080609553
2158,Product C,Home,18,Supplier X,41.94257921321886,4.804894982558421,44,SKU002,Warehouse A,15 Days,Brand X,9645273992,27,526.7156144239312
2159,Product C,Home,63,Supplier Y,31.15355167012596,4.577875041901775,51,SKU002,Warehouse A,15 Days,Brand Z,9658893519,60,163.7898694849168
2160,Product C,Clothing,33,Supplier Z,36.83781726657116,3.053635111102692,47,SKU003,Warehouse C,15 Days,Brand Y,9981545808,65,669.947252728342
2161,Product B,Home,4,Supplier Z,17.45520577247905,3.579100935791399,61,SKU003,Warehouse B,30 Days,Brand Z,9107396406,65,609.2901916647882
2162,Product C,Clothing,87,Supplier Y,47.21988475050708,1.232122247534482,77,SKU002,Warehouse C,30 Days,Brand Z,9568951044,36,96.21122909551434
2163,Product B,Electronics,75,Supplier X,35.46310468897501,3.782922112129592,50,SKU002,Warehouse A,15 Days,Brand X,9699432004,15,46.15517558756013
2164,Product C,Clothing,52,Supplier Z,21.08994096422655,3.828803491796129,3,SKU001,Warehouse A,15 Days,Brand Y,9009465893,71,624.085766062699
2165,Product B,Electronics,9,Supplier X,21.32324001135274,2.436797182572832,85,SKU003,Warehouse C,15 Days,Brand X,9648658910,74,301.3508362488534
2166,Product A,Electronics,64,Supplier Y,45.93420889716488,1.878731534501091,55,SKU003,Warehouse C,7 Days,Brand Z,9176624705,44,95.58129564166455
2167,Product B,Home,30,Supplier X,28.82023467176959,4.660313607268067,74,SKU003,Warehouse C,15 Days,Brand Y,9219608538,14,761.8344179069217
2168,Product B,Home,8,Supplier Z,35.31896049515208,2.706819603220511,33,SKU002,Warehouse B,30 Days,Brand X,9735890925,3,320.9035629874677
2169,Product C,Home,5,Supplier Y,20.85176122565854,3.614824419206843,44,SKU003,Warehouse C,7 Days,Brand X,9011783914,22,465.0035541418413
2170,Product B,Clothing,76,Supplier Z,11.18463823823571,1.133315179905024,15,SKU001,Warehouse A,15 Days,Brand Y,9017060306,71,244.4447981792316
2171,Product A,Home,63,Supplier Z,36.17796459972093,2.656268666307345,8,SKU001,Warehouse C,30 Days,Brand X,9834689087,79,631.0439075743849
2172,Product A,Electronics,1,Supplier Y,30.39118860706939,4.269035244055519,79,SKU001,Warehouse A,7 Days,Brand X,9679430890,15,308.4735312008158
2173,Product C,Home,15,Supplier Y,25.06714402123897,2.55030400160286,15,SKU001,Warehouse B,7 Days,Brand X,9976649880,87,968.3407516153521
2174,Product A,Home,89,Supplier X,31.20104699972319,3.412644640547507,94,SKU001,Warehouse B,30 Days,Brand Z,9368583859,52,705.9180731307375
2175,Product B,Clothing,82,Supplier Y,10.41427930321168,1.839423201938158,30,SKU003,Warehouse C,30 Days,Brand X,9570825548,9,145.3550536097311
2176,Product A,Clothing,38,Supplier X,39.69693532659782,2.666102595358238,12,SKU002,Warehouse A,7 Days,Brand Z,9865650652,33,422.5278912767321
2177,Product C,Electronics,42,Supplier Y,47.40814025101529,4.710550872212746,4,SKU002,Warehouse B,30 Days,Brand X,9409265938,17,391.5668887325798
2178,Product B,Clothing,46,Supplier Z,44.55515720838514,3.265806998804149,46,SKU002,Warehouse C,7 Days,Brand X,9272160866,52,538.9046396131793
2179,Product C,Home,53,Supplier X,16.07178726535086,4.607725836371726,38,SKU002,Warehouse B,7 Days,Brand X,9995585560,15,843.5113677344608
2180,Product B,Clothing,26,Supplier Y,20.30028866410379,4.608077197958173,17,SKU003,Warehouse C,7 Days,Brand X,9497574191,99,587.5877950311717
2181,Product A,Electronics,61,Supplier X,40.42011498987806,4.776591201697919,19,SKU003,Warehouse A,7 Days,Brand Y,9707150920,61,70.94111082399928
2182,Product C,Home,67,Supplier X,29.75585654123019,4.581566640320421,1,SKU003,Warehouse C,15 Days,Brand Z,9270151612,51,658.8615398348265
2183,Product C,Electronics,54,Supplier X,27.39572218383246,1.013124516041203,39,SKU001,Warehouse A,30 Days,Brand Y,9127938082,56,18.18264496639981
2184,Product B,Clothing,22,Supplier Z,46.33209837667226,4.736059566326388,29,SKU002,Warehouse B,15 Days,Brand Y,9839447474,71,782.1608559349891
2185,Product C,Clothing,26,Supplier Y,26.80124804885254,1.549837756341506,9,SKU003,Warehouse A,15 Days,Brand Y,9276857998,63,669.9697116871296
2186,Product B,Electronics,83,Supplier Y,25.74693397936549,1.159705004444602,63,SKU003,Warehouse A,15 Days,Brand Y,9134648021,83,315.6978017690601
2187,Product B,Home,60,Supplier X,2.100929563317982,1.221554138312211,41,SKU003,Warehouse B,15 Days,Brand X,9140271308,22,299.5173865436206
2188,Product B,Clothing,39,Supplier Y,3.470847929506882,2.395664780705734,74,SKU002,Warehouse A,7 Days,Brand X,9688900400,39,800.2902665808425
2189,Product B,Clothing,36,Supplier Z,0.3710153940325089,3.483216341075174,52,SKU002,Warehouse A,7 Days,Brand Y,9579638685,13,785.5033250053743
2190,Product A,Home,21,Supplier X,45.66221128918168,2.60924478607599,92,SKU001,Warehouse C,7 Days,Brand Y,9560766868,79,358.7793308329923
2191,Product B,Clothing,41,Supplier Z,20.41933300088503,1.102217138597518,52,SKU001,Warehouse A,7 Days,Brand Z,9944510680,17,305.9582507989825
2192,Product C,Electronics,48,Supplier Z,23.42806880667063,2.905930536698859,39,SKU001,Warehouse C,15 Days,Brand Y,9917545304,93,564.2265409939621
2193,Product A,Clothing,26,Supplier Y,42.2693473796231,2.76852296908152,15,SKU002,Warehouse A,7 Days,Brand X,9384533223,35,18.28200338430274
2194,Product C,Clothing,63,Supplier Y,30.46231551878889,4.027397062006587,47,SKU001,Warehouse B,15 Days,Brand Z,9439084629,99,91.84036760667686
2195,Product A,Home,77,Supplier X,30.47507981952905,2.118451593701753,60,SKU001,Warehouse A,7 Days,Brand Y,9093410984,38,134.9078942472494
2196,Product B,Electronics,36,Supplier Z,14.82672146774062,1.870124695177469,91,SKU003,Warehouse A,30 Days,Brand Z,9323676034,40,193.5576996489025
2197,Product A,Home,24,Supplier Y,41.69541869622596,2.023755830706505,80,SKU002,Warehouse A,30 Days,Brand Y,9940213372,0,516.8979454087143
2198,Product A,Clothing,90,Supplier X,8.29149880197469,2.214959290519392,37,SKU001,Warehouse C,30 Days,Brand Z,9886827848,80,992.3194957125108
2199,Product C,Clothing,21,Supplier X,2.657479608647395,3.396659493468666,43,SKU001,Warehouse B,30 Days,Brand Z,9354007447,91,656.08726772988
2200,Product C,Home,18,Supplier Y,9.580167875926616,2.886101941808319,14,SKU002,Warehouse B,7 Days,Brand X,9971337582,70,70.68580650473136
2201,Product B,Home,15,Supplier Z,13.38686093872824,2.347578260716232,94,SKU001,Warehouse A,30 Days,Brand Z,9230407135,83,530.3235803216194
2202,Product A,Home,79,Supplier X,14.11555289271034,2.497256633134714,60,SKU002,Warehouse A,30 Days,Brand Y,9766943888,41,501.6787602656094
2203,Product A,Electronics,6,Supplier Y,33.52567993093838,2.483694640635905,6,SKU002,Warehouse C,15 Days,Brand Z,9846402152,23,152.726137659869
2204,Product A,Clothing,43,Supplier X,10.89122936643218,4.88962677884127,29,SKU002,Warehouse B,30 Days,Brand Y,9507328855,64,921.0696451143837
2205,Product B,Home,31,Supplier Y,33.83291522474923,1.93198795221181,35,SKU001,Warehouse A,7 Days,Brand Y,9449331975,17,446.3575951986153
2206,Product B,Clothing,28,Supplier X,4.556608661689987,4.272246241089034,89,SKU001,Warehouse A,15 Days,Brand X,9385476229,89,994.6135492036423
2207,Product B,Electronics,8,Supplier Z,7.360123054895451,3.832843350352748,10,SKU001,Warehouse B,7 Days,Brand Z,9691551752,13,425.8715722996427
2208,Product B,Electronics,29,Supplier X,25.44107242454975,1.022280022414202,69,SKU002,Warehouse A,15 Days,Brand X,9572947982,18,611.8781256567731
2209,Product B,Electronics,21,Supplier Y,46.09479012883213,4.972704872501952,28,SKU001,Warehouse A,7 Days,Brand Y,9348297279,81,113.7149110869257
2210,Product C,Electronics,81,Supplier Y,42.9783794405557,4.025757482534294,91,SKU003,Warehouse B,30 Days,Brand Z,9252979159,6,459.6855455688005
2211,Product A,Clothing,88,Supplier Y,48.43767212214016,3.729798345403165,78,SKU002,Warehouse C,15 Days,Brand Z,9668381685,63,246.3782350639336
2212,Product A,Electronics,58,Supplier Z,32.52395326390855,2.621298830706549,92,SKU001,Warehouse A,30 Days,Brand Y,9308078203,1,837.2091505855227
2213,Product A,Electronics,60,Supplier Y,33.7907433208046,3.220812355657158,5,SKU002,Warehouse A,7 Days,Brand X,9712809482,6,786.0803890188645
2214,Product A,Home,50,Supplier Y,31.2511499465746,2.013083582669881,75,SKU001,Warehouse B,7 Days,Brand X,9023077470,27,825.9381996291049
2215,Product A,Electronics,31,Supplier Z,31.14094614290986,1.14193362058279,50,SKU002,Warehouse B,15 Days,Brand Z,9578842231,91,726.3733433803719
2216,Product A,Home,47,Supplier Y,7.356017253379232,4.344086633783892,79,SKU003,Warehouse C,7 Days,Brand X,9711688621,80,834.3563913838507
2217,Product A,Electronics,34,Supplier Y,27.18694780819643,4.585937974724686,37,SKU002,Warehouse C,7 Days,Brand Z,9058780972,29,208.8204626731716
2218,Product A,Electronics,2,Supplier Z,19.30339667258629,1.64988254645696,72,SKU002,Warehouse A,15 Days,Brand X,9579380204,84,457.5233388140036
2219,Product C,Home,67,Supplier X,22.12686078886467,4.148224383382932,21,SKU002,Warehouse C,30 Days,Brand Y,9153220341,72,694.9284111465084
2220,Product A,Electronics,94,Supplier Y,26.18002865296187,3.964610693142635,96,SKU001,Warehouse C,15 Days,Brand Y,9735572061,35,641.0185729557835
2221,Product C,Clothing,72,Supplier X,6.41980859011258,1.713500007744362,89,SKU002,Warehouse C,7 Days,Brand Y,9453159226,21,719.1909380453461
2222,Product B,Clothing,52,Supplier Z,17.97438669260599,2.687315210299175,53,SKU001,Warehouse A,7 Days,Brand Z,9706963608,78,232.0157993197194
2223,Product A,Electronics,7,Supplier Y,3.172478043830179,2.691031683336413,39,SKU002,Warehouse C,15 Days,Brand Z,9762311919,77,107.4503619545398
2224,Product B,Clothing,76,Supplier Y,48.98340652111995,4.039857033220994,6,SKU001,Warehouse C,15 Days,Brand Y,9227207307,26,917.6385122940286
2225,Product B,Home,19,Supplier Z,5.926401441006307,4.350643623104222,95,SKU001,Warehouse C,30 Days,Brand Y,9575825492,81,564.5701766116849
2226,Product B,Electronics,90,Supplier Y,12.92623692724773,1.379100485565484,39,SKU001,Warehouse B,7 Days,Brand X,9566825175,9,162.2876652623368
2227,Product C,Electronics,92,Supplier X,44.56464633516986,3.251876939616812,23,SKU001,Warehouse C,7 Days,Brand Y,9257944345,21,795.5022160684879
2228,Product B,Home,15,Supplier X,24.13550231195709,4.046993987715541,40,SKU002,Warehouse C,30 Days,Brand Y,9658067825,22,915.7806372629898
2229,Product B,Home,78,Supplier Z,6.781860076031515,4.144762376260633,50,SKU002,Warehouse B,15 Days,Brand Y,9127198155,51,177.867883385398
2230,Product B,Home,48,Supplier Y,19.21152690196745,1.591974097721636,38,SKU001,Warehouse B,15 Days,Brand Z,9036371748,41,819.2383307164195
2231,Product A,Electronics,14,Supplier Y,5.793399709569291,3.102020572603176,82,SKU001,Warehouse A,30 Days,Brand Z,9685263088,40,933.892810705937
2232,Product A,Home,3,Supplier Z,10.01079985422509,4.430234825450812,42,SKU001,Warehouse A,15 Days,Brand Y,9495301588,47,938.9779842930571
2233,Product C,Home,50,Supplier X,2.601492347492251,2.274074306341137,68,SKU003,Warehouse B,30 Days,Brand X,9147482134,68,915.0148970369662
2234,Product C,Clothing,93,Supplier X,21.911374727455,2.700467595647189,93,SKU003,Warehouse A,15 Days,Brand X,9583862592,50,550.9568022365017
2235,Product A,Clothing,54,Supplier Z,40.33180608626299,4.21743404534533,58,SKU002,Warehouse C,15 Days,Brand Y,9751066697,88,362.6492040813305
2236,Product C,Electronics,6,Supplier Y,29.29845893499478,1.357278084735049,24,SKU003,Warehouse A,15 Days,Brand Z,9726253474,0,17.20007961706919
2237,Product A,Clothing,49,Supplier X,30.31726527423059,4.437973159555913,93,SKU003,Warehouse C,30 Days,Brand Y,9961426021,87,70.30310460281181
2238,Product B,Clothing,23,Supplier Y,10.02920150416202,2.244626866923236,24,SKU001,Warehouse C,30 Days,Brand X,9325525423,96,434.5506251444168
2239,Product B,Home,92,Supplier X,17.19469216261832,1.005801266364509,72,SKU001,Warehouse C,30 Days,Brand Z,9199098651,55,405.3328849275952
2240,Product C,Home,78,Supplier Y,42.2621051920416,1.936636580225433,90,SKU003,Warehouse B,7 Days,Brand Z,9212117490,70,192.8667704741844
2241,Product A,Clothing,78,Supplier X,4.392809216325727,1.358002563582026,23,SKU003,Warehouse A,7 Days,Brand Z,9403107399,23,401.5252277513403
2242,Product A,Clothing,20,Supplier Y,42.89653268342668,1.369539627984977,61,SKU003,Warehouse A,30 Days,Brand Y,9399748648,14,182.9035648008144
2243,Product C,Clothing,77,Supplier Z,24.18450131323928,3.771342936570366,42,SKU001,Warehouse B,7 Days,Brand Y,9914843414,74,850.3033402480821
2244,Product A,Electronics,91,Supplier X,41.85737156625586,1.855905342556259,58,SKU002,Warehouse B,7 Days,Brand Y,9280409299,43,305.2129290968429
2245,Product B,Electronics,60,Supplier Z,15.90032096972002,4.73896945190793,53,SKU003,Warehouse A,15 Days,Brand X,9107913887,80,602.5787066567269
2246,Product C,Electronics,99,Supplier X,16.94214757915104,3.065778186365216,78,SKU002,Warehouse B,15 Days,Brand Z,9402868310,48,507.8146313790959
2247,Product C,Clothing,45,Supplier X,37.58024341615714,2.840393031819674,25,SKU002,Warehouse B,15 Days,Brand Z,9752540678,86,61.36325681805229
2248,Product A,Clothing,61,Supplier X,39.24980866961101,2.737134072880607,53,SKU003,Warehouse C,7 Days,Brand X,9619120074,48,942.8113822962546
2249,Product C,Electronics,56,Supplier Y,11.48223389950734,3.770350558686527,60,SKU002,Warehouse C,7 Days,Brand X,9922769590,67,531.9537184679785
2250,Product A,Electronics,2,Supplier X,48.64356624109528,2.809051050094434,93,SKU001,Warehouse C,30 Days,Brand Z,9711849287,94,331.8070669578972
2251,Product A,Clothing,45,Supplier Z,4.224505212241447,1.514401424900767,74,SKU003,Warehouse B,7 Days,Brand Z,9252352909,97,166.5453039367376
2252,Product A,Home,40,Supplier Y,3.425148155106545,4.520688722563026,92,SKU003,Warehouse B,7 Days,Brand X,9335970317,73,345.1413683795674
2253,Product A,Electronics,24,Supplier Y,29.77521076430514,2.713581395702635,78,SKU003,Warehouse C,30 Days,Brand Y,9188487779,36,30.30648699315561
2254,Product A,Clothing,29,Supplier X,36.13703838858108,1.29601830279801,43,SKU003,Warehouse C,30 Days,Brand Y,9278971123,73,369.9225737948148
2255,Product C,Clothing,67,Supplier Y,48.04430646124869,3.117463949991044,8,SKU001,Warehouse A,30 Days,Brand Y,9708190376,41,536.1710680314598
2256,Product B,Home,68,Supplier X,20.24728903994308,3.589387433822814,41,SKU001,Warehouse C,15 Days,Brand X,9743033063,58,873.1475833924353
2257,Product B,Clothing,66,Supplier Z,1.264570449481656,2.102329856631034,28,SKU002,Warehouse C,30 Days,Brand Z,9512214126,74,690.5006735208196
2258,Product C,Clothing,84,Supplier Y,30.14481697232035,4.201361630695369,78,SKU003,Warehouse A,15 Days,Brand X,9595459411,94,120.466490001909
2259,Product C,Electronics,54,Supplier Y,14.48480102993859,3.679103384149455,80,SKU003,Warehouse A,7 Days,Brand Y,9529386085,9,156.2688611935815
2260,Product B,Electronics,53,Supplier Z,21.64735605977011,3.601364677057734,79,SKU002,Warehouse A,7 Days,Brand Y,9317767919,52,433.8421341401909
2261,Product B,Home,79,Supplier Z,24.42347411249676,2.683299811471177,57,SKU001,Warehouse A,15 Days,Brand Y,9726305007,41,203.7506741224
2262,Product B,Home,49,Supplier X,3.225630536901691,4.847661205645151,85,SKU003,Warehouse B,15 Days,Brand X,9510016220,7,37.5712798069282
2263,Product B,Clothing,32,Supplier Y,24.29908922820514,2.096756671796991,62,SKU002,Warehouse A,15 Days,Brand X,9067473677,74,806.9647313168895
2264,Product B,Electronics,61,Supplier Z,21.31598334021574,3.31082200406181,48,SKU001,Warehouse A,7 Days,Brand Y,9026331675,83,29.32734499101418
2265,Product A,Home,42,Supplier Y,35.62721326432966,2.23622062989047,10,SKU002,Warehouse B,7 Days,Brand Y,9698451229,23,832.3827091460339
2266,Product C,Home,1,Supplier Z,32.28329556061723,3.979219011886216,88,SKU002,Warehouse A,30 Days,Brand Z,9361978190,50,152.6629234026364
2267,Product A,Home,63,Supplier Y,9.260785907528051,1.191165935480486,53,SKU001,Warehouse A,30 Days,Brand X,9336213557,70,974.931626699045
2268,Product B,Clothing,35,Supplier Z,10.30694591051985,1.183575471500197,29,SKU003,Warehouse A,7 Days,Brand Z,9559825338,59,607.8351727079282
2269,Product B,Electronics,51,Supplier Y,12.55030893871866,4.243443878075166,65,SKU001,Warehouse B,30 Days,Brand Y,9209363668,20,737.6331419135965
2270,Product B,Home,71,Supplier X,8.947522014858865,2.737072644254684,64,SKU003,Warehouse C,30 Days,Brand Y,9048743926,52,119.3787916883842
2271,Product A,Electronics,45,Supplier Y,32.86065998342336,2.364720218401423,57,SKU001,Warehouse A,15 Days,Brand Y,9769943921,5,863.4830327169653
2272,Product A,Home,77,Supplier X,49.72150896001353,3.430107448701354,56,SKU003,Warehouse A,7 Days,Brand Z,9824501367,30,840.800419442823
2273,Product B,Home,65,Supplier X,32.60541702579683,3.807597375475894,36,SKU003,Warehouse A,15 Days,Brand X,9870998090,11,656.4628042263005
2274,Product A,Electronics,14,Supplier X,30.33407730956456,1.804805387377626,53,SKU002,Warehouse A,7 Days,Brand X,9503056806,12,507.2521159494335
2275,Product A,Electronics,93,Supplier Y,20.49639666755362,1.741724965618926,72,SKU002,Warehouse B,7 Days,Brand Z,9977207365,48,724.2742814003558
2276,Product B,Electronics,3,Supplier Y,15.62901294298804,4.832602991039526,68,SKU003,Warehouse C,15 Days,Brand X,9918174530,30,15.86893318350937
2277,Product A,Clothing,24,Supplier X,45.55368784532396,3.358657225538277,23,SKU001,Warehouse A,7 Days,Brand Z,9556880616,8,596.5163478444748
2278,Product C,Home,65,Supplier Z,48.45009370710765,2.560465909177073,62,SKU003,Warehouse A,15 Days,Brand Z,9372283662,26,848.9320735799442
2279,Product C,Clothing,48,Supplier Y,24.83880877938639,4.205766778678026,90,SKU001,Warehouse B,15 Days,Brand X,9439005153,52,363.3308883030073
2280,Product C,Electronics,10,Supplier Y,14.51002477532787,3.100635835111669,93,SKU003,Warehouse C,7 Days,Brand X,9937615491,80,117.2064629180877
2281,Product C,Home,13,Supplier Y,38.50611038348838,1.966651241498325,50,SKU001,Warehouse C,7 Days,Brand Z,9063058021,50,426.6684772457741
2282,Product B,Clothing,73,Supplier Y,6.622839543343923,1.826941222566295,14,SKU002,Warehouse C,15 Days,Brand X,9016473515,71,729.8334045679219
2283,Product B,Home,14,Supplier X,38.27941188218408,2.587437064679287,46,SKU001,Warehouse A,30 Days,Brand X,9496231590,26,116.2281982669658
2284,Product B,Clothing,10,Supplier Z,40.94741871556693,4.439583441039519,72,SKU002,Warehouse A,30 Days,Brand Z,9217269352,39,213.9880746107611
2285,Product C,Electronics,40,Supplier Z,6.245197231358368,1.245791664177036,45,SKU001,Warehouse A,7 Days,Brand Y,9428062661,61,156.0763283604129
2286,Product C,Clothing,23,Supplier Z,48.84307343982819,1.874104003019053,29,SKU002,Warehouse B,7 Days,Brand Z,9783614549,57,798.9782780194727
2287,Product A,Home,99,Supplier Z,49.27561451942392,4.572607275410366,78,SKU001,Warehouse B,30 Days,Brand X,9821159460,14,72.26369622796196
2288,Product A,Home,55,Supplier X,46.83597396636756,1.486938275877002,19,SKU003,Warehouse B,7 Days,Brand Y,9061773241,38,689.7206370932886
2289,Product C,Home,63,Supplier Y,24.80174047031322,3.518502873056673,56,SKU001,Warehouse A,7 Days,Brand X,9676733599,69,372.7923515456595
2290,Product C,Home,71,Supplier Y,12.30370711384142,1.8540454724841,48,SKU002,Warehouse A,30 Days,Brand Z,9010670714,95,758.2333304564493
2291,Product C,Electronics,42,Supplier X,29.10046404409565,3.423467390047553,55,SKU002,Warehouse A,7 Days,Brand Z,9779178907,7,964.7395845961972
2292,Product C,Clothing,99,Supplier Y,20.99669192357179,2.532416667376928,55,SKU001,Warehouse C,30 Days,Brand Z,9269916121,34,123.3998465906175
2293,Product A,Electronics,66,Supplier X,10.29743223585985,1.406707585723967,24,SKU003,Warehouse B,30 Days,Brand Y,9846614147,62,321.2411906567839
2294,Product C,Electronics,79,Supplier Z,21.18382048089238,3.329900270216426,8,SKU001,Warehouse B,30 Days,Brand X,9315837705,30,812.0241734416684
2295,Product A,Electronics,73,Supplier X,33.19449178387953,3.732170988338344,21,SKU001,Warehouse C,7 Days,Brand Y,9041021210,89,273.4968021906647
2296,Product C,Home,47,Supplier Y,3.545665539299553,3.721090475863211,76,SKU002,Warehouse C,15 Days,Brand Z,9694160211,41,222.9693910755805
2297,Product C,Home,81,Supplier Y,16.67090007230082,3.548137636290838,36,SKU003,Warehouse C,15 Days,Brand X,9426744227,87,827.124198090282
2298,Product C,Home,52,Supplier Y,0.8897445006412597,3.000899123742183,27,SKU003,Warehouse A,15 Days,Brand Z,9940755204,65,987.2115403659105
2299,Product A,Clothing,18,Supplier Z,37.47477527308378,3.077890467437303,13,SKU003,Warehouse C,7 Days,Brand X,9637434832,40,561.3117842464861
2300,Product A,Home,79,Supplier X,32.03456338083504,3.542560439231838,29,SKU003,Warehouse A,7 Days,Brand Y,9683636145,0,285.2682608500058
2301,Product B,Clothing,18,Supplier X,3.133606735098293,3.761037446986564,38,SKU001,Warehouse A,7 Days,Brand Y,9737560991,73,404.5803019840534
2302,Product C,Home,24,Supplier Y,48.23687798009839,3.61950695532554,56,SKU003,Warehouse B,7 Days,Brand Y,9446125410,86,178.4290241097729
2303,Product B,Home,23,Supplier X,1.131077856355034,3.347782259653807,4,SKU003,Warehouse C,15 Days,Brand Y,9360026006,32,764.2684061018449
2304,Product B,Electronics,12,Supplier Y,29.49803232380443,1.623355939216474,11,SKU003,Warehouse A,30 Days,Brand X,9435334604,36,775.7392776445403
2305,Product A,Electronics,23,Supplier X,38.81837308995279,1.842466153971447,34,SKU002,Warehouse A,7 Days,Brand X,9492866236,56,876.3697824586694
2306,Product A,Electronics,21,Supplier Z,39.39481565223615,2.040896084141393,40,SKU002,Warehouse C,7 Days,Brand Y,9790271360,10,36.33653796059824
2307,Product B,Clothing,64,Supplier Z,1.714256779660189,4.678646628350009,62,SKU002,Warehouse A,7 Days,Brand Y,9394078750,83,566.3615282101155
2308,Product C,Clothing,90,Supplier X,45.32075663202196,4.037580367187866,41,SKU003,Warehouse A,30 Days,Brand X,9062403858,89,222.1128799997526
2309,Product A,Home,72,Supplier Z,45.92258359635611,3.211467278147513,64,SKU001,Warehouse A,15 Days,Brand Z,9653274070,46,347.4741853374335
2310,Product C,Clothing,94,Supplier Z,28.06951865771864,2.008227714176187,64,SKU001,Warehouse C,7 Days,Brand Y,9590703925,65,787.1060591336424
2311,Product C,Home,34,Supplier Z,24.10415994435731,1.443566092976685,42,SKU002,Warehouse A,15 Days,Brand X,9486988705,88,200.1133158378812
2312,Product B,Clothing,2,Supplier Y,2.243373153129991,4.595036903919899,59,SKU002,Warehouse B,7 Days,Brand Y,9227933315,3,641.9583330752788
2313,Product B,Clothing,69,Supplier X,28.09770712549343,4.570664063291668,19,SKU003,Warehouse C,15 Days,Brand X,9165177007,82,658.0205293113622
2314,Product B,Clothing,31,Supplier X,20.46895408851154,1.442782382782766,97,SKU002,Warehouse B,7 Days,Brand Y,9341752623,76,954.5529757532777
2315,Product B,Electronics,97,Supplier Y,38.6403203704328,4.188866664385984,97,SKU002,Warehouse B,15 Days,Brand Y,9794243515,82,777.4093192436477
2316,Product A,Clothing,68,Supplier Y,20.19417834430439,2.786580277239651,62,SKU002,Warehouse B,7 Days,Brand Z,9018479988,76,805.5987956821565
2317,Product A,Electronics,70,Supplier Z,34.17904166623549,2.29586773132216,23,SKU002,Warehouse A,7 Days,Brand Z,9516874411,54,536.2847415277145
2318,Product B,Electronics,87,Supplier X,5.07040731187654,3.956418144834829,91,SKU001,Warehouse A,15 Days,Brand Z,9602305441,11,194.912999090747
2319,Product A,Clothing,19,Supplier Y,6.647613538298347,3.457318164242922,74,SKU003,Warehouse B,15 Days,Brand Z,9962816989,65,431.3077320611681
2320,Product B,Home,72,Supplier Z,6.985509532457917,4.120120430373349,71,SKU001,Warehouse B,30 Days,Brand Y,9671078199,36,553.9946777767021
2321,Product C,Home,13,Supplier X,2.276274989987176,1.297315442531748,34,SKU002,Warehouse C,30 Days,Brand Y,9663375177,22,681.6350591965752
2322,Product C,Home,65,Supplier Z,27.06644296349019,2.274348079829826,40,SKU003,Warehouse B,30 Days,Brand Z,9050958341,54,611.632020713608
2323,Product C,Clothing,6,Supplier X,39.6983863021818,2.277267401666943,15,SKU003,Warehouse A,30 Days,Brand Z,9935386699,18,400.0380506280711
2324,Product B,Home,71,Supplier Z,30.5205601846833,2.319012369151062,79,SKU001,Warehouse B,15 Days,Brand Y,9476284107,66,272.659975925883
2325,Product C,Electronics,27,Supplier X,28.74774427764281,3.009919490575222,5,SKU001,Warehouse B,30 Days,Brand X,9835012976,87,176.5485347716462
2326,Product A,Home,79,Supplier X,34.03119642013682,2.132055212323789,19,SKU002,Warehouse C,7 Days,Brand Z,9200213201,22,696.9069324095436
2327,Product C,Clothing,52,Supplier X,16.98226615360074,2.777534440350079,55,SKU001,Warehouse B,15 Days,Brand X,9200011299,3,648.9446875693601
2328,Product C,Home,98,Supplier X,18.09770358241144,2.471110372461663,74,SKU002,Warehouse C,7 Days,Brand Y,9345752482,17,690.4987411002286
2329,Product C,Electronics,87,Supplier Z,15.71350491104613,3.941184192082045,7,SKU002,Warehouse C,30 Days,Brand X,9317860120,11,378.8021782747669
2330,Product A,Clothing,48,Supplier Y,35.60544664267878,3.4140031827002,83,SKU002,Warehouse B,30 Days,Brand Z,9273186480,34,269.7837443450376
2331,Product B,Home,88,Supplier X,8.082016783538714,3.614517729269262,95,SKU003,Warehouse B,30 Days,Brand Z,9171467830,26,762.1241153941161
2332,Product A,Clothing,79,Supplier X,0.651264015646219,1.842335576330578,96,SKU003,Warehouse A,15 Days,Brand Z,9609342632,42,775.9109211047808
2333,Product B,Clothing,99,Supplier X,29.80982233612462,2.302008661307557,5,SKU001,Warehouse A,7 Days,Brand Z,9568421688,77,461.0602102271722
2334,Product B,Clothing,68,Supplier X,47.11906823671027,1.084661790448297,91,SKU001,Warehouse C,7 Days,Brand Z,9010824597,94,615.7850439196509
2335,Product C,Home,44,Supplier Z,30.47039584981523,1.43349882917268,7,SKU003,Warehouse C,15 Days,Brand Y,9858926557,66,379.7844675894238
2336,Product B,Clothing,17,Supplier Y,39.14608264704476,2.060216927955549,61,SKU001,Warehouse A,30 Days,Brand X,9340625835,68,704.9277281186087
2337,Product A,Home,95,Supplier Y,33.63953547330151,1.261854885208084,13,SKU002,Warehouse C,30 Days,Brand Y,9352806399,63,837.3643806813925
2338,Product A,Electronics,38,Supplier Y,24.87183267615081,3.41052960141881,2,SKU002,Warehouse A,15 Days,Brand Y,9104210844,92,691.350944562293
2339,Product B,Home,10,Supplier Z,35.9196200891923,4.992520463695302,1,SKU003,Warehouse C,7 Days,Brand Y,9428458822,51,517.4568005786651
2340,Product C,Electronics,54,Supplier Y,41.20520619276109,1.403260856261554,21,SKU001,Warehouse A,7 Days,Brand X,9568031279,16,464.0713798974466
2341,Product C,Home,91,Supplier Z,11.2365822085849,4.284920850677061,96,SKU001,Warehouse A,7 Days,Brand X,9279580263,82,645.8964544659868
2342,Product A,Clothing,6,Supplier Z,16.80652402415728,1.475264989060589,84,SKU003,Warehouse C,7 Days,Brand Y,9399016962,98,683.0127826853169
2343,Product C,Home,6,Supplier X,11.18628662516419,3.679656075185744,69,SKU002,Warehouse C,30 Days,Brand X,9039546452,32,563.1421490892936
2344,Product B,Clothing,52,Supplier Z,22.60864777952205,3.572630412236069,70,SKU002,Warehouse C,30 Days,Brand Y,9709341868,71,628.692852356321
2345,Product B,Electronics,15,Supplier Y,44.25322754583338,4.610867739244798,5,SKU001,Warehouse B,15 Days,Brand Y,9657083155,51,105.6227956695869
2346,Product A,Home,68,Supplier Y,17.26035504176662,1.455782454722049,49,SKU003,Warehouse B,15 Days,Brand Z,9503044424,34,952.2478609809035
2347,Product B,Clothing,57,Supplier Y,18.72334445652767,2.261777864327591,43,SKU003,Warehouse C,15 Days,Brand X,9131586280,19,792.8653330947137
2348,Product A,Electronics,56,Supplier X,43.01836173359659,1.363119041418743,7,SKU002,Warehouse C,30 Days,Brand Z,9815601315,80,380.188591009716
2349,Product B,Electronics,7,Supplier X,25.76871653723376,2.629533303217735,23,SKU002,Warehouse C,30 Days,Brand Y,9986161211,44,567.1844848440937
2350,Product A,Home,51,Supplier X,26.77244998237172,4.646372694229779,26,SKU001,Warehouse C,30 Days,Brand Y,9389448269,76,56.85128483505714
2351,Product C,Electronics,58,Supplier Z,43.04006016661064,4.126092604247424,52,SKU003,Warehouse A,15 Days,Brand Y,9913844753,67,50.81553585906979
2352,Product B,Clothing,64,Supplier Y,24.52633685127366,3.891600401781277,50,SKU001,Warehouse B,30 Days,Brand Z,9829967456,49,258.2903517608431
2353,Product B,Electronics,26,Supplier Z,34.07787673146976,3.132110019450808,27,SKU001,Warehouse C,7 Days,Brand Z,9667994098,57,692.8046259409771
2354,Product A,Electronics,58,Supplier Z,4.282233293703036,4.533942969342092,58,SKU003,Warehouse B,30 Days,Brand Y,9928175169,29,853.6262703220116
2355,Product A,Clothing,31,Supplier Y,8.931585656344264,2.797767192965313,68,SKU003,Warehouse B,7 Days,Brand Z,9788475876,69,563.5940211800499
2356,Product B,Electronics,66,Supplier X,20.21881003581228,1.598742668402553,82,SKU002,Warehouse A,7 Days,Brand Y,9819516446,1,536.8114121865289
2357,Product A,Electronics,92,Supplier Y,24.74195339099374,4.350340892483117,72,SKU003,Warehouse C,7 Days,Brand Y,9782504917,78,408.2864384535513
2358,Product B,Electronics,13,Supplier Z,48.28668506181148,2.118553312206907,24,SKU001,Warehouse B,30 Days,Brand Z,9464143112,33,169.981976398441
2359,Product C,Electronics,18,Supplier Z,48.5325816523895,1.214534164097792,43,SKU001,Warehouse A,15 Days,Brand X,9135815315,51,127.1705603133216
2360,Product A,Clothing,94,Supplier X,42.55985437393808,1.504152122675166,46,SKU003,Warehouse C,7 Days,Brand Y,9036216878,83,763.0729636087564
2361,Product B,Electronics,75,Supplier Z,15.77994176427873,3.436235664776593,12,SKU001,Warehouse C,7 Days,Brand Y,9720954611,15,928.2285157836099
2362,Product C,Clothing,13,Supplier Z,48.20141454162199,3.42832785568469,52,SKU003,Warehouse B,30 Days,Brand Z,9647314688,42,463.7003842224104
2363,Product C,Electronics,24,Supplier Y,34.46704323381063,2.040732684328138,52,SKU002,Warehouse A,30 Days,Brand Z,9508970461,63,662.8512021284819
2364,Product B,Electronics,57,Supplier X,19.64700639087002,3.908720591783916,36,SKU002,Warehouse A,7 Days,Brand Z,9736290386,92,915.3130743721318
2365,Product A,Electronics,29,Supplier Y,35.08374584923832,4.094560621598138,62,SKU003,Warehouse A,15 Days,Brand Y,9265525603,26,99.21249660480309
2366,Product B,Electronics,56,Supplier Y,0.826136489326329,4.682010504534473,65,SKU001,Warehouse A,30 Days,Brand X,9107084429,64,772.7766385878396
2367,Product C,Clothing,54,Supplier Y,7.307734113710679,3.339749994712948,39,SKU003,Warehouse C,7 Days,Brand X,9670107264,12,620.6487155318193
2368,Product B,Clothing,5,Supplier Z,41.48428557781838,4.117693456590292,77,SKU003,Warehouse B,15 Days,Brand X,9439736841,39,602.6508070415628
2369,Product A,Clothing,35,Supplier Z,32.27868184365856,4.012398719086535,60,SKU002,Warehouse B,30 Days,Brand Y,9893661128,31,299.6150241967541
2370,Product C,Home,19,Supplier X,18.2097350645942,2.031236193868772,94,SKU003,Warehouse A,15 Days,Brand Z,9396597424,66,687.0544212299001
2371,Product B,Electronics,55,Supplier Z,25.03333201113594,2.240903711750637,5,SKU002,Warehouse A,7 Days,Brand X,9806977421,13,796.8497772725688
2372,Product A,Electronics,77,Supplier X,45.25710748228835,2.913929583011486,24,SKU002,Warehouse A,15 Days,Brand X,9138718139,57,121.7295832942602
2373,Product C,Clothing,69,Supplier Y,31.57890547395433,1.076155870116994,45,SKU003,Warehouse B,7 Days,Brand X,9622348262,91,538.186216671174
2374,Product A,Home,44,Supplier Y,19.90746419671651,2.189591092630894,30,SKU003,Warehouse C,30 Days,Brand Y,9633282769,45,110.2525291775356
2375,Product C,Electronics,78,Supplier Z,6.01633286987675,2.895531493376952,79,SKU003,Warehouse C,7 Days,Brand Z,9604625961,89,873.8482791046681
2376,Product B,Clothing,38,Supplier Z,14.68734008127805,1.432277181124575,62,SKU003,Warehouse A,7 Days,Brand Z,9696999035,84,512.5603554297838
2377,Product A,Electronics,62,Supplier X,48.91701163982917,1.505103551100502,90,SKU002,Warehouse C,30 Days,Brand Z,9534114490,74,809.8860323681498
2378,Product C,Electronics,22,Supplier Z,21.86815314258887,2.852946942949365,93,SKU003,Warehouse C,7 Days,Brand Z,9773764120,90,374.4047812895521
2379,Product A,Clothing,73,Supplier Z,23.59197319224304,3.923860126343725,67,SKU002,Warehouse B,15 Days,Brand X,9647242915,58,133.8274445481622
2380,Product A,Clothing,40,Supplier Z,24.92990161985077,4.334995723682733,38,SKU002,Warehouse A,30 Days,Brand Z,9355360606,64,51.08431134185436
2381,Product B,Electronics,26,Supplier Y,44.20520114741056,3.185255590018994,79,SKU001,Warehouse C,15 Days,Brand X,9300157933,32,288.6945245646518
2382,Product A,Electronics,5,Supplier Z,30.1964142192655,2.898995950186924,35,SKU002,Warehouse A,30 Days,Brand Y,9503824418,45,251.7913633604378
2383,Product C,Clothing,93,Supplier Z,34.6838518225961,2.537122273839021,6,SKU001,Warehouse A,7 Days,Brand Y,9283478011,81,564.7484542797622
2384,Product C,Electronics,54,Supplier Y,19.4706771274552,1.771795969750425,84,SKU003,Warehouse C,15 Days,Brand Y,9854680828,53,31.52144968307028
2385,Product C,Electronics,86,Supplier Y,1.454380929448718,1.586248011257459,65,SKU001,Warehouse B,30 Days,Brand Z,9970846677,65,525.3648388561817
2386,Product C,Clothing,49,Supplier Y,46.54864571214222,4.167585806647232,54,SKU003,Warehouse C,15 Days,Brand Z,9230181770,3,397.8540245918831
2387,Product B,Electronics,3,Supplier Y,47.45638404582032,2.860026528849345,71,SKU002,Warehouse B,30 Days,Brand X,9869988873,53,581.3510472152977
2388,Product A,Electronics,92,Supplier Z,47.45765266740256,4.161280981919019,41,SKU001,Warehouse C,30 Days,Brand Z,9436740359,3,705.393352868861
2389,Product B,Home,38,Supplier Z,47.18435433233583,3.816332143602519,26,SKU003,Warehouse A,15 Days,Brand Y,9383689832,16,637.7510256290407
2390,Product A,Clothing,14,Supplier Z,40.76209705347805,1.775583657533515,1,SKU003,Warehouse B,15 Days,Brand Z,9237849819,79,984.7979256796326
2391,Product A,Home,47,Supplier X,34.22980250581634,3.041229056844903,69,SKU001,Warehouse B,15 Days,Brand X,9998599301,72,146.8826904381023
2392,Product A,Home,14,Supplier Y,42.22549591336428,2.776066521690723,3,SKU001,Warehouse A,15 Days,Brand Y,9631530701,89,435.4396388404807
2393,Product B,Home,75,Supplier Z,30.02731195005181,2.695494024362787,20,SKU003,Warehouse C,30 Days,Brand Y,9865065595,73,430.582429276878
2394,Product A,Electronics,73,Supplier Z,6.718480694601181,3.170284196815255,0,SKU003,Warehouse B,15 Days,Brand X,9713209047,70,422.8826716658915
2395,Product B,Electronics,38,Supplier Z,19.56090825207105,4.928327604301751,37,SKU002,Warehouse C,15 Days,Brand Y,9265734207,72,667.1604081222416
2396,Product C,Home,64,Supplier Y,48.56474559864687,4.251602390682981,59,SKU003,Warehouse C,15 Days,Brand X,9820628424,54,494.9297799412552
2397,Product C,Home,44,Supplier Y,17.55689067978282,4.614849726521566,75,SKU001,Warehouse C,15 Days,Brand X,9683465517,47,522.2582342148335
2398,Product A,Home,70,Supplier Y,43.39139568656847,1.11855833270415,90,SKU003,Warehouse A,15 Days,Brand Z,9473424743,90,438.032432225297
2399,Product B,Electronics,65,Supplier Z,4.660573538743479,1.561345467170024,13,SKU003,Warehouse C,15 Days,Brand Y,9408506405,95,991.7824664083769
2400,Product C,Home,25,Supplier Y,16.70919211877348,1.339054640898254,78,SKU001,Warehouse A,7 Days,Brand Z,9532615927,48,928.2857353308517
2401,Product B,Home,16,Supplier Z,17.54766623636898,2.052924020261107,87,SKU002,Warehouse B,7 Days,Brand Z,9433083032,22,314.6469474707272
2402,Product B,Clothing,15,Supplier X,2.580127155449008,2.767569967866602,81,SKU003,Warehouse C,30 Days,Brand X,9717404133,26,120.4779855190005
2403,Product A,Clothing,98,Supplier Y,5.954716509337748,3.568212990623558,16,SKU001,Warehouse B,15 Days,Brand X,9935063773,24,841.3670767982169
2404,Product C,Electronics,81,Supplier Y,9.65826055608855,3.003325065146408,72,SKU001,Warehouse C,15 Days,Brand Z,9283276629,92,997.1985489114672
2405,Product A,Clothing,3,Supplier Z,41.89077954050565,4.612735659652559,46,SKU001,Warehouse B,30 Days,Brand X,9735335169,23,299.682805099249
2406,Product A,Clothing,67,Supplier Y,3.17009949699032,4.759423835575455,81,SKU001,Warehouse A,15 Days,Brand Y,9615104984,79,364.2070765833486
2407,Product C,Clothing,37,Supplier Y,14.93504506721936,1.654083804789836,55,SKU002,Warehouse B,15 Days,Brand Y,9877993495,79,942.2168496703509
2408,Product C,Electronics,81,Supplier Z,0.5087501294633756,4.411651681059141,52,SKU001,Warehouse B,15 Days,Brand Z,9996964708,91,714.018222823059
2409,Product B,Clothing,55,Supplier Z,34.78138727015124,2.926888816053204,17,SKU003,Warehouse C,7 Days,Brand Y,9939594306,19,302.6819484618398
2410,Product C,Electronics,38,Supplier Z,31.01515450216899,2.813317885269537,68,SKU002,Warehouse C,15 Days,Brand Z,9042389240,52,585.2360263710759
2411,Product B,Home,63,Supplier X,32.24911310265709,4.139757393938273,47,SKU001,Warehouse C,7 Days,Brand Y,9264802538,82,944.7872835706136
2412,Product B,Clothing,1,Supplier Z,18.71913923573094,1.372562036179506,8,SKU003,Warehouse C,15 Days,Brand X,9269728345,73,813.6949758763208
2413,Product B,Electronics,71,Supplier Y,10.41339106337845,4.529972509676586,53,SKU002,Warehouse A,15 Days,Brand Y,9949536861,25,744.414386591373
2414,Product C,Clothing,90,Supplier X,36.01601066430167,3.683453418190459,34,SKU003,Warehouse B,30 Days,Brand X,9489098076,59,739.6263486097522
2415,Product A,Home,19,Supplier Z,40.55589363703476,4.501046430631991,45,SKU002,Warehouse B,30 Days,Brand Z,9623962950,1,186.2401210493476
2416,Product B,Electronics,52,Supplier X,6.930074904910088,4.977910310830492,0,SKU001,Warehouse A,15 Days,Brand Y,9276961468,2,826.4344268356571
2417,Product A,Electronics,30,Supplier X,24.34147139687107,3.072017809429013,40,SKU003,Warehouse B,15 Days,Brand X,9386232968,55,283.3574461190236
2418,Product A,Electronics,55,Supplier Y,12.43578409894313,1.373048791635716,72,SKU001,Warehouse C,15 Days,Brand X,9051689132,65,931.0629913225142
2419,Product C,Home,14,Supplier X,8.405343060306686,1.666095451723546,31,SKU002,Warehouse C,7 Days,Brand Z,9299433949,24,370.9935911036451
2420,Product A,Home,13,Supplier Z,36.71626567474996,2.29447297021724,83,SKU001,Warehouse C,15 Days,Brand Z,9561008655,67,859.083793071834
2421,Product A,Home,84,Supplier X,26.90484677364185,1.414211768538838,76,SKU001,Warehouse B,30 Days,Brand Y,9699319670,14,273.5711595726234
2422,Product C,Electronics,90,Supplier X,10.80926661893339,4.261367304551079,39,SKU003,Warehouse A,7 Days,Brand Y,9724590955,81,519.381667216418
2423,Product B,Home,27,Supplier Y,15.50000056057725,2.187471404131074,10,SKU001,Warehouse A,15 Days,Brand Y,9192864999,6,115.81644253417
2424,Product A,Clothing,89,Supplier Y,48.33268356638712,4.903544752079461,61,SKU001,Warehouse B,7 Days,Brand X,9849857933,90,663.5177139662123
2425,Product C,Home,9,Supplier Z,42.43397823542783,3.810365727727423,45,SKU001,Warehouse A,7 Days,Brand Z,9874891673,81,837.71848241517
2426,Product A,Electronics,41,Supplier Y,43.99733714365642,1.693721481022231,47,SKU002,Warehouse A,7 Days,Brand Y,9102783149,70,721.2628084893919
2427,Product A,Clothing,48,Supplier Z,23.0006048540354,2.904170587775761,42,SKU003,Warehouse C,7 Days,Brand Y,9527404644,92,528.0259278092708
2428,Product B,Home,12,Supplier Z,31.19036319604375,2.867536886533284,50,SKU003,Warehouse B,15 Days,Brand X,9845498553,40,54.6647198154449
2429,Product A,Clothing,10,Supplier Y,18.83838701022058,2.970046633334535,60,SKU001,Warehouse A,30 Days,Brand Y,9320073673,59,934.1065970991499
2430,Product C,Clothing,6,Supplier X,3.885598784444527,3.142764682571742,41,SKU003,Warehouse B,7 Days,Brand X,9944618525,43,708.4346530928483
2431,Product A,Electronics,34,Supplier Y,20.05346553283913,1.124692329270923,25,SKU002,Warehouse C,30 Days,Brand X,9814678485,32,748.4055959816797
2432,Product B,Clothing,52,Supplier X,29.69903766035723,3.745204502974494,10,SKU002,Warehouse C,7 Days,Brand Z,9619910523,65,796.7337697556991
2433,Product B,Clothing,41,Supplier X,14.35721353840657,2.948767101153773,24,SKU001,Warehouse A,30 Days,Brand X,9692576567,81,750.2659916683346
2434,Product C,Electronics,83,Supplier Z,42.39752873637079,4.163861595474796,39,SKU001,Warehouse B,7 Days,Brand Z,9984014685,22,446.7050024573503
2435,Product B,Electronics,6,Supplier Z,7.555007958729931,4.261398293041722,24,SKU002,Warehouse B,7 Days,Brand X,9477817631,63,736.2856109950674
2436,Product A,Electronics,2,Supplier Y,18.356454471846,1.92214048796687,83,SKU002,Warehouse C,15 Days,Brand Z,9015068237,5,628.7765199322257
2437,Product B,Clothing,15,Supplier X,6.245195266210146,1.193691785707111,74,SKU002,Warehouse C,15 Days,Brand X,9885158422,62,855.4761703320986
2438,Product C,Clothing,17,Supplier Y,20.24160669926126,3.81293542444929,73,SKU001,Warehouse C,7 Days,Brand Y,9458381840,42,804.4352171839968
2439,Product B,Clothing,16,Supplier Z,1.983065248713523,4.911051153855498,51,SKU002,Warehouse A,30 Days,Brand Z,9394307705,24,50.96063864258728
2440,Product B,Electronics,28,Supplier X,13.62746975308227,2.786631946323604,2,SKU001,Warehouse B,15 Days,Brand Z,9975635420,82,385.0982194292792
2441,Product B,Home,85,Supplier Y,20.03676275568418,2.038451238374383,38,SKU002,Warehouse A,15 Days,Brand X,9523158935,7,44.36899066205562
2442,Product C,Clothing,72,Supplier Y,23.90826816383458,1.626687578333924,90,SKU002,Warehouse B,15 Days,Brand Y,9251491502,36,111.0541755184369
2443,Product B,Home,10,Supplier Z,27.18481792375709,2.14978238956234,34,SKU003,Warehouse C,15 Days,Brand Y,9648886154,89,605.3966147835753
2444,Product B,Electronics,10,Supplier Z,13.74955648949595,2.311678205485799,39,SKU002,Warehouse A,7 Days,Brand Z,9787454504,92,875.0836029506308
2445,Product A,Clothing,10,Supplier Z,26.15206673074362,2.695498973737858,94,SKU001,Warehouse A,30 Days,Brand Y,9010366990,58,128.6265111221746
2446,Product C,Home,73,Supplier Z,25.45023107810299,3.621628492858346,84,SKU002,Warehouse A,15 Days,Brand Y,9565428437,27,456.5783945921632
2447,Product B,Clothing,28,Supplier Y,15.80890254381042,2.092652224320908,21,SKU003,Warehouse C,15 Days,Brand X,9210580058,52,911.7701157583793
2448,Product C,Clothing,24,Supplier Z,41.51001653282391,1.203907053874704,61,SKU002,Warehouse A,30 Days,Brand Y,9150328225,70,816.1579738348719
2449,Product B,Clothing,19,Supplier Z,27.28205632967826,2.493114446290878,18,SKU002,Warehouse A,15 Days,Brand Y,9616897851,54,524.4712175012706
2450,Product B,Home,97,Supplier Y,16.61348593732725,4.422518464636303,13,SKU002,Warehouse C,30 Days,Brand Y,9414052408,35,773.8557249355426
2451,Product B,Electronics,68,Supplier Y,47.36692560403883,2.993406043407535,49,SKU001,Warehouse B,7 Days,Brand Y,9776201504,61,527.4668363040917
2452,Product A,Clothing,56,Supplier X,42.25562065355805,4.859135030981639,61,SKU002,Warehouse A,15 Days,Brand X,9654986388,14,166.5114139100203
2453,Product A,Electronics,67,Supplier Y,49.12939057759004,3.014486124354927,86,SKU002,Warehouse C,30 Days,Brand X,9038332823,53,133.4887520894623
2454,Product A,Electronics,42,Supplier X,34.61169373227104,2.103595267687391,89,SKU002,Warehouse A,15 Days,Brand Y,9841044499,60,196.4845497463991
2455,Product C,Home,12,Supplier Z,18.91114527530234,1.773255988980858,42,SKU003,Warehouse A,7 Days,Brand X,9361500016,96,357.4128740160227
2456,Product C,Home,18,Supplier X,14.04303333395062,3.778097987142305,54,SKU001,Warehouse B,30 Days,Brand Z,9810024259,53,931.2239749972784
2457,Product A,Electronics,23,Supplier X,33.16589218372405,3.145525143109746,39,SKU001,Warehouse C,30 Days,Brand X,9563418724,68,801.6816295170654
2458,Product C,Clothing,84,Supplier Z,49.04082912476518,3.415995715981766,11,SKU003,Warehouse B,30 Days,Brand X,9927943012,28,438.4735456140543
2459,Product B,Home,6,Supplier Z,31.33575400519244,4.020507157336525,64,SKU001,Warehouse B,15 Days,Brand X,9540975803,80,498.1459426896982
2460,Product B,Clothing,53,Supplier Z,44.08074704949191,3.903613857059572,33,SKU003,Warehouse C,30 Days,Brand Z,9262135213,26,272.9533630897507
2461,Product B,Clothing,98,Supplier X,16.45517155238843,1.173453200672908,82,SKU002,Warehouse B,30 Days,Brand Z,9265557024,80,707.3094269074088
2462,Product A,Clothing,42,Supplier Y,20.34768912371278,4.210287621180113,22,SKU001,Warehouse A,30 Days,Brand Z,9548529694,67,804.7380147474177
2463,Product C,Electronics,66,Supplier Y,45.31376197946766,3.130813228206846,70,SKU002,Warehouse C,7 Days,Brand X,9594047649,11,246.5156487109008
2464,Product A,Clothing,30,Supplier Y,37.84333509789094,2.566834123259091,6,SKU002,Warehouse C,30 Days,Brand Z,9291495701,22,51.40340754860071
2465,Product C,Electronics,9,Supplier Z,49.07051601839529,3.150077705072281,64,SKU001,Warehouse A,30 Days,Brand Z,9390716265,49,627.6500537313407
2466,Product B,Electronics,91,Supplier Z,38.7382104866121,3.4498057938293,17,SKU002,Warehouse A,30 Days,Brand X,9301175300,74,566.8869979439635
2467,Product A,Clothing,42,Supplier Y,22.42578536091159,1.598025239495188,7,SKU002,Warehouse A,7 Days,Brand Y,9923746984,99,408.1098434785877
2468,Product C,Clothing,34,Supplier Z,26.55340099111815,2.66966158130578,88,SKU003,Warehouse B,30 Days,Brand X,9093218476,75,647.4550023554781
2469,Product C,Clothing,40,Supplier X,45.02577462315683,2.342344840752735,41,SKU001,Warehouse B,15 Days,Brand X,9798118614,72,555.1071650052921
2470,Product B,Clothing,88,Supplier X,27.5823368049024,2.401635779272154,92,SKU002,Warehouse B,30 Days,Brand X,9813076284,87,258.0757608282508
2471,Product A,Electronics,17,Supplier Z,12.76986870822226,1.365339753629233,86,SKU003,Warehouse B,15 Days,Brand Y,9960620660,81,403.7516858664951
2472,Product A,Clothing,29,Supplier Y,21.78099063849747,1.639373952000922,92,SKU001,Warehouse B,7 Days,Brand X,9411220734,26,433.8324340497693
2473,Product A,Clothing,50,Supplier Y,25.81579944245589,1.647328270344885,0,SKU002,Warehouse B,7 Days,Brand X,9621973772,58,881.445514530808
2474,Product B,Electronics,76,Supplier X,4.835991677556478,2.492898972886591,78,SKU002,Warehouse C,30 Days,Brand Y,9066107387,8,961.2951125876699
2475,Product A,Home,95,Supplier Z,37.18813371264451,4.577966179499166,14,SKU002,Warehouse C,30 Days,Brand X,9803030779,32,894.0713487725321
2476,Product B,Home,49,Supplier Y,5.46769666774865,1.824109487683771,27,SKU002,Warehouse C,7 Days,Brand X,9702480264,69,721.9862438114599
2477,Product B,Electronics,73,Supplier Y,20.24588566844028,2.664770030699218,35,SKU002,Warehouse C,7 Days,Brand X,9164807373,50,589.1428062697636
2478,Product B,Home,61,Supplier Z,40.23112207702022,2.246437661196552,95,SKU001,Warehouse C,7 Days,Brand Y,9644997840,96,692.3690191112954
2479,Product C,Electronics,83,Supplier Z,23.37851808066485,4.149533250205352,45,SKU001,Warehouse C,15 Days,Brand X,9321916689,39,939.7181285253621
2480,Product A,Clothing,46,Supplier Y,42.1007759859254,1.200505729283265,76,SKU003,Warehouse B,15 Days,Brand Y,9710369150,5,257.4987478715934
2481,Product A,Clothing,46,Supplier Z,17.09406610280575,1.786173582143562,20,SKU003,Warehouse C,30 Days,Brand Y,9740067467,3,539.7693025966709
2482,Product B,Home,17,Supplier Z,47.88181469992177,1.842566169419178,48,SKU003,Warehouse A,15 Days,Brand Z,9291499894,2,692.7119388104038
2483,Product B,Clothing,66,Supplier Z,10.47342159026178,4.971851201252925,38,SKU001,Warehouse C,7 Days,Brand X,9119328424,12,682.4545313110319
2484,Product A,Home,5,Supplier Y,1.913207249465065,3.283100071865214,37,SKU001,Warehouse A,30 Days,Brand X,9692400271,25,259.7561699810681
2485,Product B,Home,54,Supplier X,43.62132714952093,1.555833057534073,8,SKU001,Warehouse A,15 Days,Brand Z,9269166813,33,590.8642121158543
2486,Product A,Clothing,16,Supplier Z,37.61013579752041,2.088796557106262,19,SKU002,Warehouse C,30 Days,Brand Z,9306447116,76,797.9540109959548
2487,Product C,Clothing,81,Supplier Y,11.59919185336864,1.671288376491697,83,SKU001,Warehouse B,15 Days,Brand X,9236614523,52,480.3281902497414
2488,Product B,Home,91,Supplier X,49.23708035683369,1.498418278477792,7,SKU001,Warehouse B,30 Days,Brand X,9427704209,46,795.3650959317476
2489,Product A,Clothing,7,Supplier Y,25.11400646342639,4.18872811363157,13,SKU002,Warehouse A,7 Days,Brand Z,9597293643,7,366.2837717770092
2490,Product B,Electronics,8,Supplier Y,47.55327200720817,2.983010514641419,61,SKU003,Warehouse B,7 Days,Brand X,9970998389,75,939.3725258921213
2491,Product A,Clothing,72,Supplier Y,25.25143856934996,3.524840547395125,83,SKU003,Warehouse A,7 Days,Brand X,9127243873,7,538.5891560941101
2492,Product A,Clothing,87,Supplier X,23.59372933856455,2.325004987967984,34,SKU003,Warehouse B,15 Days,Brand X,9154505650,18,599.9884712846882
2493,Product B,Electronics,96,Supplier Y,22.45692685722325,3.214780344269318,54,SKU002,Warehouse B,30 Days,Brand Z,9131077664,73,41.04795311654252
2494,Product C,Clothing,82,Supplier X,16.74376380664751,2.030276130094788,44,SKU002,Warehouse B,30 Days,Brand Z,9411803077,31,178.5664457573083
2495,Product A,Clothing,38,Supplier Z,26.68507485882758,2.232145099712939,20,SKU002,Warehouse B,30 Days,Brand Y,9487968593,20,636.6045416663343
2496,Product A,Home,54,Supplier X,22.62773309742839,3.608951777466932,52,SKU001,Warehouse C,15 Days,Brand Y,9142367810,63,425.6716680644486
2497,Product A,Clothing,76,Supplier Y,1.837343831177707,1.601400503676921,53,SKU003,Warehouse C,7 Days,Brand X,9669925173,22,513.082152553593
2498,Product C,Clothing,15,Supplier X,13.02176167117512,3.468887436669847,85,SKU002,Warehouse C,7 Days,Brand X,9422292485,90,72.34169464636344
2499,Product C,Electronics,92,Supplier Y,10.65614000527792,4.408939265692509,42,SKU002,Warehouse A,30 Days,Brand Y,9924942115,88,835.7938860262805
2500,Product B,Home,50,Supplier Z,43.37178011605333,1.481692904723076,5,SKU003,Warehouse C,30 Days,Brand Y,9362712304,70,786.660546273255
2501,Product C,Home,56,Supplier X,29.94349886134207,4.589845122279916,54,SKU003,Warehouse C,15 Days,Brand Y,9486091830,41,193.500435964631
2502,Product B,Home,95,Supplier Z,38.18415502248637,1.31778272119558,43,SKU001,Warehouse C,30 Days,Brand X,9086198654,34,637.9860636848056
2503,Product B,Clothing,9,Supplier X,47.84130188746403,2.395636907823492,90,SKU003,Warehouse B,30 Days,Brand X,9601676209,1,820.132059537729
2504,Product C,Home,8,Supplier Y,32.2019636263205,3.442037260951978,67,SKU002,Warehouse B,15 Days,Brand Y,9135261653,91,644.445595051444
2505,Product B,Electronics,19,Supplier X,49.13049957023722,3.237659040474147,3,SKU001,Warehouse B,30 Days,Brand Z,9366521414,70,317.2941143428864
2506,Product C,Home,51,Supplier Z,15.58820258260648,1.385564289977734,62,SKU003,Warehouse B,7 Days,Brand Y,9131999325,75,659.5500389733854
2507,Product B,Electronics,72,Supplier X,9.313359115644692,4.195652671143412,91,SKU001,Warehouse B,15 Days,Brand Z,9167560641,51,218.3571302063801
2508,Product C,Home,98,Supplier Z,20.16549439964557,4.892613172581012,90,SKU002,Warehouse C,7 Days,Brand Z,9510747103,16,325.0724473066267
2509,Product C,Home,57,Supplier Z,23.5399707467904,1.72491315673508,57,SKU002,Warehouse C,30 Days,Brand X,9329086094,85,247.6689565761069
2510,Product B,Electronics,68,Supplier Y,44.76807714262925,4.580523879261851,53,SKU002,Warehouse B,30 Days,Brand Z,9704922160,8,561.3558513663045
2511,Product A,Home,31,Supplier X,27.99702195183382,3.227237768447002,80,SKU002,Warehouse B,15 Days,Brand Z,9150011301,51,117.1443802978931
2512,Product B,Home,3,Supplier Z,14.60904997090085,4.74373508498131,37,SKU001,Warehouse C,15 Days,Brand Y,9246811271,2,933.9772765448553
2513,Product C,Home,99,Supplier Y,37.13171414337604,1.704343833667044,59,SKU001,Warehouse C,15 Days,Brand Y,9095090055,21,340.1772301262382
2514,Product A,Clothing,83,Supplier Y,25.29159685695355,4.168085572717699,51,SKU002,Warehouse B,15 Days,Brand Z,9677256934,53,226.7804258347433
2515,Product B,Electronics,43,Supplier Y,8.106597263758509,1.239126301781325,28,SKU001,Warehouse A,30 Days,Brand Y,9038218339,35,501.5843154658129
2516,Product B,Home,29,Supplier Z,28.84098937956261,4.532785787210906,39,SKU002,Warehouse B,30 Days,Brand Y,9763115987,38,284.2278402701689
2517,Product B,Electronics,10,Supplier X,45.5697268403642,3.696637688798535,70,SKU002,Warehouse C,7 Days,Brand Y,9747445540,17,539.5550455188179
2518,Product A,Electronics,12,Supplier Z,42.13113087379101,2.48101913568972,7,SKU003,Warehouse A,7 Days,Brand Y,9080423623,80,355.0240582842646
2519,Product C,Electronics,46,Supplier Y,29.34049863176655,1.761867293991401,96,SKU001,Warehouse B,15 Days,Brand Z,9496204621,26,140.7461426613504
2520,Product B,Home,30,Supplier Z,18.85415869424941,4.266132394268819,95,SKU003,Warehouse C,30 Days,Brand Z,9590710739,98,273.2362896069894
2521,Product B,Home,94,Supplier Z,4.348937553210558,3.412965285579246,34,SKU002,Warehouse C,15 Days,Brand Z,9192557176,95,444.05544651191
2522,Product B,Electronics,82,Supplier Y,23.48244616658119,2.441663411792006,81,SKU003,Warehouse C,15 Days,Brand Z,9339667682,66,39.99029421482937
2523,Product B,Clothing,88,Supplier X,37.60397187647896,2.775343299210065,15,SKU002,Warehouse B,15 Days,Brand Z,9118460312,12,772.9361017446143
2524,Product B,Electronics,32,Supplier Y,18.01368598665053,4.306170624289506,17,SKU002,Warehouse B,15 Days,Brand X,9544571345,16,625.6063189445116
2525,Product C,Clothing,73,Supplier Y,11.77234127758322,2.355708773427471,58,SKU002,Warehouse A,15 Days,Brand Y,9141067701,60,605.3460112055707
2526,Product C,Electronics,47,Supplier Z,46.56898596354767,1.358530712439715,88,SKU001,Warehouse C,30 Days,Brand X,9167490286,17,550.5894325639383
2527,Product B,Electronics,88,Supplier Y,41.07778502289962,4.645128688813891,33,SKU002,Warehouse C,7 Days,Brand Z,9652244068,16,594.4100406018179
2528,Product A,Electronics,63,Supplier Z,31.91378097100723,2.549374958632138,3,SKU002,Warehouse A,15 Days,Brand Y,9051856254,55,935.3054331801484
2529,Product C,Home,26,Supplier Y,6.839167196025969,2.393550044460854,68,SKU001,Warehouse B,30 Days,Brand Z,9750560238,47,18.48351870263328
2530,Product A,Clothing,3,Supplier Y,7.245442020308651,1.817598475503758,77,SKU001,Warehouse C,15 Days,Brand X,9381006010,15,57.32171256117177
2531,Product C,Clothing,23,Supplier X,5.160979572788948,4.589690284913383,64,SKU002,Warehouse A,30 Days,Brand Z,9997004446,85,199.5784758314943
2532,Product B,Electronics,75,Supplier Y,30.81483334463716,1.870021334751335,60,SKU001,Warehouse C,7 Days,Brand Y,9082772485,24,175.6283661932186
2533,Product C,Home,74,Supplier X,5.7781398236668,3.546691472005535,85,SKU002,Warehouse B,7 Days,Brand Z,9598253430,64,189.3825148744909
2534,Product B,Home,50,Supplier Y,42.13135994313165,4.523060046432412,45,SKU003,Warehouse B,30 Days,Brand Z,9314381491,26,675.2244469901636
2535,Product C,Clothing,36,Supplier Y,49.64825009096611,1.13965445841287,20,SKU001,Warehouse A,15 Days,Brand Y,9670407891,13,464.8884680396637
2536,Product B,Home,13,Supplier Y,18.31740923543326,4.315166821200783,76,SKU003,Warehouse A,7 Days,Brand X,9889370523,91,991.8610895513463
2537,Product B,Clothing,29,Supplier X,22.68349234835487,2.642397686759098,99,SKU002,Warehouse C,15 Days,Brand X,9359550627,99,234.6170556549154
2538,Product B,Clothing,38,Supplier Z,35.58335884928393,3.631898301060847,92,SKU001,Warehouse B,15 Days,Brand Y,9941040255,49,317.7218000172197
2539,Product B,Clothing,77,Supplier X,46.85765031628829,2.489618252902216,37,SKU001,Warehouse B,30 Days,Brand Y,9654030631,95,984.3983096336325
2540,Product A,Home,90,Supplier Y,44.70468867781926,3.782065025389976,72,SKU002,Warehouse A,15 Days,Brand X,9587006681,28,833.4405593942245
2541,Product B,Clothing,84,Supplier Z,2.879591437492429,2.017179658230797,96,SKU001,Warehouse A,30 Days,Brand Y,9468939404,80,475.1012284717474
2542,Product A,Clothing,5,Supplier Y,8.45359012783825,1.087722169741585,85,SKU001,Warehouse C,30 Days,Brand X,9225337776,27,559.0509166905298
2543,Product A,Electronics,20,Supplier X,37.72985992788961,4.791150059151814,80,SKU001,Warehouse B,30 Days,Brand Z,9696474243,20,844.7461414463121
2544,Product B,Clothing,78,Supplier X,34.44465540162236,1.065471056160331,59,SKU003,Warehouse C,7 Days,Brand X,9166088545,23,486.1704435858647
2545,Product A,Clothing,14,Supplier Z,6.660929702006163,4.296397158534028,86,SKU002,Warehouse C,15 Days,Brand Y,9345377530,45,213.9634863462635
2546,Product C,Electronics,8,Supplier X,25.10322910007838,1.676550373289895,35,SKU002,Warehouse A,30 Days,Brand Z,9384732025,59,830.1600931688416
2547,Product B,Electronics,48,Supplier Y,39.04073155426478,2.568880914408112,5,SKU002,Warehouse B,30 Days,Brand Y,9157325631,98,542.394766362887
2548,Product A,Home,13,Supplier Z,10.93903411313468,4.289969506024223,38,SKU001,Warehouse A,15 Days,Brand X,9363742305,19,161.5121711921831
2549,Product B,Clothing,24,Supplier Y,43.56438178673331,1.823728601249381,28,SKU001,Warehouse C,7 Days,Brand Z,9796668751,51,510.5299728725536
2550,Product B,Home,79,Supplier Z,2.648588741018398,4.462830422100144,26,SKU001,Warehouse C,30 Days,Brand X,9551536918,21,419.0713467908902
2551,Product B,Home,65,Supplier Z,39.10975425340369,2.991035756407606,68,SKU002,Warehouse B,30 Days,Brand Z,9908278457,67,878.0741065629404
2552,Product A,Electronics,86,Supplier Y,30.79094498949351,2.464613850869106,8,SKU003,Warehouse B,30 Days,Brand Y,9770893654,15,134.7948770470964
2553,Product C,Home,34,Supplier X,15.75996733271746,3.649750986945345,23,SKU002,Warehouse B,30 Days,Brand X,9878212238,20,876.4577064035453
2554,Product C,Clothing,51,Supplier Y,36.04662741709556,2.36555888792383,62,SKU002,Warehouse B,15 Days,Brand Z,9401493336,43,517.0889066421819
2555,Product A,Electronics,3,Supplier X,39.11828975755798,2.389153435985428,18,SKU003,Warehouse A,30 Days,Brand Z,9140564316,61,410.3207856813361
2556,Product B,Clothing,90,Supplier X,46.69494856519847,3.934105563753213,96,SKU001,Warehouse A,7 Days,Brand Z,9865220963,20,170.3475125589109
2557,Product A,Clothing,78,Supplier Y,18.38873360771318,2.239328898156431,29,SKU001,Warehouse A,15 Days,Brand X,9835300222,10,703.8097830122925
2558,Product A,Electronics,58,Supplier Z,34.30083679899775,1.8030905934177,57,SKU002,Warehouse A,7 Days,Brand Y,9723002958,59,927.5386420189401
2559,Product A,Clothing,72,Supplier Y,30.13081384673454,4.230584511986288,39,SKU003,Warehouse C,15 Days,Brand Y,9839678820,36,381.6235803603266
2560,Product B,Electronics,55,Supplier Z,26.26030347285442,4.221484134908927,67,SKU002,Warehouse A,15 Days,Brand Z,9512892258,43,249.1691506641251
2561,Product A,Clothing,80,Supplier X,44.52082370775189,2.990342814827477,31,SKU002,Warehouse A,15 Days,Brand Y,9353694125,21,559.3182478291654
2562,Product B,Electronics,42,Supplier Z,0.1583657069200162,3.10662246465182,64,SKU003,Warehouse B,7 Days,Brand X,9198755366,83,798.2240889495315
2563,Product A,Home,21,Supplier Y,14.10558030517988,3.784306503070554,33,SKU003,Warehouse C,7 Days,Brand Y,9496803118,65,13.73001760502772
2564,Product C,Clothing,10,Supplier Z,26.9138619772415,3.037097167049734,84,SKU001,Warehouse A,30 Days,Brand Y,9550600228,42,635.0636620314749
2565,Product A,Electronics,57,Supplier X,8.914663081827618,2.66815983587693,30,SKU002,Warehouse C,7 Days,Brand X,9139192744,74,600.5508406916446
2566,Product A,Clothing,25,Supplier X,45.39332668663791,4.979576773186983,58,SKU003,Warehouse C,30 Days,Brand X,9409851227,20,324.9706639461185
2567,Product C,Clothing,56,Supplier Z,32.37975588065077,1.590561711410236,77,SKU003,Warehouse C,15 Days,Brand Y,9047051180,32,456.9087735689207
2568,Product B,Clothing,38,Supplier X,23.89414973159949,3.370911916959443,25,SKU003,Warehouse C,30 Days,Brand Y,9183907613,16,254.4935919202027
2569,Product B,Electronics,86,Supplier X,40.73508795333273,4.543452104302641,21,SKU003,Warehouse B,7 Days,Brand Y,9916918726,35,791.9868805723244
2570,Product A,Home,61,Supplier Z,22.54430957325519,3.748860164724459,33,SKU002,Warehouse B,15 Days,Brand Z,9578131267,13,638.1895840324466
2571,Product C,Home,47,Supplier X,27.93265059650047,4.523693196352953,96,SKU002,Warehouse C,15 Days,Brand X,9907977222,36,537.3845058185954
2572,Product B,Home,54,Supplier Z,0.1375497776960499,2.34533888141869,12,SKU002,Warehouse C,30 Days,Brand Z,9506908000,30,398.6009364336489
2573,Product A,Electronics,46,Supplier Z,18.28502650975368,2.087971905040957,95,SKU003,Warehouse C,30 Days,Brand Z,9798627630,3,298.4705421605248
2574,Product C,Home,68,Supplier X,6.939523617548487,4.405089547608419,54,SKU001,Warehouse B,7 Days,Brand Z,9365139246,5,824.5091211829971
2575,Product B,Electronics,4,Supplier Z,34.48443403311455,2.576458304741842,7,SKU003,Warehouse B,15 Days,Brand Z,9931463377,49,456.8935937292333
2576,Product B,Clothing,94,Supplier X,23.95134794878669,3.838729292229245,61,SKU002,Warehouse C,30 Days,Brand Y,9648541053,84,506.432945643256
2577,Product C,Clothing,66,Supplier X,15.08787786251154,1.590994313656457,21,SKU002,Warehouse C,15 Days,Brand X,9451502946,76,525.6204432353342
2578,Product C,Home,93,Supplier X,23.39161696858712,4.023352501506698,55,SKU002,Warehouse C,7 Days,Brand Y,9761630564,37,453.8832660772607
2579,Product C,Electronics,43,Supplier Y,10.48149439756731,3.195930596099477,83,SKU001,Warehouse C,15 Days,Brand X,9981809595,78,263.5275419760395
2580,Product C,Clothing,62,Supplier X,46.25433162430703,2.074446559641844,20,SKU001,Warehouse B,30 Days,Brand Z,9001956996,4,129.1370358406215
2581,Product A,Electronics,85,Supplier Z,2.69863162754565,2.97801585583562,97,SKU002,Warehouse A,7 Days,Brand X,9107905199,37,107.5518944960633
2582,Product C,Electronics,85,Supplier Z,43.27085176480602,3.787774503358814,48,SKU003,Warehouse A,7 Days,Brand X,9184753238,23,759.8878981072818
2583,Product B,Clothing,85,Supplier Z,25.56793943666755,1.047545635389535,93,SKU002,Warehouse B,15 Days,Brand X,9605754104,17,231.2925440784962
2584,Product B,Electronics,4,Supplier Y,30.94732480694086,3.549868235256518,5,SKU002,Warehouse B,30 Days,Brand X,9105991625,92,65.11608680443582
2585,Product A,Clothing,65,Supplier Y,15.13028104543519,3.166363113093098,34,SKU001,Warehouse A,15 Days,Brand Y,9956702936,31,799.5422326289272
2586,Product B,Clothing,62,Supplier Z,48.33488083971606,1.88114467098693,26,SKU001,Warehouse A,15 Days,Brand Z,9638965141,70,162.5210363320415
2587,Product B,Clothing,90,Supplier Z,14.09254792597449,4.011924295904787,83,SKU001,Warehouse A,15 Days,Brand Y,9446876510,93,628.8946308160205
2588,Product C,Electronics,2,Supplier Y,29.44389985701521,2.213843938532805,39,SKU001,Warehouse C,30 Days,Brand Z,9647673238,89,345.2568387333846
2589,Product B,Clothing,9,Supplier Z,49.67083525535644,2.107443726186259,13,SKU002,Warehouse A,15 Days,Brand Y,9430096987,71,135.2154541243964
2590,Product A,Electronics,57,Supplier X,44.05471981917229,2.884873395997291,73,SKU003,Warehouse A,15 Days,Brand Y,9049329580,88,420.3361694618163
2591,Product C,Clothing,45,Supplier X,26.8164912643053,3.704598713689459,51,SKU002,Warehouse C,7 Days,Brand Y,9915662542,29,24.66077252129889
2592,Product C,Clothing,18,Supplier Z,49.51872614836061,4.715383903505018,78,SKU002,Warehouse C,7 Days,Brand X,9952282343,87,842.6345326874347
2593,Product A,Home,48,Supplier X,35.06849308663073,1.565428972528416,39,SKU003,Warehouse B,7 Days,Brand X,9163283763,29,518.3629817284386
2594,Product C,Home,42,Supplier Z,10.43502080709047,2.585872483006935,42,SKU002,Warehouse C,30 Days,Brand X,9650000070,4,147.7684107988822
2595,Product C,Home,41,Supplier Y,20.27981052179032,1.26795837005052,57,SKU003,Warehouse A,15 Days,Brand X,9333241773,3,244.6105152050949
2596,Product A,Electronics,75,Supplier Z,16.72466670057755,4.034202989886969,2,SKU001,Warehouse C,15 Days,Brand Y,9583386149,50,453.4954402171414
2597,Product C,Electronics,89,Supplier Y,17.20068541355946,2.790931558725443,14,SKU001,Warehouse B,7 Days,Brand Y,9770320807,8,196.9806889873932
2598,Product A,Clothing,90,Supplier X,38.02282196799332,3.82771654075274,44,SKU001,Warehouse A,15 Days,Brand Z,9788016526,54,275.913169886075
2599,Product A,Clothing,58,Supplier X,29.21314636363968,2.288777695905149,94,SKU003,Warehouse B,30 Days,Brand X,9830552944,32,539.0417085929106
2600,Product B,Clothing,42,Supplier X,1.904635579476427,4.377268965625294,10,SKU002,Warehouse B,15 Days,Brand X,9254004107,92,834.2829229080016
2601,Product B,Clothing,35,Supplier Z,43.87242418254881,3.139312312960459,38,SKU001,Warehouse B,7 Days,Brand X,9744455756,30,407.8212888330216
2602,Product C,Electronics,38,Supplier Y,14.83980702400823,4.77443128729462,18,SKU001,Warehouse C,30 Days,Brand X,9267315778,82,719.8055208180128
2603,Product C,Clothing,67,Supplier Y,49.85374384565718,1.315258556576137,78,SKU002,Warehouse C,15 Days,Brand X,9620560568,53,877.9173713260419
2604,Product A,Clothing,41,Supplier X,47.70953651673928,3.057107298168297,19,SKU001,Warehouse B,15 Days,Brand X,9363580792,60,224.1379308932003
2605,Product C,Home,99,Supplier X,47.02653583409826,4.065820983990795,85,SKU001,Warehouse B,15 Days,Brand Y,9153721106,65,809.1200506981385
2606,Product A,Clothing,50,Supplier Y,40.55638020319869,3.400610592294459,70,SKU003,Warehouse B,30 Days,Brand X,9107111001,19,759.8281763477171
2607,Product A,Clothing,86,Supplier Z,11.03066658417713,1.092776561707371,55,SKU002,Warehouse B,15 Days,Brand X,9908215581,75,363.3679249686537
2608,Product C,Clothing,72,Supplier X,26.6316372014391,4.889354713375523,77,SKU003,Warehouse C,7 Days,Brand Y,9754920142,84,989.6247599058585
2609,Product A,Electronics,79,Supplier Z,11.21513134124873,2.193054772303594,3,SKU001,Warehouse C,7 Days,Brand Z,9562917905,60,269.9466477215975
2610,Product B,Home,45,Supplier X,12.98377277944746,1.997111465465528,8,SKU001,Warehouse B,7 Days,Brand Y,9389563380,94,262.2552333713786
2611,Product C,Clothing,71,Supplier X,30.54758847181387,2.942639502426318,24,SKU002,Warehouse C,7 Days,Brand X,9303233779,35,774.5365730066658
2612,Product B,Clothing,19,Supplier Z,2.041677267653169,3.168632430093396,46,SKU001,Warehouse A,30 Days,Brand Y,9005007166,83,440.3107448705734
2613,Product C,Home,17,Supplier Z,48.47292834103538,4.065152550359302,98,SKU003,Warehouse C,7 Days,Brand X,9197525510,19,337.4870448332328
2614,Product A,Clothing,65,Supplier Z,45.93365862889822,2.573094630635957,48,SKU003,Warehouse B,7 Days,Brand Y,9680517819,44,186.8761772857119
2615,Product C,Electronics,93,Supplier Z,19.03837860788599,2.759841505848849,26,SKU002,Warehouse C,7 Days,Brand Z,9840107607,99,767.6791066251986
2616,Product B,Clothing,77,Supplier Y,25.77112240034565,3.139839663735324,27,SKU002,Warehouse A,30 Days,Brand X,9240772211,45,788.4585880747163
2617,Product A,Electronics,56,Supplier Y,23.30597096338795,2.577548398966563,87,SKU001,Warehouse A,30 Days,Brand Y,9701315570,17,570.898363197839
2618,Product C,Electronics,93,Supplier X,44.10998893087349,4.658192316404624,96,SKU002,Warehouse C,15 Days,Brand Y,9231088190,69,957.7404770594592
2619,Product C,Clothing,41,Supplier X,34.43009381580555,4.405007866537009,96,SKU002,Warehouse A,7 Days,Brand Y,9927745367,96,324.9816377184277
2620,Product C,Home,42,Supplier X,13.90556237121782,2.819894780311513,61,SKU001,Warehouse A,15 Days,Brand X,9762053194,73,227.4228550245438
2621,Product B,Electronics,6,Supplier Y,22.34206272326485,1.000779449349269,15,SKU001,Warehouse C,30 Days,Brand Y,9980236582,17,680.6921012451173
2622,Product B,Home,69,Supplier Z,21.44829878433819,4.603737982117122,86,SKU003,Warehouse C,15 Days,Brand X,9253032106,63,760.8245543917077
2623,Product C,Clothing,98,Supplier X,47.96675841419593,1.497346293757861,45,SKU003,Warehouse C,30 Days,Brand X,9574956775,33,232.6569108463042
2624,Product A,Electronics,75,Supplier Y,8.765545525731982,1.978049660776185,74,SKU002,Warehouse B,15 Days,Brand Z,9631720375,78,85.84465661850211
2625,Product A,Clothing,73,Supplier X,4.478816864721452,1.609445137461593,45,SKU001,Warehouse B,7 Days,Brand Z,9318286217,2,812.4113217205082
2626,Product B,Home,40,Supplier Y,44.03094160808451,1.719262279924095,39,SKU002,Warehouse A,30 Days,Brand Y,9974438135,71,976.7369539095523
2627,Product A,Clothing,41,Supplier Z,44.83429947529354,4.211510151559339,82,SKU003,Warehouse A,30 Days,Brand X,9534482794,10,648.2255632115615
2628,Product B,Clothing,9,Supplier Y,43.58695439560824,3.318005766663697,33,SKU002,Warehouse C,30 Days,Brand Y,9174181651,45,285.0882311424552
2629,Product C,Electronics,8,Supplier Z,25.54884578127782,4.824380652501394,86,SKU003,Warehouse A,7 Days,Brand X,9022537065,95,996.7058824672641
2630,Product B,Clothing,44,Supplier X,32.98722141347302,1.925814049294866,9,SKU003,Warehouse C,7 Days,Brand X,9364114623,41,894.3339699044067
2631,Product B,Clothing,58,Supplier Z,28.16815237804919,2.942539632524936,0,SKU002,Warehouse B,30 Days,Brand Y,9408931494,16,518.246839817491
2632,Product C,Clothing,67,Supplier Y,3.472391302720046,4.90971347632988,65,SKU003,Warehouse C,30 Days,Brand X,9629366741,46,827.0680719934154
2633,Product A,Electronics,13,Supplier X,29.79174484503612,4.305774057099079,85,SKU003,Warehouse A,7 Days,Brand Y,9923361378,29,817.6623180303371
2634,Product B,Home,19,Supplier X,0.6807073628050442,3.914462716481964,16,SKU001,Warehouse C,7 Days,Brand X,9071318386,42,935.4509799767645
2635,Product B,Home,98,Supplier Y,16.24937047785431,1.755900805483168,46,SKU002,Warehouse C,7 Days,Brand Y,9282732955,7,842.5146053357255
2636,Product C,Clothing,96,Supplier Z,46.61462879365835,4.077621603638864,23,SKU002,Warehouse C,7 Days,Brand Y,9934718691,39,647.2424435975928
2637,Product A,Electronics,49,Supplier Y,15.20226348179038,2.390260490383671,49,SKU002,Warehouse A,7 Days,Brand Z,9733077917,70,613.2106817669423
2638,Product B,Clothing,80,Supplier Z,46.99133213221239,3.122147588187031,84,SKU003,Warehouse C,7 Days,Brand Z,9079577401,19,472.6837154482956
2639,Product C,Home,82,Supplier Z,12.50669785746221,3.436644852158161,28,SKU003,Warehouse C,15 Days,Brand X,9842066245,75,630.2207835710498
2640,Product B,Electronics,78,Supplier X,15.72811202307662,3.437454846097016,77,SKU003,Warehouse A,7 Days,Brand Y,9820378685,84,797.2644206650789
2641,Product C,Home,30,Supplier Z,31.42037482192768,3.906093887654066,71,SKU002,Warehouse B,7 Days,Brand Y,9468703360,27,969.3472500395278
2642,Product A,Home,66,Supplier X,38.08134863946474,3.646808370568822,93,SKU001,Warehouse B,30 Days,Brand Y,9934340345,27,472.6144846002989
2643,Product A,Electronics,77,Supplier Y,25.0693884002442,1.273483517242359,85,SKU002,Warehouse A,30 Days,Brand Y,9424123843,58,577.9166709588695
2644,Product A,Electronics,91,Supplier Y,44.10578435970777,2.829388103796429,86,SKU002,Warehouse B,15 Days,Brand Y,9992282008,61,450.3574401081939
2645,Product A,Clothing,59,Supplier X,2.012021080530962,3.656086426879917,12,SKU002,Warehouse C,7 Days,Brand X,9814873226,79,671.80373477357
2646,Product B,Clothing,53,Supplier X,46.10974193171853,2.183971928662915,63,SKU001,Warehouse A,30 Days,Brand Z,9097497317,73,633.6212990206469
2647,Product B,Home,52,Supplier Z,9.8153899947704,2.252226748865559,27,SKU002,Warehouse C,30 Days,Brand Y,9070100538,53,27.65545229168707
2648,Product A,Electronics,81,Supplier X,44.21193725423279,1.498270191018462,93,SKU001,Warehouse C,15 Days,Brand Y,9122221220,85,545.7499435096519
2649,Product A,Electronics,31,Supplier Y,20.04315897431902,2.674459943899421,4,SKU001,Warehouse A,7 Days,Brand Y,9909225471,6,97.60202674202388
2650,Product A,Clothing,15,Supplier X,41.63785279355189,4.947321737224699,73,SKU002,Warehouse C,30 Days,Brand X,9928232139,67,36.11978182548296
2651,Product B,Home,20,Supplier X,33.58327749018476,2.141277445152149,8,SKU002,Warehouse A,7 Days,Brand Z,9447461276,23,793.2851904638512
2652,Product A,Home,5,Supplier X,8.797081623913105,3.125747570744392,13,SKU002,Warehouse C,15 Days,Brand Z,9776026721,97,266.0633635377075
2653,Product A,Clothing,7,Supplier Z,45.90237849407242,3.972949011116337,9,SKU003,Warehouse B,15 Days,Brand Y,9318390609,40,347.2485265144263
2654,Product A,Electronics,18,Supplier X,12.27586952442298,1.053989083537083,32,SKU001,Warehouse C,7 Days,Brand X,9568004853,53,73.44374172802554
2655,Product C,Clothing,56,Supplier Z,12.20700593474995,4.601758238393195,74,SKU002,Warehouse C,15 Days,Brand Z,9045014664,13,187.7052578894071
2656,Product A,Clothing,75,Supplier Z,40.70894483186903,2.546200738899754,39,SKU001,Warehouse A,30 Days,Brand Z,9972931629,43,767.9487700752144
2657,Product C,Clothing,96,Supplier X,5.293662778626052,4.476463946843928,5,SKU003,Warehouse B,15 Days,Brand X,9515313867,48,498.5955219302947
2658,Product C,Clothing,91,Supplier Z,11.10179531852302,1.155790635597912,16,SKU003,Warehouse C,15 Days,Brand Z,9317545352,62,881.861777924647
2659,Product A,Electronics,90,Supplier X,25.18387867105312,1.582654207454703,35,SKU002,Warehouse C,7 Days,Brand X,9380503232,80,403.2697101521669
2660,Product C,Clothing,45,Supplier Y,41.52385143433121,2.290117817910237,69,SKU001,Warehouse B,30 Days,Brand Z,9479637318,44,276.0137283967255
2661,Product A,Electronics,28,Supplier Y,7.374198736863375,2.381847092253115,60,SKU003,Warehouse B,7 Days,Brand X,9224939366,71,354.1238163140645
2662,Product B,Clothing,50,Supplier Z,27.38341172561732,4.391176892112066,73,SKU003,Warehouse B,7 Days,Brand Y,9464344617,76,715.6440755817354
2663,Product B,Home,2,Supplier Y,35.56202959014698,1.044804461552941,48,SKU001,Warehouse B,7 Days,Brand Z,9786375391,6,559.4556156111412
2664,Product B,Electronics,84,Supplier X,43.02976123579757,3.564447105878718,68,SKU003,Warehouse B,15 Days,Brand Z,9253537533,2,905.1492954769036
2665,Product B,Home,68,Supplier Z,46.77827801011098,1.525249744714201,82,SKU001,Warehouse C,15 Days,Brand Z,9809904411,87,606.1470816949944
2666,Product C,Clothing,77,Supplier X,39.23199572344662,4.292862602844197,70,SKU002,Warehouse B,7 Days,Brand X,9224643289,46,498.0880263966881
2667,Product A,Clothing,24,Supplier Z,32.64141991110009,4.114293063831649,23,SKU001,Warehouse B,15 Days,Brand Z,9823948899,87,787.8951966478655
2668,Product A,Clothing,48,Supplier Z,21.68100426563829,2.999684109644802,50,SKU002,Warehouse C,15 Days,Brand Z,9030675516,60,948.0585122261108
2669,Product A,Electronics,45,Supplier Z,5.605507709420982,1.850748902049501,41,SKU001,Warehouse A,7 Days,Brand X,9932736551,70,362.2874521325209
2670,Product B,Home,93,Supplier Z,35.48685962627606,3.537981563862225,18,SKU003,Warehouse C,30 Days,Brand Z,9869114037,29,257.3774480638229
2671,Product B,Electronics,58,Supplier Y,49.63686522377434,1.625033270630583,61,SKU002,Warehouse A,30 Days,Brand Z,9611407418,4,620.0552223311978
2672,Product A,Electronics,36,Supplier Y,36.83802973660499,1.760095170370614,74,SKU001,Warehouse B,15 Days,Brand X,9327406541,84,503.8840929423422
2673,Product B,Clothing,2,Supplier Y,0.835554686886314,3.506759608901431,66,SKU002,Warehouse A,30 Days,Brand X,9895185836,71,989.2937191161355
2674,Product A,Home,18,Supplier Z,24.81299890209194,4.964913784354497,29,SKU001,Warehouse C,30 Days,Brand X,9035340495,6,467.738166306256
2675,Product A,Clothing,49,Supplier Y,30.73233162414519,4.564243349010185,37,SKU001,Warehouse A,15 Days,Brand Z,9067004838,38,83.5882358467424
2676,Product A,Electronics,8,Supplier Z,34.48371005514215,3.372429430734708,5,SKU002,Warehouse A,30 Days,Brand Y,9462652585,1,977.5953701698595
2677,Product A,Clothing,58,Supplier Y,35.98629178003543,3.154147075069695,98,SKU002,Warehouse A,15 Days,Brand X,9389451914,42,845.1510761376047
2678,Product A,Home,15,Supplier Z,27.9054220608262,4.993539520032434,21,SKU002,Warehouse B,7 Days,Brand Z,9958787837,11,186.4676425183837
2679,Product A,Clothing,17,Supplier Y,11.16801663671201,3.189588590535575,10,SKU003,Warehouse C,30 Days,Brand Y,9163759269,27,905.5592005817406
2680,Product A,Home,23,Supplier Y,47.11003307382733,2.680466087837776,71,SKU001,Warehouse A,7 Days,Brand Y,9139186744,18,347.2601526135272
2681,Product B,Home,66,Supplier Y,34.83332338318309,4.638222143101366,90,SKU001,Warehouse B,7 Days,Brand X,9139822714,27,383.3408646891
2682,Product A,Clothing,70,Supplier Z,11.84200184347047,1.936737183477153,28,SKU002,Warehouse C,15 Days,Brand X,9111762827,98,907.3275675385377
2683,Product A,Electronics,93,Supplier Z,16.11609161351365,1.390103961187236,7,SKU001,Warehouse C,30 Days,Brand X,9208290217,75,534.8144093849621
2684,Product B,Clothing,27,Supplier Y,46.09638353151848,3.536360137447321,86,SKU001,Warehouse C,30 Days,Brand X,9870858174,91,146.3853001045345
2685,Product B,Electronics,37,Supplier Z,44.37425933536679,1.383398535074996,92,SKU001,Warehouse C,30 Days,Brand X,9791801337,89,375.365597748386
2686,Product B,Electronics,49,Supplier X,20.25732191790448,2.492594147811841,79,SKU002,Warehouse B,30 Days,Brand Z,9863925384,69,724.876471805202
2687,Product A,Clothing,64,Supplier Y,1.915361099572549,2.694309542326882,34,SKU001,Warehouse C,15 Days,Brand Z,9996664725,18,182.4423461873365
2688,Product C,Electronics,34,Supplier Y,2.42486844469691,3.190152268196933,71,SKU001,Warehouse A,7 Days,Brand X,9442241992,63,594.3288854322951
2689,Product C,Electronics,18,Supplier X,14.19591454591945,4.966638182991849,71,SKU003,Warehouse C,30 Days,Brand Z,9447632121,90,698.3213916149728
2690,Product B,Clothing,64,Supplier Z,31.45611096694997,1.883926893332723,44,SKU003,Warehouse C,30 Days,Brand X,9083984952,8,350.4150397871535
2691,Product C,Clothing,74,Supplier Z,29.20973176672809,2.503025514027648,32,SKU002,Warehouse B,15 Days,Brand X,9932047426,40,696.9418818212391
2692,Product B,Clothing,44,Supplier Z,31.69138934719713,1.528960497642632,4,SKU001,Warehouse A,30 Days,Brand Y,9229163238,49,885.3652783110255
2693,Product A,Electronics,17,Supplier Y,35.86414859660533,3.430454104132939,61,SKU001,Warehouse A,30 Days,Brand X,9799179746,9,477.3955767909085
2694,Product C,Home,59,Supplier Y,0.9516126796369206,3.910692729231334,36,SKU003,Warehouse B,7 Days,Brand Y,9001178867,73,389.0802348979878
2695,Product A,Electronics,13,Supplier Y,5.254279758622143,2.928307292943515,16,SKU002,Warehouse B,30 Days,Brand Z,9838170909,96,258.6468173447029
2696,Product C,Home,52,Supplier Y,17.97417259136063,1.983325073159884,21,SKU002,Warehouse A,30 Days,Brand X,9122922616,81,608.1634250646712
2697,Product A,Clothing,60,Supplier Y,7.742999876079088,3.483553076726991,77,SKU001,Warehouse A,7 Days,Brand Y,9785513369,53,881.0535275583288
2698,Product C,Home,42,Supplier Z,3.766002127227708,3.156630893475398,31,SKU003,Warehouse C,30 Days,Brand Y,9270995399,9,331.4146545133421
2699,Product A,Clothing,91,Supplier X,32.04821979986659,1.684742893614871,13,SKU003,Warehouse B,7 Days,Brand Z,9049264693,6,402.2731692919305
2700,Product A,Clothing,64,Supplier Z,40.76682387455495,2.622727602008521,19,SKU003,Warehouse A,15 Days,Brand Y,9171218719,31,412.559262374484
2701,Product C,Home,66,Supplier Z,37.63133287171412,2.74078836654078,21,SKU001,Warehouse A,7 Days,Brand X,9226419477,53,565.204218359742
2702,Product A,Clothing,34,Supplier Y,40.85198893045896,4.930471015085732,29,SKU001,Warehouse B,7 Days,Brand X,9212137351,69,236.1248719517642
2703,Product A,Home,95,Supplier X,33.29282720289386,4.397143328622088,53,SKU001,Warehouse B,30 Days,Brand Y,9935905857,82,823.9890437546272
2704,Product A,Clothing,87,Supplier X,36.76726609071011,3.937483153094375,32,SKU003,Warehouse A,30 Days,Brand X,9947893517,62,302.6462547291791
2705,Product C,Electronics,71,Supplier Z,13.58893871041507,4.55510810201179,4,SKU002,Warehouse B,30 Days,Brand X,9484948356,33,708.309063987715
2706,Product C,Electronics,64,Supplier X,49.65040181420822,3.94193762331486,17,SKU001,Warehouse A,30 Days,Brand Y,9078439436,42,518.0835843617565
2707,Product A,Clothing,33,Supplier Z,9.158282724694356,4.613607420502934,62,SKU001,Warehouse A,7 Days,Brand Z,9969789782,4,590.0386273192292
2708,Product A,Clothing,12,Supplier Z,10.72469371946912,1.218212459518032,45,SKU002,Warehouse C,15 Days,Brand Z,9375881339,18,187.8126514390298
2709,Product C,Home,76,Supplier Z,14.44609159079234,2.824264837067666,6,SKU002,Warehouse C,30 Days,Brand X,9396707404,53,737.6729661963889
2710,Product C,Electronics,19,Supplier Z,48.76662150532894,3.987593340967334,28,SKU003,Warehouse B,7 Days,Brand Y,9985112914,13,196.7343138522048
2711,Product A,Home,9,Supplier Y,49.41442946769531,3.333183186440054,56,SKU001,Warehouse B,15 Days,Brand X,9508753943,9,122.3389012511647
2712,Product A,Clothing,74,Supplier X,39.74468748532487,1.700664656603147,46,SKU003,Warehouse A,15 Days,Brand X,9697244706,48,551.2127048898991
2713,Product A,Clothing,17,Supplier Y,31.45287992798169,2.361968346114137,8,SKU001,Warehouse C,15 Days,Brand Y,9411252685,10,712.2041655484886
2714,Product B,Home,50,Supplier Y,26.00312875923067,2.271097500106765,58,SKU003,Warehouse B,7 Days,Brand Z,9473808707,30,59.53547807040916
2715,Product C,Clothing,39,Supplier Y,48.53104228434228,2.045387652737344,70,SKU003,Warehouse A,30 Days,Brand X,9528488345,65,78.70136179113665
2716,Product B,Electronics,41,Supplier Z,34.78114014291238,2.372542214055864,70,SKU002,Warehouse C,7 Days,Brand Z,9044859977,9,804.6523710788598
2717,Product C,Home,10,Supplier Z,47.23650641630151,3.059413153844484,42,SKU001,Warehouse A,30 Days,Brand X,9493278693,20,810.9423725122587
2718,Product C,Electronics,12,Supplier Y,15.82753997388119,4.419476099133104,58,SKU002,Warehouse C,15 Days,Brand Y,9207094181,0,252.8516698884904
2719,Product C,Electronics,79,Supplier Y,16.68873961347828,3.968130649575025,5,SKU002,Warehouse A,15 Days,Brand Y,9558933281,45,619.0759207722015
2720,Product C,Electronics,95,Supplier X,42.73622970592178,4.340998816064935,52,SKU002,Warehouse C,7 Days,Brand Z,9305743137,94,448.7482743932129
2721,Product C,Home,15,Supplier Y,7.492746029264719,4.534414978252345,63,SKU001,Warehouse A,15 Days,Brand X,9308868114,74,636.3690809894779
2722,Product C,Clothing,28,Supplier Z,47.29639306480379,2.664601824390429,90,SKU003,Warehouse A,7 Days,Brand Y,9388124418,73,864.2504912582328
2723,Product C,Electronics,4,Supplier Y,25.37371773317038,2.384105136106989,3,SKU003,Warehouse B,30 Days,Brand X,9868890227,19,89.05786033643393
2724,Product B,Electronics,36,Supplier X,46.32069392918488,1.230493526736647,0,SKU001,Warehouse C,15 Days,Brand X,9917806371,20,780.2045817285698
2725,Product A,Electronics,65,Supplier X,16.83963943629065,4.721966487505737,69,SKU001,Warehouse C,30 Days,Brand Z,9296197891,36,498.0988134758289
2726,Product A,Clothing,98,Supplier Y,35.79794520696985,1.263292071752576,30,SKU003,Warehouse B,15 Days,Brand X,9601119097,13,568.4856743243765
2727,Product B,Clothing,47,Supplier X,24.14375609863448,3.964542061481882,64,SKU003,Warehouse B,30 Days,Brand X,9711394457,57,657.392046416949
2728,Product B,Home,81,Supplier X,31.34018151227365,2.512433217862349,68,SKU002,Warehouse A,15 Days,Brand Z,9919676618,56,923.3969176378163
2729,Product B,Clothing,39,Supplier Z,25.21862465695761,4.795123097996745,18,SKU003,Warehouse C,30 Days,Brand Y,9556435074,56,66.15275401622048
2730,Product B,Home,38,Supplier X,48.35578086856807,2.678408083736516,68,SKU002,Warehouse A,15 Days,Brand X,9222949503,68,39.18158860320318
2731,Product C,Home,44,Supplier X,34.60526989069586,4.266433405418866,68,SKU003,Warehouse A,7 Days,Brand X,9523080112,69,186.4791636738858
2732,Product A,Home,51,Supplier Y,12.56594843131577,2.130619328654706,48,SKU003,Warehouse A,30 Days,Brand Y,9220470061,23,986.5832487664691
2733,Product C,Home,97,Supplier Z,45.48384609525423,2.196354868975387,30,SKU003,Warehouse B,30 Days,Brand Z,9522254273,79,717.9256037039979
2734,Product A,Home,85,Supplier X,14.70148690775522,3.382077639513737,59,SKU002,Warehouse C,7 Days,Brand Y,9056474893,59,618.4947078639569
2735,Product A,Electronics,26,Supplier Y,18.58025496504282,4.991930534829895,70,SKU002,Warehouse B,7 Days,Brand X,9515121666,22,56.56866288060042
2736,Product B,Clothing,36,Supplier Y,5.106184901010669,3.070289671916785,78,SKU003,Warehouse B,7 Days,Brand X,9144084225,46,880.3191216540351
2737,Product C,Electronics,69,Supplier Y,44.99832598980954,4.745234545573162,54,SKU002,Warehouse C,15 Days,Brand Z,9099030357,37,814.6292847641879
2738,Product B,Home,97,Supplier Y,14.30560116139315,4.144999312994911,76,SKU002,Warehouse C,7 Days,Brand Z,9539955701,79,668.1520434284141
2739,Product C,Clothing,1,Supplier Y,12.94588089656912,4.183457256708939,75,SKU002,Warehouse B,15 Days,Brand Y,9394109916,51,345.7395073298557
2740,Product A,Electronics,53,Supplier Y,46.0131298997477,2.743839956515056,82,SKU002,Warehouse B,15 Days,Brand Z,9464712096,12,79.79990601257474
2741,Product B,Electronics,6,Supplier X,40.27634312025167,2.546169000691203,76,SKU001,Warehouse B,7 Days,Brand Y,9899608675,7,584.2381030219133
2742,Product B,Home,37,Supplier Z,7.05394607596872,1.767687232363262,90,SKU002,Warehouse C,7 Days,Brand Y,9993813897,31,722.4976257462291
2743,Product A,Electronics,2,Supplier Z,38.46622519518404,4.855765067934614,37,SKU003,Warehouse C,15 Days,Brand X,9704041838,85,103.297946972475
2744,Product A,Electronics,69,Supplier Y,45.65165490268954,4.83757444977528,32,SKU002,Warehouse A,30 Days,Brand Y,9431019060,16,637.429983200511
2745,Product A,Electronics,90,Supplier Y,3.925560910537196,3.988270937240731,5,SKU003,Warehouse C,30 Days,Brand Y,9390027691,4,293.502407208287
2746,Product B,Electronics,41,Supplier Z,41.26074974522865,2.185009799410678,12,SKU002,Warehouse B,7 Days,Brand Z,9235661989,71,766.6017790076136
2747,Product C,Electronics,51,Supplier X,27.3710025936528,1.980718161369129,76,SKU003,Warehouse C,30 Days,Brand Z,9648259732,49,544.2196920958187
2748,Product B,Home,47,Supplier Y,33.45987246894003,4.954440969547852,76,SKU001,Warehouse C,15 Days,Brand X,9181454814,93,137.7464199323323
2749,Product C,Home,13,Supplier Z,24.64271694524685,1.26617126043271,19,SKU003,Warehouse C,30 Days,Brand X,9090675874,82,531.2542532559037
2750,Product B,Electronics,76,Supplier Z,34.89015424526393,4.374257168565236,99,SKU002,Warehouse B,15 Days,Brand X,9090022338,11,401.7794947330515
2751,Product B,Home,69,Supplier Y,1.704893083337661,2.421832001929899,36,SKU002,Warehouse A,7 Days,Brand Y,9753415762,88,188.5524085988354
2752,Product A,Home,66,Supplier Z,38.13533616116418,2.675478878908882,44,SKU003,Warehouse A,7 Days,Brand Z,9592929301,43,843.100566821502
2753,Product C,Clothing,59,Supplier X,1.66718489294792,4.327910594995348,72,SKU001,Warehouse B,30 Days,Brand Y,9685677075,76,20.91816401414484
2754,Product B,Electronics,68,Supplier Z,22.76499238736717,1.362412064021432,80,SKU002,Warehouse B,7 Days,Brand X,9120875875,67,319.0069941093249
2755,Product B,Home,59,Supplier Y,7.548249656514744,2.416678714081029,98,SKU002,Warehouse A,7 Days,Brand Z,9020697810,58,22.46908778773248
2756,Product A,Home,91,Supplier Y,41.17871386756536,4.808097108678292,58,SKU003,Warehouse B,15 Days,Brand Y,9275461485,9,105.0468770410912
2757,Product A,Electronics,10,Supplier Z,15.68304545878343,3.796263651085026,51,SKU003,Warehouse C,15 Days,Brand Z,9920450371,47,304.1252569813502
2758,Product C,Clothing,13,Supplier Z,22.70467723021662,4.019756659223562,17,SKU001,Warehouse C,15 Days,Brand Y,9533754719,27,63.72847353547985
2759,Product B,Electronics,2,Supplier Y,21.43753706491558,4.030021203821906,24,SKU003,Warehouse A,15 Days,Brand X,9658884103,4,600.6642270335698
2760,Product C,Clothing,90,Supplier X,38.62509828423533,1.242280332655778,78,SKU002,Warehouse C,7 Days,Brand Y,9482534194,91,95.99427890632096
2761,Product B,Electronics,15,Supplier Z,24.05721798979877,1.812830373041725,86,SKU003,Warehouse A,15 Days,Brand Y,9621512345,43,704.6964977254343
2762,Product C,Electronics,46,Supplier X,39.4479167505173,2.965053024324847,0,SKU001,Warehouse B,15 Days,Brand X,9686986802,30,62.11569150088951
2763,Product A,Electronics,57,Supplier X,3.675413840133762,2.472600929901501,40,SKU001,Warehouse A,15 Days,Brand X,9064899317,15,68.71580585308584
2764,Product B,Electronics,10,Supplier Y,9.579698395149755,2.643649172531414,17,SKU002,Warehouse A,30 Days,Brand Y,9561194432,22,312.2726400429337
2765,Product C,Clothing,22,Supplier Y,27.57671248231803,4.12578951450269,0,SKU003,Warehouse C,15 Days,Brand Y,9302950553,92,897.6058097195847
2766,Product A,Clothing,89,Supplier Y,47.35441623763475,1.058716940270941,38,SKU002,Warehouse A,7 Days,Brand Y,9485400821,20,644.9793162360834
2767,Product A,Home,79,Supplier X,3.737892336089016,3.641967705284955,73,SKU001,Warehouse A,7 Days,Brand X,9864985902,1,772.4299790096302
2768,Product C,Electronics,77,Supplier Y,2.154210807843215,1.00044092720729,30,SKU001,Warehouse A,15 Days,Brand X,9925682730,22,150.136588382335
2769,Product B,Clothing,8,Supplier Y,7.827533746392784,1.252234102304975,70,SKU003,Warehouse B,30 Days,Brand X,9620826786,79,835.7841789147734
2770,Product B,Clothing,21,Supplier X,32.05765644300783,2.633144479350496,37,SKU003,Warehouse C,30 Days,Brand Z,9601420241,10,18.0647857122928
2771,Product A,Clothing,85,Supplier X,19.94964583351236,4.363794079219286,7,SKU002,Warehouse C,30 Days,Brand Z,9620974591,72,220.9267772256761
2772,Product B,Electronics,22,Supplier X,41.27761897088431,1.579983062257842,33,SKU001,Warehouse A,30 Days,Brand X,9669787282,1,619.9313979384935
2773,Product B,Home,97,Supplier X,3.59665757406829,3.218485636514446,72,SKU002,Warehouse A,15 Days,Brand Z,9244987823,81,381.4939445081098
2774,Product B,Clothing,45,Supplier Z,9.820704340735054,3.714020907306977,88,SKU002,Warehouse B,15 Days,Brand Z,9027620175,12,984.3514578013778
2775,Product A,Electronics,91,Supplier Y,15.00132027324478,1.918131536688642,26,SKU002,Warehouse C,7 Days,Brand Y,9345222299,44,40.03585435013505
2776,Product C,Clothing,40,Supplier Z,31.33650433443926,3.049321021078332,40,SKU001,Warehouse C,7 Days,Brand Y,9768371202,71,998.6121862571778
2777,Product B,Clothing,22,Supplier X,34.25863451507736,4.645629132552769,6,SKU003,Warehouse A,30 Days,Brand Y,9802303487,9,627.3915545327029
2778,Product A,Home,30,Supplier X,6.210164698188692,3.048914101462131,31,SKU001,Warehouse B,30 Days,Brand Z,9084536588,90,563.1199246501355
2779,Product A,Clothing,62,Supplier X,47.19023544958698,1.629292247150592,72,SKU002,Warehouse B,7 Days,Brand Z,9456514970,80,68.91731813833462
2780,Product C,Clothing,73,Supplier X,17.05220675951046,3.511257186750179,80,SKU001,Warehouse A,7 Days,Brand Y,9515792115,87,280.5955878992318
2781,Product B,Electronics,45,Supplier X,35.65843815001416,3.368800720034056,98,SKU002,Warehouse A,30 Days,Brand Y,9433068838,20,925.4160614086798
2782,Product B,Electronics,35,Supplier Y,26.21038594738494,1.107819039192525,15,SKU002,Warehouse A,7 Days,Brand X,9975595833,0,360.7035431573518
2783,Product C,Home,82,Supplier Z,11.13790567735533,1.362377622990266,1,SKU003,Warehouse A,30 Days,Brand Z,9357501496,15,665.0366684625784
2784,Product C,Electronics,42,Supplier Z,42.31141615577055,1.627125420564043,42,SKU002,Warehouse A,15 Days,Brand Y,9254392599,42,999.5013869145345
2785,Product A,Electronics,5,Supplier Y,40.9119014095965,1.54515631024748,30,SKU001,Warehouse B,30 Days,Brand Y,9461957596,96,270.4390166952057
2786,Product A,Home,27,Supplier Y,19.8035926958345,2.037863082243732,79,SKU003,Warehouse B,15 Days,Brand Y,9472114294,5,580.3200702243488
2787,Product C,Clothing,70,Supplier Y,29.43037928469277,2.816421292942272,46,SKU003,Warehouse A,15 Days,Brand Z,9908388885,75,699.473414775191
2788,Product B,Home,62,Supplier Z,12.89128479679699,2.486865191595938,32,SKU003,Warehouse A,15 Days,Brand Y,9531115570,95,172.980974099761
2789,Product A,Electronics,32,Supplier Z,34.49258143731507,4.562599565618388,84,SKU003,Warehouse C,7 Days,Brand Y,9374002137,10,157.1858380592203
2790,Product A,Home,8,Supplier X,15.45134063102157,3.448437637625348,16,SKU003,Warehouse B,7 Days,Brand Y,9304724179,81,461.7448325415916
2791,Product B,Clothing,85,Supplier Z,42.20393671911174,4.504577399847372,98,SKU001,Warehouse B,30 Days,Brand Y,9779817687,65,391.9543965416965
2792,Product A,Home,18,Supplier Z,10.86925521386372,3.108157299670395,53,SKU002,Warehouse A,15 Days,Brand Y,9928219723,95,717.0732824887407
2793,Product B,Electronics,78,Supplier Y,0.740171140923207,1.35948188275736,53,SKU002,Warehouse B,30 Days,Brand X,9961967569,48,78.81368373410038
2794,Product B,Electronics,15,Supplier Z,13.42540209839592,2.853149796265739,50,SKU002,Warehouse B,15 Days,Brand Y,9802701294,19,972.4449575032835
2795,Product B,Home,26,Supplier X,9.552624322974335,4.288130187369459,51,SKU002,Warehouse B,15 Days,Brand X,9266452683,20,24.13421186897403
2796,Product C,Clothing,53,Supplier Z,25.41432198624621,1.776415068668432,6,SKU003,Warehouse C,30 Days,Brand Z,9277595301,35,605.3036560927897
2797,Product C,Home,44,Supplier Y,10.18516458282881,1.364857115010599,53,SKU002,Warehouse B,30 Days,Brand Z,9620638687,37,567.0062699087144
2798,Product C,Clothing,32,Supplier Y,38.15949353597474,2.31773895335304,92,SKU002,Warehouse A,30 Days,Brand Z,9039122302,55,143.3685735610285
2799,Product B,Clothing,28,Supplier X,12.0685319002002,2.555591322560558,10,SKU003,Warehouse B,30 Days,Brand Z,9942630704,90,159.4068228863945
2800,Product B,Home,39,Supplier X,35.34840899563279,2.225030705623618,61,SKU003,Warehouse B,7 Days,Brand Z,9509076758,10,794.7507129166805
2801,Product C,Clothing,32,Supplier Z,28.9235461506862,1.540963142498224,29,SKU003,Warehouse C,15 Days,Brand Y,9575871747,17,888.6868338285562
2802,Product A,Electronics,77,Supplier X,49.31249282359422,2.003359438886858,81,SKU002,Warehouse B,15 Days,Brand Y,9181826123,80,290.1867962249319
2803,Product B,Home,79,Supplier X,49.99504885046158,3.729129618408441,56,SKU003,Warehouse C,7 Days,Brand Z,9310128848,97,443.5843243229427
2804,Product A,Clothing,18,Supplier Y,43.47630416586649,2.543714065172656,45,SKU003,Warehouse C,15 Days,Brand Y,9005062612,44,361.44509062797
2805,Product A,Electronics,70,Supplier Y,37.99916846493755,3.530197778474223,79,SKU001,Warehouse C,7 Days,Brand X,9916488228,25,81.82154285678537
2806,Product B,Home,11,Supplier Z,19.32282070002869,3.14521511967493,69,SKU001,Warehouse B,15 Days,Brand X,9427735644,58,676.4722035556513
2807,Product B,Electronics,32,Supplier Z,37.66383635656518,3.196211759430676,65,SKU002,Warehouse A,7 Days,Brand Y,9607921285,5,826.9410054576332
2808,Product A,Electronics,20,Supplier Z,47.83377685397453,1.994198231791184,54,SKU003,Warehouse A,7 Days,Brand Z,9552935150,42,311.830563817295
2809,Product A,Electronics,97,Supplier Z,1.168878769772208,3.086172131072726,57,SKU002,Warehouse B,15 Days,Brand Z,9105314715,93,990.274035694411
2810,Product C,Clothing,40,Supplier Y,26.89573500988694,1.094378855452807,9,SKU001,Warehouse C,15 Days,Brand X,9553712263,51,85.09304170953138
2811,Product C,Home,8,Supplier Z,10.89991521942173,2.726974969299705,3,SKU001,Warehouse A,15 Days,Brand Y,9263639774,61,665.1728066763757
2812,Product B,Home,35,Supplier Z,27.89381579344252,3.29049129275966,73,SKU003,Warehouse B,30 Days,Brand X,9145513619,95,453.7457343808281
2813,Product C,Clothing,69,Supplier X,23.32235448794456,1.727982485416437,72,SKU002,Warehouse A,15 Days,Brand Y,9655313807,16,452.1358820955893
2814,Product C,Home,99,Supplier Z,28.78842907761422,2.026234024995806,61,SKU001,Warehouse B,15 Days,Brand Z,9499903739,76,463.0691598732049
2815,Product C,Electronics,78,Supplier X,27.54811107093621,1.878124079262478,42,SKU003,Warehouse C,15 Days,Brand X,9978679286,45,266.0949560634141
2816,Product C,Home,21,Supplier Y,48.0053519584281,1.282231821061697,41,SKU002,Warehouse A,30 Days,Brand Y,9724836858,40,718.4071990589101
2817,Product A,Clothing,24,Supplier Z,27.6093054467368,2.39142928456036,23,SKU003,Warehouse B,15 Days,Brand Z,9957900366,12,724.3607608241766
2818,Product B,Electronics,17,Supplier X,42.31160440624336,4.915863065807757,4,SKU003,Warehouse B,7 Days,Brand Y,9585491699,5,289.5731390047687
2819,Product C,Clothing,18,Supplier Z,15.99101434004232,2.41552162585444,98,SKU001,Warehouse A,7 Days,Brand Z,9681095997,85,836.9533962498657
2820,Product A,Electronics,98,Supplier X,21.90503443955244,2.842146487347903,67,SKU002,Warehouse B,30 Days,Brand Y,9274990028,96,323.6764942138267
2821,Product A,Electronics,12,Supplier Z,23.52067380224049,3.612349003825501,98,SKU001,Warehouse A,30 Days,Brand X,9974861678,32,727.8421927466768
2822,Product A,Home,16,Supplier Y,13.93640216676899,3.593991004676429,76,SKU002,Warehouse B,30 Days,Brand Y,9469983681,3,129.7897698369458
2823,Product C,Electronics,4,Supplier Y,18.98951307389776,4.799579920074496,95,SKU002,Warehouse A,30 Days,Brand X,9172339319,77,177.0146263757082
2824,Product C,Clothing,89,Supplier X,29.92565397333876,4.430256561596501,44,SKU003,Warehouse C,30 Days,Brand X,9008875316,49,322.6376880631686
2825,Product B,Home,34,Supplier X,29.00938816522662,4.175802748420609,58,SKU003,Warehouse A,15 Days,Brand X,9683750009,47,597.9350299911829
2826,Product C,Clothing,92,Supplier Y,31.82176722867403,4.806508903113242,64,SKU002,Warehouse B,7 Days,Brand Z,9735674579,98,649.0563706239124
2827,Product C,Electronics,46,Supplier Z,17.59089577100706,1.923061541932686,62,SKU003,Warehouse C,7 Days,Brand X,9332286235,26,402.3926102478001
2828,Product A,Clothing,75,Supplier X,15.79157475765285,3.46821677848717,74,SKU001,Warehouse C,15 Days,Brand X,9318749949,5,87.06076157940889
2829,Product B,Clothing,77,Supplier Y,30.58089413770815,4.548787066888625,89,SKU002,Warehouse A,30 Days,Brand X,9476040721,57,379.898305571797
2830,Product C,Electronics,31,Supplier X,6.643087421376248,3.496552633112407,66,SKU001,Warehouse A,15 Days,Brand Z,9179862790,62,691.87984079956
2831,Product C,Home,25,Supplier Y,12.651577176607,4.909681898427478,48,SKU003,Warehouse A,30 Days,Brand Y,9930142484,0,674.2855065190128
2832,Product A,Clothing,74,Supplier Y,2.106386847649761,1.401410855625516,76,SKU002,Warehouse C,7 Days,Brand Z,9065627176,27,168.5944490733883
2833,Product A,Electronics,24,Supplier X,3.630542629804006,2.757322011172801,31,SKU003,Warehouse C,7 Days,Brand Z,9208160166,28,17.70613056627748
2834,Product C,Home,65,Supplier X,12.16916396303044,4.909451631634544,49,SKU001,Warehouse A,30 Days,Brand Y,9607767496,95,755.4518011231556
2835,Product B,Home,25,Supplier Y,0.9764640148459514,2.518272114279703,86,SKU002,Warehouse B,15 Days,Brand Y,9248202748,27,115.3044847213913
2836,Product B,Home,28,Supplier Z,12.27052960437308,3.958225500397218,57,SKU003,Warehouse C,30 Days,Brand X,9546209131,90,91.52565252464264
2837,Product A,Clothing,36,Supplier Y,32.7488161531013,1.121611604314597,51,SKU001,Warehouse A,30 Days,Brand X,9456313737,73,12.67420466582183
2838,Product A,Clothing,82,Supplier Z,3.055353923446652,3.779348458521252,22,SKU001,Warehouse B,7 Days,Brand Y,9068745758,81,438.2753126973579
2839,Product C,Clothing,6,Supplier Z,21.83683388973205,4.738506930110313,29,SKU003,Warehouse A,30 Days,Brand Y,9359991081,67,508.2312618918062
2840,Product A,Home,66,Supplier Z,45.65543934597747,2.530825140760011,69,SKU002,Warehouse C,15 Days,Brand Z,9160774604,40,641.2874056871048
2841,Product C,Clothing,67,Supplier X,39.56424144627005,1.085199351707718,70,SKU003,Warehouse C,30 Days,Brand Z,9820469050,54,303.10320230546
2842,Product B,Electronics,72,Supplier Y,15.27187511474286,1.111639217581935,29,SKU002,Warehouse A,7 Days,Brand Z,9223762037,31,713.3204692229122
2843,Product B,Clothing,95,Supplier Y,46.24027395958235,4.568093222844356,36,SKU001,Warehouse B,15 Days,Brand Y,9225708391,68,177.6385388328721
2844,Product C,Clothing,48,Supplier Z,16.48232483738624,3.890064428385047,47,SKU001,Warehouse C,15 Days,Brand X,9789843177,21,833.6701525792439
2845,Product A,Home,83,Supplier Z,3.625774816878125,1.426745536906319,31,SKU001,Warehouse A,7 Days,Brand Z,9263748517,56,576.1298456015411
2846,Product B,Clothing,70,Supplier Z,49.70279783840568,1.218361108204786,69,SKU003,Warehouse A,7 Days,Brand Z,9084874282,21,588.0509251383279
2847,Product A,Electronics,78,Supplier Y,43.50112635945859,4.219301454461918,34,SKU003,Warehouse B,30 Days,Brand Y,9021427427,65,217.6776596413171
2848,Product B,Home,67,Supplier Z,23.29663916505462,4.239442531221436,95,SKU003,Warehouse B,7 Days,Brand Z,9559177601,40,83.36766180738437
2849,Product C,Electronics,48,Supplier Y,33.3188262096202,1.482087359168196,75,SKU001,Warehouse C,7 Days,Brand Y,9751994188,42,470.0775550498647
2850,Product C,Home,65,Supplier Y,33.56140389283351,2.206081615554547,67,SKU002,Warehouse B,7 Days,Brand X,9170621596,33,619.4558324031353
2851,Product C,Home,44,Supplier X,9.724111536523017,4.120104258295559,31,SKU003,Warehouse B,7 Days,Brand Z,9113483243,1,104.0959940750687
2852,Product B,Clothing,94,Supplier Z,10.00243165768162,3.101648283816025,58,SKU003,Warehouse C,15 Days,Brand Z,9659179725,58,951.029129782885
2853,Product A,Electronics,63,Supplier Z,23.47903516759129,4.826339442901197,34,SKU003,Warehouse A,15 Days,Brand Z,9572600221,35,980.6102166304787
2854,Product A,Home,46,Supplier Z,45.5786570068849,2.92425058138402,15,SKU001,Warehouse C,15 Days,Brand Y,9339732568,7,550.0021284385671
2855,Product A,Clothing,19,Supplier X,0.499688742928539,3.70783175026205,78,SKU002,Warehouse C,7 Days,Brand Y,9591152226,32,950.5684637206721
2856,Product B,Home,64,Supplier Z,39.12528179746796,3.039133462966337,51,SKU002,Warehouse B,30 Days,Brand X,9211727396,32,187.6507852050445
2857,Product B,Home,83,Supplier Y,2.876339185732707,4.771861982740183,65,SKU002,Warehouse B,30 Days,Brand Y,9613636469,67,35.16647832772965
2858,Product B,Home,73,Supplier Z,23.91110574415589,2.594636368270435,5,SKU003,Warehouse A,30 Days,Brand Z,9494329222,17,49.01543993748603
2859,Product B,Home,71,Supplier Y,31.89364165367382,1.9191858207144,13,SKU003,Warehouse B,30 Days,Brand Z,9206536113,63,591.6373546325113
2860,Product B,Home,50,Supplier Y,34.33796335412324,2.306535441123973,28,SKU002,Warehouse A,15 Days,Brand Y,9228738533,60,71.02546460245529
2861,Product A,Home,63,Supplier Y,2.923963180795569,4.411100816660917,25,SKU001,Warehouse A,30 Days,Brand X,9311637905,82,958.9601507558461
2862,Product B,Clothing,41,Supplier Y,20.93018086919841,2.991754254048534,17,SKU002,Warehouse A,15 Days,Brand Y,9167475591,9,150.5138786518046
2863,Product B,Home,7,Supplier Z,29.19186302511623,2.417009214008956,3,SKU003,Warehouse C,30 Days,Brand Y,9667280070,49,311.6755779924488
2864,Product A,Electronics,9,Supplier X,3.302276865300346,3.177040087237931,56,SKU002,Warehouse B,30 Days,Brand Z,9080774113,93,824.292623978365
2865,Product B,Clothing,4,Supplier X,6.754727829765489,1.532918829107369,52,SKU002,Warehouse B,15 Days,Brand Z,9872527203,21,226.5529198730522
2866,Product A,Electronics,89,Supplier Y,33.18244947520193,1.021437218502384,24,SKU002,Warehouse A,15 Days,Brand Z,9882278454,38,250.5387738700249
2867,Product A,Home,49,Supplier Z,26.08190982953258,2.122338734773963,46,SKU001,Warehouse B,30 Days,Brand Y,9244710319,64,645.885866233108
2868,Product C,Electronics,76,Supplier X,8.091433063414527,3.420022879134169,51,SKU003,Warehouse A,7 Days,Brand Y,9035281481,29,283.3252276043697
2869,Product C,Home,6,Supplier Z,26.76196684573667,3.846723078645549,92,SKU003,Warehouse B,30 Days,Brand X,9436283705,4,225.2731576676233
2870,Product C,Home,82,Supplier X,45.63461867222079,4.306443865407866,33,SKU002,Warehouse C,30 Days,Brand Z,9850381927,25,261.635937162601
2871,Product C,Clothing,21,Supplier Y,0.7793792387681964,4.706654237577879,15,SKU003,Warehouse B,30 Days,Brand X,9515282959,62,495.7410243473196
2872,Product B,Clothing,15,Supplier Y,32.13168867429273,2.648449387859072,93,SKU001,Warehouse A,15 Days,Brand Z,9423695768,45,966.4388740041672
2873,Product C,Home,67,Supplier Y,3.682521730267097,3.962067198229819,86,SKU002,Warehouse C,30 Days,Brand X,9811587612,30,833.915562145616
2874,Product A,Clothing,66,Supplier X,0.3224721482350423,1.29869172079225,35,SKU001,Warehouse B,7 Days,Brand Z,9325673735,40,291.7641619145754
2875,Product B,Electronics,56,Supplier Z,7.53272443303169,1.23011999508832,27,SKU002,Warehouse C,30 Days,Brand Y,9228956115,11,369.7394764131167
2876,Product C,Clothing,68,Supplier Y,21.14533159269596,1.499191967944626,64,SKU002,Warehouse A,7 Days,Brand Z,9115335523,16,469.8671279990367
2877,Product A,Clothing,32,Supplier Z,40.11719994909765,2.79427639132305,71,SKU002,Warehouse A,7 Days,Brand X,9852700538,17,979.1403505468205
2878,Product B,Electronics,66,Supplier Z,14.08927483022793,1.845125753995,52,SKU001,Warehouse B,7 Days,Brand X,9329837238,65,180.6665636523585
2879,Product B,Clothing,29,Supplier Y,31.28366061943793,2.147699767751263,41,SKU003,Warehouse A,30 Days,Brand Z,9023511603,87,363.908272456964
2880,Product C,Home,66,Supplier X,20.55783189776533,3.591520694049211,78,SKU003,Warehouse B,15 Days,Brand Y,9510179838,91,732.1318330428878
2881,Product B,Electronics,34,Supplier Y,11.7165895983004,2.434088715211384,97,SKU003,Warehouse A,15 Days,Brand Z,9104155482,38,964.3042969262539
2882,Product A,Home,27,Supplier Y,25.71235571414293,3.229486230872089,18,SKU003,Warehouse A,30 Days,Brand Y,9994413388,73,164.1184606365953
2883,Product B,Electronics,60,Supplier X,39.87322451863116,2.649615026946369,43,SKU001,Warehouse A,30 Days,Brand Z,9494564249,32,235.1061546524023
2884,Product A,Home,39,Supplier Z,41.62461850280721,1.675877022079278,29,SKU003,Warehouse B,7 Days,Brand Y,9483376745,87,233.4377276465259
2885,Product B,Home,44,Supplier X,42.32597659386184,1.296079961023576,73,SKU003,Warehouse B,30 Days,Brand Z,9851428854,74,30.72270919715278
2886,Product C,Clothing,82,Supplier X,16.92789062774897,1.944925981239551,43,SKU002,Warehouse B,15 Days,Brand Z,9313823256,7,608.07446873114
2887,Product A,Home,36,Supplier Y,39.67280323578765,1.230801877964177,26,SKU001,Warehouse B,30 Days,Brand Y,9719278171,90,673.9960434044349
2888,Product B,Clothing,19,Supplier X,10.60892275544539,3.474447839559228,83,SKU002,Warehouse A,30 Days,Brand Y,9445131080,25,606.5006312240008
2889,Product B,Electronics,91,Supplier X,36.92125506214416,4.182870405864401,88,SKU003,Warehouse C,30 Days,Brand Z,9289396600,75,80.6097595186862
2890,Product B,Home,45,Supplier X,47.41922131363084,2.358963072949603,72,SKU002,Warehouse B,7 Days,Brand X,9422798873,34,78.53782448817539
2891,Product A,Home,84,Supplier Z,0.6871917345478595,2.548444221409433,33,SKU003,Warehouse A,30 Days,Brand Y,9946473931,56,218.2826889491828
2892,Product A,Electronics,21,Supplier Z,22.0181965589399,4.264764251037226,84,SKU002,Warehouse A,30 Days,Brand X,9507744857,78,297.3915705419255
2893,Product A,Electronics,23,Supplier Y,32.38854942070023,1.890451649494241,23,SKU001,Warehouse B,30 Days,Brand X,9284661422,20,788.678219350947
2894,Product C,Home,94,Supplier Y,35.08878852437765,1.476641060779497,55,SKU002,Warehouse B,15 Days,Brand X,9104149333,36,167.7963630914319
2895,Product C,Electronics,89,Supplier Z,8.80438791346011,3.004472469324346,6,SKU002,Warehouse A,7 Days,Brand X,9801377152,93,53.65129423355681
2896,Product A,Clothing,95,Supplier X,48.60916376192964,3.584760678132949,67,SKU002,Warehouse B,7 Days,Brand Z,9925283775,4,400.0476326359246
2897,Product B,Electronics,27,Supplier Y,30.76326839854865,3.398617700185917,50,SKU002,Warehouse B,15 Days,Brand Y,9630020491,16,422.2282484405011
2898,Product C,Electronics,98,Supplier Y,8.21703006141339,3.855492181096723,7,SKU003,Warehouse C,7 Days,Brand Z,9563896861,89,456.3982648070647
2899,Product A,Home,72,Supplier X,1.026125585625765,1.227004728692096,55,SKU002,Warehouse C,15 Days,Brand Z,9257092109,97,828.6345085866989
2900,Product B,Clothing,19,Supplier X,39.16320993948879,2.712806451033491,76,SKU001,Warehouse B,7 Days,Brand Z,9023453173,96,107.0253607222323
2901,Product C,Electronics,41,Supplier X,3.985236972272954,1.954282095782772,57,SKU002,Warehouse C,7 Days,Brand Z,9578286998,81,706.9026615977425
2902,Product B,Clothing,26,Supplier X,7.052546053511827,4.036485038184097,84,SKU001,Warehouse C,7 Days,Brand Z,9583795841,24,344.5661153348379
2903,Product B,Clothing,28,Supplier X,28.74150134278453,4.490921936241398,98,SKU002,Warehouse B,30 Days,Brand Y,9887848066,60,316.8803350711153
2904,Product B,Clothing,64,Supplier Z,30.17527517248099,2.12534296322566,68,SKU003,Warehouse A,7 Days,Brand Z,9985476613,93,933.2176948251201
2905,Product B,Home,68,Supplier X,34.34435592961992,1.380872316277633,7,SKU001,Warehouse A,30 Days,Brand Z,9570992338,36,255.9838391725746
2906,Product C,Electronics,95,Supplier Y,19.67570063318104,2.013711847965587,65,SKU001,Warehouse A,30 Days,Brand Z,9986268820,83,646.1065169859727
2907,Product C,Home,80,Supplier Z,38.69493344834115,1.416033956235679,23,SKU002,Warehouse A,30 Days,Brand X,9272824300,65,282.3764798023312
2908,Product C,Electronics,51,Supplier Y,48.71792998079443,2.289688664453815,41,SKU003,Warehouse C,15 Days,Brand Z,9195093779,12,512.0724438139813
2909,Product A,Electronics,74,Supplier X,13.55474715399415,3.152794313287303,53,SKU003,Warehouse C,7 Days,Brand Y,9646074004,39,788.4299636703151
2910,Product C,Home,48,Supplier Y,35.1514308268973,4.894723817592826,15,SKU001,Warehouse B,7 Days,Brand Y,9813571623,41,882.905298281098
2911,Product B,Clothing,10,Supplier X,46.42343261975784,2.597481017405434,3,SKU002,Warehouse B,7 Days,Brand Y,9178225150,83,840.3102678920998
2912,Product C,Clothing,73,Supplier Y,34.31433813085214,1.880159695418484,58,SKU003,Warehouse A,30 Days,Brand X,9781225155,69,586.3589287831934
2913,Product B,Electronics,39,Supplier Y,34.05547493221297,1.66720696148334,93,SKU003,Warehouse A,7 Days,Brand Y,9860967320,74,256.3281521848399
2914,Product A,Home,19,Supplier X,11.18862845426033,1.692159064554704,45,SKU003,Warehouse B,30 Days,Brand X,9719614834,24,664.6210494292471
2915,Product B,Clothing,64,Supplier Y,26.75651001598465,1.770390733045837,93,SKU002,Warehouse B,30 Days,Brand Y,9569868358,41,712.8059953218119
2916,Product B,Clothing,19,Supplier Z,28.12614218022901,4.049068090149788,98,SKU002,Warehouse A,30 Days,Brand X,9164627654,9,20.5850702123664
2917,Product B,Electronics,76,Supplier Y,35.00647812279764,1.24411084572968,12,SKU001,Warehouse C,30 Days,Brand Y,9713167392,94,444.8184058225558
2918,Product A,Electronics,62,Supplier Z,49.84107249480913,4.989610827772136,36,SKU002,Warehouse C,7 Days,Brand Z,9126751538,42,844.8294223935467
2919,Product C,Home,13,Supplier Z,1.682191127188104,3.090745564665045,53,SKU003,Warehouse C,30 Days,Brand Y,9744669785,67,494.6917202806169
2920,Product C,Electronics,25,Supplier Y,3.261633063374342,3.177087577203303,48,SKU001,Warehouse C,15 Days,Brand Y,9406177232,88,318.2616877416879
2921,Product A,Clothing,89,Supplier Z,3.897503471545938,2.430255514798419,74,SKU002,Warehouse C,15 Days,Brand Y,9976697287,27,873.0797933144161
2922,Product B,Clothing,92,Supplier Z,37.14895672444784,3.761021437648482,57,SKU003,Warehouse B,15 Days,Brand Z,9799960153,23,164.3218905545077
2923,Product C,Clothing,42,Supplier Y,6.817689755537875,2.885825363523191,18,SKU003,Warehouse B,30 Days,Brand X,9111055732,98,214.3807800920384
2924,Product A,Clothing,39,Supplier X,31.12259372451726,2.316245139858199,17,SKU001,Warehouse A,7 Days,Brand X,9425208654,40,690.498643266772
2925,Product C,Home,30,Supplier X,16.23344389467292,2.060553614832171,59,SKU001,Warehouse B,7 Days,Brand Z,9391399187,60,358.9115821113093
2926,Product A,Home,5,Supplier Z,22.86599781053555,4.702604827733039,16,SKU002,Warehouse B,30 Days,Brand Z,9989248274,4,715.8866673764411
2927,Product B,Electronics,81,Supplier Z,10.78315799087069,2.163958060209681,10,SKU002,Warehouse B,30 Days,Brand X,9270243526,96,166.126585046897
2928,Product C,Electronics,18,Supplier X,43.30532806522711,2.745573037719368,14,SKU001,Warehouse B,30 Days,Brand X,9891089847,10,259.7463987048375
2929,Product A,Electronics,21,Supplier Z,29.30751620815132,2.401365608465873,71,SKU001,Warehouse A,15 Days,Brand X,9778966583,7,165.0809045799972
2930,Product C,Home,86,Supplier X,47.22816317911263,1.344715309712144,92,SKU003,Warehouse B,30 Days,Brand X,9303572716,20,953.3812104278745
2931,Product C,Clothing,50,Supplier Y,28.72981248521648,1.743737577929068,16,SKU002,Warehouse B,30 Days,Brand X,9818102272,95,411.3499212424149
2932,Product C,Electronics,6,Supplier Z,6.195401529847333,1.758007901305528,89,SKU003,Warehouse A,7 Days,Brand Z,9560379046,63,343.8477108111237
2933,Product C,Clothing,50,Supplier Y,8.543521691923772,3.774598057558619,4,SKU001,Warehouse B,7 Days,Brand X,9362467876,4,24.06013460905706
2934,Product A,Electronics,80,Supplier X,49.45369881839236,2.626341639863237,60,SKU001,Warehouse A,15 Days,Brand X,9775329553,33,161.8834036167785
2935,Product B,Electronics,66,Supplier X,36.27825986654339,4.127870252282634,3,SKU001,Warehouse C,15 Days,Brand Y,9904442823,8,426.9244976800745
2936,Product A,Electronics,1,Supplier Y,2.463937501454483,3.835803697336628,55,SKU002,Warehouse C,15 Days,Brand Z,9296843854,37,77.81776464617512
2937,Product A,Electronics,57,Supplier Z,35.18905025173324,1.768199065584151,87,SKU001,Warehouse B,15 Days,Brand Z,9756946161,42,515.6319362111548
2938,Product A,Electronics,30,Supplier Y,20.60865234048058,3.251667680480403,74,SKU001,Warehouse B,30 Days,Brand X,9058010875,95,460.4652840798033
2939,Product B,Clothing,58,Supplier Y,15.36041934115953,3.971635384195211,93,SKU002,Warehouse B,30 Days,Brand Y,9100504420,9,769.4964589409085
2940,Product C,Electronics,52,Supplier Z,7.703039686526713,3.532171693902892,47,SKU001,Warehouse B,15 Days,Brand Y,9823245845,11,663.2046743863134
2941,Product C,Clothing,37,Supplier X,41.99519772782828,3.400066032351924,47,SKU002,Warehouse C,15 Days,Brand X,9725694218,98,451.487832267368
2942,Product C,Home,48,Supplier Y,3.192068949455034,3.958443549603072,34,SKU001,Warehouse C,7 Days,Brand Y,9375728857,17,232.4140931040207
2943,Product B,Electronics,87,Supplier Y,14.49177311898202,1.227122957025228,32,SKU002,Warehouse B,7 Days,Brand X,9645993543,86,729.5949303576283
2944,Product C,Clothing,1,Supplier X,15.31914469128522,3.925687789445731,99,SKU002,Warehouse A,7 Days,Brand Z,9430728076,11,710.7834824196622
2945,Product B,Home,19,Supplier Y,8.045264198175017,2.090621052613713,20,SKU002,Warehouse A,15 Days,Brand Y,9886507394,30,161.7631989102335
2946,Product C,Home,46,Supplier X,25.40924416434351,3.287489018037416,4,SKU002,Warehouse C,7 Days,Brand X,9364939202,10,915.6043131111487
2947,Product C,Home,67,Supplier Z,0.5851313405446312,1.96921997878603,63,SKU003,Warehouse A,15 Days,Brand X,9296607366,97,73.76106485489274
2948,Product A,Clothing,2,Supplier X,15.04877577052046,4.35527028882735,68,SKU002,Warehouse B,30 Days,Brand X,9646936258,26,64.48733180378903
2949,Product B,Electronics,56,Supplier X,46.6814722016532,2.922237417203024,20,SKU002,Warehouse B,15 Days,Brand Z,9269438922,20,195.4769134858027
2950,Product A,Electronics,17,Supplier Y,15.52647846710028,3.571764848099934,88,SKU002,Warehouse B,30 Days,Brand Y,9614100537,73,910.3661900682835
2951,Product A,Clothing,92,Supplier X,18.02296935533758,4.176328173906912,73,SKU002,Warehouse B,30 Days,Brand Z,9203217691,12,524.7981427965526
2952,Product A,Electronics,82,Supplier X,23.65825241170358,4.581261020285457,82,SKU001,Warehouse B,15 Days,Brand Z,9918422004,44,790.0615114661712
2953,Product B,Clothing,97,Supplier Y,28.08466874257374,3.928248388277364,31,SKU001,Warehouse A,7 Days,Brand Y,9248461289,46,235.5647561957356
2954,Product B,Electronics,79,Supplier X,40.4354322410372,1.595074304761623,17,SKU002,Warehouse A,15 Days,Brand Z,9270575390,24,495.3197549072034
2955,Product C,Home,22,Supplier Y,9.51606115780088,4.418129478343146,57,SKU002,Warehouse C,7 Days,Brand X,9875783475,76,364.7065689876434
2956,Product A,Electronics,27,Supplier Z,43.58731885962786,3.474311663462025,97,SKU003,Warehouse C,30 Days,Brand Y,9794865914,63,829.5503209955307
2957,Product C,Clothing,55,Supplier X,37.87746785719447,3.437799033521094,78,SKU002,Warehouse A,30 Days,Brand Z,9060124040,69,32.37839496563436
2958,Product A,Clothing,32,Supplier Z,36.13251673307776,4.685362239219686,23,SKU002,Warehouse A,30 Days,Brand Y,9481535578,98,251.4043026664443
2959,Product B,Home,60,Supplier X,4.340228685731762,1.995326222663532,4,SKU002,Warehouse C,30 Days,Brand Z,9948585675,27,161.048482059355
2960,Product B,Clothing,83,Supplier X,1.082034498729234,1.958350473976133,52,SKU001,Warehouse B,15 Days,Brand X,9062130183,19,860.5971483343537
2961,Product B,Electronics,28,Supplier Z,29.7006350454042,3.052774218779847,95,SKU002,Warehouse C,30 Days,Brand Z,9108988523,83,472.868411196828
2962,Product A,Electronics,28,Supplier Z,43.15669812615806,4.00345226613946,72,SKU002,Warehouse C,7 Days,Brand Y,9511882984,40,410.177843454284
2963,Product B,Home,74,Supplier Y,29.22207320703179,2.788962832914037,54,SKU003,Warehouse A,7 Days,Brand Z,9455485269,3,454.987934480069
2964,Product A,Clothing,84,Supplier Y,10.66174327227654,3.535565559569609,4,SKU001,Warehouse C,30 Days,Brand X,9830013201,83,972.2053051953118
2965,Product C,Home,25,Supplier Z,4.525994897460661,2.810098896890875,68,SKU003,Warehouse C,15 Days,Brand X,9453459575,68,851.7647203925649
2966,Product A,Electronics,85,Supplier X,34.97982264088675,3.441548721947875,40,SKU002,Warehouse A,30 Days,Brand X,9550301661,85,709.3050841318045
2967,Product C,Home,78,Supplier Y,36.08851386589048,4.289049210454845,97,SKU003,Warehouse B,30 Days,Brand Z,9650423088,23,297.5741696310221
2968,Product A,Clothing,86,Supplier X,8.626585034355433,1.721906784363693,6,SKU002,Warehouse B,7 Days,Brand Y,9032606730,16,173.5212695232633
2969,Product C,Home,26,Supplier Y,1.409515774826814,3.781514136023936,89,SKU002,Warehouse B,15 Days,Brand Z,9115713396,4,922.2192927342088
2970,Product B,Clothing,75,Supplier Y,20.41417566115985,4.149702957352734,0,SKU001,Warehouse A,15 Days,Brand Z,9584765825,56,428.844767568518
2971,Product C,Clothing,71,Supplier Y,29.13593510665111,2.78844562992713,51,SKU003,Warehouse C,7 Days,Brand Z,9592803740,25,285.9682414739429
2972,Product B,Electronics,17,Supplier Z,35.30012047835956,2.292934308271417,97,SKU002,Warehouse B,7 Days,Brand Y,9557248694,99,476.2116181534591
2973,Product B,Electronics,82,Supplier X,40.49725045764514,1.054177295697608,25,SKU003,Warehouse C,7 Days,Brand X,9136387892,71,918.6689485921486
2974,Product C,Electronics,7,Supplier Z,30.52687136533662,4.188420089336374,95,SKU001,Warehouse A,15 Days,Brand X,9287771545,72,393.1966402573802
2975,Product A,Clothing,56,Supplier Y,5.544030429924252,2.311754636143952,62,SKU002,Warehouse B,7 Days,Brand X,9212808882,16,567.0145872756185
2976,Product A,Home,64,Supplier Z,34.12908360712074,2.429237877632201,11,SKU001,Warehouse B,7 Days,Brand Y,9011591373,55,804.9366380974811
2977,Product A,Clothing,20,Supplier Z,49.2088321447441,2.344024652395249,69,SKU003,Warehouse C,7 Days,Brand Z,9273699830,7,432.8612057379073
2978,Product A,Electronics,38,Supplier Z,45.2792292298702,2.994957323249352,83,SKU003,Warehouse B,30 Days,Brand Z,9873135330,63,241.2063839071046
2979,Product A,Electronics,75,Supplier X,43.58344546347563,3.809998292876308,18,SKU003,Warehouse A,15 Days,Brand Z,9691441157,68,994.5804908992031
2980,Product B,Home,58,Supplier Z,15.10850766791704,4.087452524002043,79,SKU002,Warehouse C,15 Days,Brand Y,9627156835,9,957.005148877638
2981,Product A,Electronics,16,Supplier Z,37.53940882270003,2.570282881612633,3,SKU002,Warehouse C,30 Days,Brand Z,9243471371,49,845.0443774342589
2982,Product B,Electronics,51,Supplier Z,42.55517229825728,3.652408140180676,95,SKU002,Warehouse B,15 Days,Brand Y,9967703969,54,691.4901405920633
2983,Product B,Electronics,27,Supplier Z,33.91631023156316,3.882737001085261,81,SKU001,Warehouse B,7 Days,Brand X,9748789112,13,301.916971789
2984,Product B,Home,51,Supplier Z,12.52808782839903,2.187669326709526,4,SKU003,Warehouse B,30 Days,Brand X,9676669637,90,914.2788087823917
2985,Product C,Clothing,75,Supplier Z,47.69169859374792,1.386485878148373,53,SKU003,Warehouse B,7 Days,Brand Y,9231280254,26,282.8011034200165
2986,Product C,Electronics,16,Supplier Z,22.54097057293379,4.57866288257785,69,SKU003,Warehouse C,7 Days,Brand X,9819901887,4,802.8013997300642
2987,Product B,Home,87,Supplier Y,6.49027793329397,3.708463887126372,56,SKU001,Warehouse C,7 Days,Brand Y,9750903332,78,919.0755862618932
2988,Product C,Electronics,60,Supplier Z,5.4888947528696,3.592441635505166,77,SKU002,Warehouse B,7 Days,Brand Z,9948341628,27,606.9738020256124
2989,Product A,Home,76,Supplier Z,32.37594936495229,1.235610060847912,51,SKU001,Warehouse C,15 Days,Brand X,9820969892,4,805.025655712267
2990,Product A,Electronics,40,Supplier X,21.88548232083696,4.271492230015706,17,SKU003,Warehouse A,30 Days,Brand X,9853576711,85,793.7781482097291
2991,Product B,Home,67,Supplier Y,4.72419375894818,3.264216624344213,63,SKU003,Warehouse C,30 Days,Brand Z,9575879332,11,201.2261736097701
2992,Product A,Electronics,2,Supplier Z,37.01822860780473,4.391537669270265,9,SKU001,Warehouse A,7 Days,Brand Z,9939716727,7,671.2452288601238
2993,Product B,Clothing,48,Supplier X,39.96625836293099,4.898244734947045,22,SKU002,Warehouse A,30 Days,Brand Y,9930009831,58,102.5332575353991
2994,Product B,Electronics,52,Supplier Z,36.27078153932256,4.828401283520968,81,SKU002,Warehouse A,30 Days,Brand X,9261222112,64,512.7716417061065
2995,Product A,Home,24,Supplier Z,10.11304388420065,4.42435738556083,67,SKU003,Warehouse B,7 Days,Brand Z,9357271923,98,170.6131926591717
2996,Product C,Electronics,93,Supplier Z,34.48877279980347,1.043789495325476,51,SKU001,Warehouse C,7 Days,Brand X,9784451816,59,422.1860038084674
2997,Product A,Clothing,98,Supplier Z,0.5361401447192549,4.542908832947826,95,SKU002,Warehouse A,15 Days,Brand X,9125236653,79,834.6522539514533
2998,Product A,Electronics,84,Supplier Z,15.25560698392046,1.300249255310582,46,SKU001,Warehouse B,15 Days,Brand X,9322357534,54,987.2961612339024
2999,Product B,Home,82,Supplier X,19.94107657037719,4.404775880707069,69,SKU003,Warehouse C,7 Days,Brand X,9218194657,93,324.7802333430216
3000,Product B,Home,78,Supplier Z,41.76234744427508,2.120696274446495,25,SKU003,Warehouse C,15 Days,Brand Y,9622724490,42,536.6361417953449
3001,Product B,Clothing,82,Supplier X,19.51971865347021,3.44027335413347,69,SKU003,Warehouse B,15 Days,Brand Z,9824391075,40,516.1850441267836
3002,Product B,Home,2,Supplier Z,0.5634723094699146,1.152272924599519,98,SKU003,Warehouse C,30 Days,Brand X,9491884995,9,954.8574947327553
3003,Product C,Electronics,65,Supplier X,17.61732059140047,4.084726784472912,42,SKU002,Warehouse B,7 Days,Brand Z,9705665680,97,483.7978951084458
3004,Product C,Electronics,20,Supplier Y,24.94620491796436,1.446824488931886,68,SKU003,Warehouse B,30 Days,Brand Z,9617547769,74,702.1151433457009
3005,Product C,Electronics,34,Supplier Z,47.45023933363867,2.642752686703087,62,SKU002,Warehouse B,30 Days,Brand Y,9331147001,83,922.5713407774408
3006,Product B,Home,41,Supplier Y,47.05171518947724,4.269784009301206,77,SKU002,Warehouse C,7 Days,Brand Y,9140064015,6,379.6447739414717
3007,Product B,Electronics,41,Supplier Y,9.043701911070578,3.781395986033341,65,SKU001,Warehouse B,30 Days,Brand X,9401798429,20,903.1010158629338
3008,Product B,Electronics,75,Supplier Y,9.257327086972577,1.024170787432268,62,SKU003,Warehouse B,15 Days,Brand X,9385573926,74,918.2816596721034
3009,Product C,Electronics,91,Supplier Z,8.169072823227525,2.612129338170195,12,SKU002,Warehouse C,15 Days,Brand Y,9642479659,86,931.3558789274593
3010,Product B,Clothing,23,Supplier Y,39.44609662070516,1.167710067858032,50,SKU001,Warehouse A,15 Days,Brand Z,9863391216,43,277.7417236167121
3011,Product A,Home,38,Supplier X,0.3011020184203184,3.693999443273877,4,SKU001,Warehouse B,15 Days,Brand Z,9622703556,94,406.3520383272589
3012,Product A,Home,44,Supplier Z,6.358859909593867,4.875793967013285,46,SKU003,Warehouse B,15 Days,Brand Y,9513783271,81,871.6919491434448
3013,Product B,Home,67,Supplier Y,26.89798158220495,3.621045049203037,35,SKU003,Warehouse A,30 Days,Brand X,9627736947,87,365.5702060376146
3014,Product A,Clothing,62,Supplier Z,12.37810334433828,1.897489724470223,35,SKU001,Warehouse C,7 Days,Brand X,9906209828,85,604.25050260417
3015,Product A,Home,12,Supplier Y,4.617822911963104,2.42093212826616,49,SKU002,Warehouse C,30 Days,Brand X,9245343210,36,126.8739621874514
3016,Product C,Clothing,30,Supplier X,17.99390061669171,4.906602222633871,55,SKU003,Warehouse C,30 Days,Brand Y,9192716185,43,65.71223823012835
3017,Product B,Clothing,95,Supplier Z,13.71038025301224,1.8962096481294,18,SKU001,Warehouse B,15 Days,Brand Y,9000578815,64,417.8740495972509
3018,Product B,Home,87,Supplier Z,25.55521532571423,3.246116292217771,19,SKU001,Warehouse A,15 Days,Brand Z,9152226267,5,583.1273672667903
3019,Product C,Electronics,65,Supplier Y,48.96167969150979,2.601815234726979,21,SKU002,Warehouse C,30 Days,Brand Y,9468408530,37,398.7721222253519
3020,Product A,Electronics,41,Supplier X,6.215231840745922,4.073261191712886,30,SKU002,Warehouse A,30 Days,Brand X,9795726228,92,581.9584124592336
3021,Product A,Home,20,Supplier Z,18.63633524170471,4.469557087919549,61,SKU001,Warehouse C,7 Days,Brand Z,9424000091,42,519.9335324100672
3022,Product B,Home,6,Supplier Y,46.59925089362373,2.363349097401187,43,SKU002,Warehouse B,7 Days,Brand X,9399119890,56,688.8501569932151
3023,Product A,Clothing,75,Supplier X,43.84365217469113,3.64158545479753,67,SKU003,Warehouse C,7 Days,Brand X,9841661027,74,653.0371067547359
3024,Product C,Home,99,Supplier X,19.71355173921403,3.196190790070909,66,SKU001,Warehouse A,7 Days,Brand Z,9230950282,79,430.0032461745143
3025,Product C,Clothing,4,Supplier X,34.94766322598682,2.113777960221733,88,SKU002,Warehouse A,7 Days,Brand X,9501808786,69,430.7452880156646
3026,Product B,Home,93,Supplier X,4.392850679067278,2.087763211252007,48,SKU002,Warehouse A,15 Days,Brand Z,9623063620,64,149.3705566121097
3027,Product C,Electronics,10,Supplier Z,35.62705277718076,3.154526590129216,58,SKU002,Warehouse B,7 Days,Brand X,9262835329,54,518.1061863754946
3028,Product C,Electronics,51,Supplier Z,48.64288647423707,1.616011494129199,3,SKU002,Warehouse C,30 Days,Brand X,9991156248,34,591.3073368543397
3029,Product B,Home,93,Supplier X,26.87440764170958,4.243239585929886,38,SKU001,Warehouse B,15 Days,Brand Z,9579887730,23,481.724503380288
3030,Product C,Clothing,38,Supplier Y,24.92451135172071,1.276019356801608,6,SKU002,Warehouse B,30 Days,Brand X,9024984665,37,332.450261736129
3031,Product C,Electronics,1,Supplier Y,9.365930985095517,1.378297944833265,70,SKU003,Warehouse A,15 Days,Brand X,9728745757,2,724.4320588092185
3032,Product C,Clothing,8,Supplier X,31.68940994536459,2.36890523570907,48,SKU003,Warehouse A,15 Days,Brand Z,9978892048,50,83.91502819877182
3033,Product A,Home,81,Supplier X,29.52186403894574,1.472367032788533,88,SKU001,Warehouse B,7 Days,Brand Z,9725463380,60,915.2959660565068
3034,Product B,Home,83,Supplier Y,32.59665297378753,2.90280008502197,14,SKU001,Warehouse B,30 Days,Brand Z,9610013395,39,30.43700515033535
3035,Product B,Electronics,63,Supplier X,1.304164334236091,2.598703561767481,6,SKU003,Warehouse C,7 Days,Brand Y,9491473809,53,962.7266321038951
3036,Product B,Home,33,Supplier X,27.43617441745368,3.887239183542868,46,SKU003,Warehouse A,30 Days,Brand X,9009668206,65,467.7320449253158
3037,Product A,Electronics,15,Supplier Z,29.74674217486865,4.812016620838881,67,SKU001,Warehouse A,30 Days,Brand Z,9263514063,59,418.5432445635058
3038,Product A,Clothing,31,Supplier Z,10.37650677064011,4.014234338956504,97,SKU003,Warehouse A,7 Days,Brand X,9035609947,14,263.8795772885562
3039,Product B,Electronics,21,Supplier X,10.4166428744268,1.717794651522417,44,SKU003,Warehouse C,7 Days,Brand Z,9227101259,85,19.97042348396034
3040,Product A,Electronics,3,Supplier X,13.81090842554749,4.742085141857612,18,SKU001,Warehouse C,15 Days,Brand X,9822675751,45,282.0423617775818
3041,Product B,Clothing,66,Supplier Z,35.58607958636188,2.568533730212269,46,SKU001,Warehouse A,15 Days,Brand X,9051060728,54,118.3059262057306
3042,Product A,Electronics,35,Supplier X,30.31330317661858,2.896757443707652,52,SKU002,Warehouse A,15 Days,Brand Z,9913823109,3,663.2226342664608
3043,Product C,Electronics,41,Supplier Z,42.28813230589023,2.686304949482542,26,SKU002,Warehouse B,30 Days,Brand Z,9519433303,23,325.884222597519
3044,Product C,Home,59,Supplier Z,14.78292859215491,2.122188093150876,4,SKU003,Warehouse B,7 Days,Brand Y,9518579185,82,769.5075351196249
3045,Product B,Clothing,16,Supplier Y,45.60340299441592,4.580177151189936,59,SKU001,Warehouse C,15 Days,Brand Z,9784988586,93,214.8470254726558
3046,Product A,Electronics,56,Supplier Z,37.18530809916792,2.328955463586464,76,SKU002,Warehouse A,7 Days,Brand Z,9244104133,85,901.2325088577884
3047,Product A,Clothing,45,Supplier Y,19.75058350068485,3.314385878718185,61,SKU003,Warehouse B,15 Days,Brand Z,9540398480,39,527.7516999547743
3048,Product C,Clothing,59,Supplier Y,4.763103281272796,1.960134337497321,58,SKU003,Warehouse B,15 Days,Brand Y,9936066217,26,123.3611345042916
3049,Product C,Electronics,50,Supplier Z,12.84918312437413,4.189501499080722,60,SKU003,Warehouse A,7 Days,Brand X,9765316242,78,406.8367832969442
3050,Product A,Home,85,Supplier X,47.83841086074251,4.096794638116746,55,SKU003,Warehouse A,15 Days,Brand Y,9021780334,51,214.692918829064
3051,Product A,Clothing,12,Supplier Z,15.51816879420397,2.185248553788176,77,SKU001,Warehouse B,7 Days,Brand X,9461323503,36,207.6885719064974
3052,Product A,Electronics,92,Supplier Y,16.49504800745322,3.726216292573814,93,SKU003,Warehouse A,15 Days,Brand Z,9606515254,0,511.3060402756868
3053,Product A,Clothing,12,Supplier Z,9.47944655488585,3.815494132379799,46,SKU002,Warehouse A,7 Days,Brand Z,9637376091,75,675.1730954800089
3054,Product A,Home,33,Supplier Z,40.34253005693827,3.250045664419065,47,SKU001,Warehouse C,15 Days,Brand Z,9571878140,8,912.502023448394
3055,Product A,Home,84,Supplier Y,13.78221151211387,3.402393529086681,9,SKU003,Warehouse B,15 Days,Brand Y,9516542108,82,507.1403906560168
3056,Product B,Home,49,Supplier Z,16.51291241844278,3.297818553163183,31,SKU002,Warehouse B,30 Days,Brand Y,9108073840,17,966.1803873077469
3057,Product A,Electronics,21,Supplier Z,20.71740542158133,1.327457615979382,64,SKU002,Warehouse C,7 Days,Brand Z,9803395509,38,942.2185035526351
3058,Product C,Electronics,60,Supplier Y,21.68641398873049,3.68106137885514,23,SKU001,Warehouse C,15 Days,Brand Y,9857575162,74,866.4119046845168
3059,Product B,Home,52,Supplier X,20.56703952075108,2.879100039354765,28,SKU001,Warehouse B,30 Days,Brand Z,9216901383,74,504.9774923127944
3060,Product A,Electronics,54,Supplier Y,25.18718476873643,2.753829122165654,6,SKU001,Warehouse B,7 Days,Brand Y,9407723527,29,149.4949042511037
3061,Product C,Home,39,Supplier Y,40.72564398082017,4.439996875127203,94,SKU002,Warehouse A,15 Days,Brand Z,9041044804,19,225.7254251172311
3062,Product B,Electronics,49,Supplier Z,40.9642520371011,1.092906853844471,16,SKU002,Warehouse A,15 Days,Brand Y,9873956650,14,651.1933026848559
3063,Product C,Home,64,Supplier Y,39.91565668816735,2.005259671835021,93,SKU003,Warehouse B,15 Days,Brand X,9496416353,63,427.5374304813541
3064,Product A,Clothing,86,Supplier Z,5.056241955824375,1.485613999370985,24,SKU001,Warehouse A,7 Days,Brand Z,9408535764,24,155.3336154364565
3065,Product A,Home,26,Supplier Z,39.98394016374071,1.141364178438903,91,SKU001,Warehouse A,30 Days,Brand Y,9498038787,48,484.2039943029173
3066,Product A,Home,71,Supplier Z,6.012588674328839,2.10270799070379,35,SKU001,Warehouse A,15 Days,Brand Y,9795036011,66,27.25624004702546
3067,Product A,Electronics,7,Supplier Y,6.236188502612899,4.953905091178711,60,SKU001,Warehouse C,30 Days,Brand Z,9977970467,25,736.5564171905972
3068,Product B,Electronics,72,Supplier Y,47.39313858174804,2.080916692830295,70,SKU002,Warehouse B,7 Days,Brand Y,9181265796,44,82.84548154479396
3069,Product B,Electronics,62,Supplier Z,40.96989223527707,3.654823279183085,34,SKU001,Warehouse B,7 Days,Brand X,9764170992,91,632.8224837129978
3070,Product C,Electronics,90,Supplier X,27.62052334340043,1.473195560162886,83,SKU002,Warehouse B,15 Days,Brand X,9323828734,5,795.0802045493434
3071,Product A,Electronics,88,Supplier X,43.74851022389311,3.40739052018892,77,SKU002,Warehouse A,15 Days,Brand Y,9910601686,31,141.3174357094259
3072,Product C,Electronics,24,Supplier Y,49.46823212759314,4.937925932553253,49,SKU001,Warehouse A,15 Days,Brand Z,9991569426,74,523.4523037593524
3073,Product B,Clothing,40,Supplier Z,30.53210333158888,2.167350093841861,55,SKU002,Warehouse C,30 Days,Brand Y,9033751465,76,781.2768392158749
3074,Product A,Home,76,Supplier Z,30.6449218490759,4.392302465502331,93,SKU002,Warehouse C,30 Days,Brand Y,9931000173,16,268.0271202094314
3075,Product A,Home,47,Supplier Y,37.7213514579964,4.990285521466141,64,SKU001,Warehouse B,15 Days,Brand X,9826700174,45,171.2874270716029
3076,Product B,Home,8,Supplier X,11.60694761826664,3.354216354882976,40,SKU001,Warehouse C,7 Days,Brand Y,9082451385,52,343.4509198577823
3077,Product B,Clothing,54,Supplier Y,8.356243075939968,2.237604401712141,24,SKU003,Warehouse C,7 Days,Brand Z,9031973133,99,559.1521848174826
3078,Product B,Home,9,Supplier Y,37.97903750075363,3.694125039596625,33,SKU002,Warehouse A,15 Days,Brand X,9326525231,93,579.5267989062025
3079,Product B,Clothing,3,Supplier Z,17.24523974970512,4.379392825074476,7,SKU002,Warehouse B,30 Days,Brand Y,9655334215,3,139.5675701231101
3080,Product B,Clothing,54,Supplier Y,6.7535178152967,1.685400971847913,55,SKU003,Warehouse B,7 Days,Brand Z,9485521096,77,462.9931591972319
3081,Product A,Clothing,21,Supplier X,15.74388629588749,2.810063055365813,83,SKU003,Warehouse C,30 Days,Brand X,9561340519,27,275.599373584093
3082,Product B,Home,95,Supplier Y,17.93184339372877,2.276750840495364,29,SKU001,Warehouse A,15 Days,Brand Z,9604642634,70,843.6039758843012
3083,Product A,Clothing,48,Supplier Z,48.26138297528453,2.133435987849519,67,SKU003,Warehouse C,30 Days,Brand Z,9080077163,15,320.4393807433905
3084,Product A,Home,47,Supplier X,34.89798555439616,4.44328504296069,20,SKU001,Warehouse C,30 Days,Brand Z,9230890861,77,840.317479288521
3085,Product B,Home,88,Supplier Z,26.5428158699867,2.686616027287354,90,SKU001,Warehouse B,30 Days,Brand Y,9375879486,38,434.2789664757742
3086,Product B,Electronics,68,Supplier Y,48.44365693413025,2.356305367215651,9,SKU001,Warehouse A,7 Days,Brand X,9204296758,90,729.3199081681887
3087,Product A,Electronics,84,Supplier Y,45.15698702370904,3.414042165704055,86,SKU002,Warehouse C,30 Days,Brand Y,9530696991,29,514.9596262587022
3088,Product B,Clothing,63,Supplier Y,25.60004283070799,1.877606318549525,32,SKU002,Warehouse C,30 Days,Brand X,9233969387,78,625.7429978896668
3089,Product B,Clothing,16,Supplier Z,45.28398176884904,1.919573962272316,74,SKU001,Warehouse A,30 Days,Brand Z,9354896547,56,401.4029457527693
3090,Product B,Home,74,Supplier Y,20.21523290313283,3.081154923486018,82,SKU003,Warehouse C,15 Days,Brand Z,9909127532,55,770.5247001294158
3091,Product C,Clothing,90,Supplier X,11.52103326783123,2.637090914584737,74,SKU002,Warehouse B,30 Days,Brand Y,9766829652,38,430.9374897379217
3092,Product A,Clothing,93,Supplier X,11.63390884110426,2.179929535689298,3,SKU002,Warehouse C,30 Days,Brand Z,9628888794,41,462.8870301199637
3093,Product C,Home,5,Supplier Z,33.11577622210633,1.215804529096409,22,SKU003,Warehouse B,7 Days,Brand Z,9750070127,17,522.5018815486476
3094,Product B,Clothing,11,Supplier Z,25.05351603536386,3.083096954554086,68,SKU002,Warehouse B,15 Days,Brand Z,9027674473,74,833.5058772021237
3095,Product C,Clothing,29,Supplier Z,32.94754235027234,4.2664368224043,52,SKU003,Warehouse B,30 Days,Brand X,9774017748,21,662.7851393154502
3096,Product B,Home,79,Supplier Y,34.30379821310849,4.405508821144231,4,SKU003,Warehouse B,7 Days,Brand X,9528237258,3,355.6687827000923
3097,Product C,Home,70,Supplier X,1.116143644885881,1.941759918904321,17,SKU002,Warehouse B,7 Days,Brand Y,9197302059,2,673.6164376417274
3098,Product B,Electronics,48,Supplier X,2.701979617395117,3.398564815789953,16,SKU003,Warehouse B,30 Days,Brand X,9519189745,60,646.0023072784916
3099,Product C,Home,15,Supplier X,26.63388632956249,4.423525237851761,57,SKU003,Warehouse C,7 Days,Brand Z,9889552033,23,931.7090831209073
3100,Product C,Electronics,84,Supplier Z,9.551773888003845,2.634903713105059,66,SKU001,Warehouse A,7 Days,Brand Z,9251413682,77,843.0022716650965
3101,Product C,Clothing,34,Supplier Z,31.62668844022198,4.728547269230114,71,SKU001,Warehouse C,7 Days,Brand Z,9819910596,51,650.9724545137357
3102,Product A,Home,60,Supplier Y,27.6092869585324,4.611914116518212,55,SKU002,Warehouse A,7 Days,Brand Y,9697516123,66,348.0920395772031
3103,Product C,Home,62,Supplier Z,29.28801791854456,1.832535589675238,39,SKU003,Warehouse C,30 Days,Brand Z,9127649267,30,781.7806843726569
3104,Product A,Home,2,Supplier X,15.12276899155053,2.035859331600815,86,SKU002,Warehouse A,30 Days,Brand Z,9961418889,52,579.4562101321729
3105,Product B,Clothing,80,Supplier Y,31.99217531389483,1.721767994583876,86,SKU002,Warehouse C,7 Days,Brand Y,9489207289,60,985.4172882198926
3106,Product C,Electronics,19,Supplier Z,41.47463182425115,1.784217405818809,1,SKU001,Warehouse B,30 Days,Brand X,9595653231,57,255.031067284106
3107,Product B,Clothing,98,Supplier Z,49.90356267961186,4.631448348693992,20,SKU003,Warehouse A,30 Days,Brand X,9405426059,34,88.85928252157808
3108,Product B,Clothing,49,Supplier X,41.92221930861071,4.724551636770492,51,SKU002,Warehouse C,7 Days,Brand X,9809476264,30,79.1928937690682
3109,Product C,Home,78,Supplier Y,27.87493798399737,1.207588964740524,23,SKU002,Warehouse B,7 Days,Brand Y,9536197506,56,643.6300844681635
3110,Product A,Electronics,88,Supplier Z,9.671479583997828,3.374413422688819,52,SKU001,Warehouse C,7 Days,Brand Y,9548666688,75,939.8676266224086
3111,Product C,Clothing,28,Supplier Z,34.07229380599104,3.256926251430286,37,SKU001,Warehouse A,30 Days,Brand Z,9099424356,9,11.91259514859014
3112,Product B,Home,48,Supplier Y,46.88268927789891,2.562190586897839,19,SKU001,Warehouse C,30 Days,Brand Z,9523576615,83,728.5133364881996
3113,Product B,Clothing,96,Supplier Y,10.59332698661512,3.526790371292428,49,SKU002,Warehouse C,15 Days,Brand Y,9680827888,17,660.494530707616
3114,Product C,Clothing,37,Supplier Z,12.79978102632885,4.789471302043401,38,SKU003,Warehouse B,15 Days,Brand Y,9800147648,55,734.9811502972711
3115,Product A,Home,74,Supplier Z,7.450427170582557,1.681019530888585,59,SKU001,Warehouse B,7 Days,Brand Z,9766227916,35,361.8513526947122
3116,Product A,Home,49,Supplier X,36.83608218132009,1.481643638865823,90,SKU001,Warehouse B,15 Days,Brand Z,9356197221,50,822.2914802112765
3117,Product B,Electronics,48,Supplier Y,20.32807517118296,1.133562283315903,38,SKU003,Warehouse A,30 Days,Brand Z,9187460302,60,54.25986210467333
3118,Product B,Clothing,73,Supplier Z,3.134781944319204,2.455333231360574,70,SKU002,Warehouse B,15 Days,Brand X,9232783814,18,757.8767896158073
3119,Product A,Home,88,Supplier Z,43.74749957451401,2.350513908311464,32,SKU002,Warehouse A,15 Days,Brand X,9200224029,80,274.4012219355969
3120,Product C,Home,29,Supplier Z,27.88359523512833,2.723278752634576,28,SKU003,Warehouse B,7 Days,Brand Z,9040217815,10,482.0693971094908
3121,Product B,Electronics,60,Supplier Z,16.55471460001779,3.013240123523796,73,SKU001,Warehouse B,30 Days,Brand Y,9273413575,4,824.4099088416483
3122,Product A,Electronics,29,Supplier X,17.19914880305485,4.031295976121818,9,SKU003,Warehouse B,30 Days,Brand X,9893901762,44,278.6454448392257
3123,Product B,Home,58,Supplier Y,14.51256100954534,2.568453561830073,75,SKU002,Warehouse B,30 Days,Brand Z,9810752227,99,193.3554365274545
3124,Product C,Electronics,48,Supplier Z,22.77400861963209,2.322452437444934,66,SKU002,Warehouse A,30 Days,Brand X,9733991272,44,684.5000534944054
3125,Product A,Home,23,Supplier Y,16.85208442440725,4.307515281038508,2,SKU001,Warehouse A,15 Days,Brand Y,9093089834,47,538.0609425917365
3126,Product B,Clothing,27,Supplier Y,27.39731520353047,4.399186682614626,76,SKU001,Warehouse A,7 Days,Brand Y,9071796916,13,519.2598300587226
3127,Product C,Electronics,95,Supplier Z,38.67586261356471,1.931063857173413,30,SKU003,Warehouse B,15 Days,Brand Y,9413207038,27,264.201820382534
3128,Product B,Clothing,7,Supplier Z,33.72306417221868,2.258687290845233,26,SKU002,Warehouse B,30 Days,Brand Z,9406071757,8,44.53150276182738
3129,Product C,Clothing,49,Supplier Z,14.72284463770586,4.300465483640354,69,SKU002,Warehouse B,7 Days,Brand Z,9132118362,58,416.1664469483997
3130,Product C,Clothing,54,Supplier X,26.43705057698896,1.317632977191059,26,SKU003,Warehouse A,7 Days,Brand X,9137980189,37,115.4938856630903
3131,Product A,Home,68,Supplier Z,42.00630799561254,2.303387121562952,98,SKU001,Warehouse C,30 Days,Brand Z,9528287016,92,906.9292591427102
3132,Product C,Clothing,78,Supplier Y,3.410311737136273,2.793400428163445,8,SKU002,Warehouse C,30 Days,Brand Z,9109897259,24,50.83782023701322
3133,Product B,Clothing,42,Supplier Y,3.914863349345238,1.748286460802284,5,SKU002,Warehouse C,7 Days,Brand Z,9310729764,71,437.3343456425376
3134,Product C,Clothing,74,Supplier X,27.80850340248767,1.719656786442793,5,SKU001,Warehouse A,30 Days,Brand X,9043116404,47,61.7231278638196
3135,Product C,Home,59,Supplier Z,31.95575641949016,2.699448232054115,25,SKU002,Warehouse C,30 Days,Brand Z,9497379064,18,104.5884358191187
3136,Product A,Clothing,44,Supplier Z,10.57065078879521,4.018086898939423,42,SKU001,Warehouse A,30 Days,Brand Y,9455604101,1,662.2780002528018
3137,Product C,Clothing,98,Supplier X,37.2610063345759,4.360931918190509,18,SKU003,Warehouse A,30 Days,Brand Z,9775183442,5,650.6401483643536
3138,Product C,Electronics,26,Supplier X,32.31316885203637,4.916940370144694,15,SKU001,Warehouse B,7 Days,Brand Z,9892585851,29,42.72167293064538
3139,Product B,Home,23,Supplier Z,46.16446341181432,1.295936200366876,22,SKU001,Warehouse B,7 Days,Brand Y,9932948900,60,11.12016036966149
3140,Product A,Clothing,73,Supplier Z,8.447710092926835,1.866728804583971,74,SKU003,Warehouse A,15 Days,Brand X,9734978304,1,88.02989647035616
3141,Product A,Electronics,8,Supplier Y,37.56871326790053,4.026519369536791,79,SKU002,Warehouse C,15 Days,Brand Z,9880018648,50,765.3689087348228
3142,Product A,Home,53,Supplier Z,4.182154529163351,3.162394824222647,28,SKU002,Warehouse A,7 Days,Brand Z,9027576841,82,588.7307080239921
3143,Product C,Home,14,Supplier Z,28.26462047589488,2.310719095849673,37,SKU001,Warehouse A,15 Days,Brand Z,9967156461,12,47.73706273660669
3144,Product A,Home,71,Supplier Y,27.59475697495729,1.822358644988974,58,SKU001,Warehouse C,30 Days,Brand Z,9057392153,48,493.216045714099
3145,Product C,Home,7,Supplier Y,19.41925223233703,2.121910206569792,47,SKU003,Warehouse B,30 Days,Brand Y,9919866618,7,714.9090634839068
3146,Product C,Home,9,Supplier Y,42.22855738342836,2.717155801203808,19,SKU003,Warehouse A,7 Days,Brand Z,9637906134,8,870.2618806547982
3147,Product B,Home,3,Supplier Y,0.2185322393006117,1.708604878024131,20,SKU002,Warehouse B,15 Days,Brand X,9119739024,22,934.6961257524204
3148,Product B,Clothing,78,Supplier X,26.00897009492604,4.856903823507002,27,SKU002,Warehouse B,30 Days,Brand Y,9580049215,71,334.166157324526
3149,Product B,Clothing,17,Supplier Y,10.85767749175937,1.430353778399498,49,SKU003,Warehouse B,15 Days,Brand Y,9072014234,72,144.4741041291331
3150,Product B,Clothing,44,Supplier X,37.17493095582164,4.942309737956876,32,SKU001,Warehouse A,7 Days,Brand X,9779745738,15,244.556661524133
3151,Product B,Clothing,86,Supplier Y,2.153371315304859,4.367573144002691,39,SKU003,Warehouse C,7 Days,Brand Z,9414907715,15,778.4097771198215
3152,Product C,Electronics,46,Supplier Y,41.57773440907888,2.692606470054956,89,SKU002,Warehouse C,15 Days,Brand Z,9165502481,11,971.7693728918875
3153,Product C,Clothing,90,Supplier Y,41.90461133534757,3.959265337552841,53,SKU001,Warehouse B,7 Days,Brand Z,9118892882,88,471.7296811867768
3154,Product A,Home,58,Supplier Z,41.64330062017515,3.686060974785544,9,SKU003,Warehouse B,30 Days,Brand X,9730812643,10,312.2996814123119
3155,Product C,Clothing,28,Supplier X,7.628426336633493,1.853147671795724,33,SKU002,Warehouse C,30 Days,Brand Y,9820462827,81,434.8986761404341
3156,Product C,Clothing,14,Supplier Y,31.52032592805224,2.356280344475786,72,SKU001,Warehouse B,15 Days,Brand Z,9554568045,12,311.7650131986811
3157,Product B,Home,9,Supplier Z,0.7183679591694803,3.052490251221831,35,SKU001,Warehouse C,15 Days,Brand X,9675166641,34,263.9226479750828
3158,Product C,Clothing,26,Supplier X,42.39812956445999,3.551376719550908,74,SKU001,Warehouse C,7 Days,Brand X,9872287065,81,597.8132448831078
3159,Product B,Clothing,2,Supplier X,36.14875967543102,3.171579925426486,73,SKU001,Warehouse A,7 Days,Brand Z,9802826688,93,25.57862056980895
3160,Product A,Clothing,75,Supplier Z,26.55768654496263,2.891949844025895,6,SKU001,Warehouse B,15 Days,Brand X,9041458963,42,266.9567261783383
3161,Product A,Electronics,81,Supplier X,36.52957165483085,2.772609093819601,15,SKU003,Warehouse B,7 Days,Brand Z,9143642232,29,664.7682570665391
3162,Product C,Clothing,34,Supplier Z,4.716204832588611,2.993057997180072,50,SKU001,Warehouse A,15 Days,Brand Z,9390555709,59,41.74206934373697
3163,Product A,Home,19,Supplier Y,26.43279160884282,2.737406079383881,89,SKU003,Warehouse C,15 Days,Brand Z,9044764490,66,92.36979834384564
3164,Product C,Home,39,Supplier Z,14.56382459082227,3.165320310182864,95,SKU001,Warehouse B,30 Days,Brand Y,9273436858,28,300.4621833379269
3165,Product A,Clothing,82,Supplier X,48.63097316114865,4.551941196186667,60,SKU002,Warehouse A,7 Days,Brand X,9873109016,24,879.0267506228951
3166,Product B,Clothing,13,Supplier X,42.85589753119508,3.531317252218447,30,SKU001,Warehouse C,15 Days,Brand Y,9086858619,65,767.2372985636432
3167,Product B,Clothing,5,Supplier Y,36.66378479169884,3.89048349995416,31,SKU003,Warehouse A,30 Days,Brand Z,9174097912,4,31.93506312208109
3168,Product B,Home,50,Supplier Z,46.68738176248659,3.389932534923106,44,SKU002,Warehouse A,15 Days,Brand X,9363103058,94,506.6956885216069
3169,Product B,Home,23,Supplier Y,17.34216522827369,3.572070729656009,75,SKU002,Warehouse A,7 Days,Brand Z,9553974367,4,281.9406190475426
3170,Product C,Electronics,88,Supplier Z,45.04399494940906,3.313399313792721,26,SKU003,Warehouse A,30 Days,Brand X,9426521920,84,652.1592024714423
3171,Product A,Electronics,29,Supplier Z,16.26191160533552,1.107466088783293,21,SKU002,Warehouse C,7 Days,Brand Z,9313963712,48,724.3383437675266
3172,Product C,Electronics,72,Supplier Z,36.63983598455765,4.998393528800079,14,SKU003,Warehouse A,30 Days,Brand X,9734138946,25,864.2339513579897
3173,Product B,Home,26,Supplier Y,36.82084558882245,1.134436960851587,7,SKU001,Warehouse C,7 Days,Brand Z,9643207481,70,480.6620747329741
3174,Product C,Electronics,79,Supplier Y,0.9174938227046736,2.580592032934615,67,SKU001,Warehouse A,15 Days,Brand Z,9195034093,29,994.5055876601286
3175,Product A,Clothing,57,Supplier X,18.05298491390976,1.420462713195734,7,SKU003,Warehouse A,15 Days,Brand Y,9347205159,97,980.1862462142383
3176,Product C,Clothing,1,Supplier Y,0.9716336204248943,1.38771380176373,86,SKU001,Warehouse B,15 Days,Brand Y,9843795679,27,883.3450572263229
3177,Product A,Home,28,Supplier Z,49.85460088051243,4.174107806697934,15,SKU002,Warehouse B,7 Days,Brand X,9807052643,13,579.1208002064901
3178,Product C,Electronics,62,Supplier Z,6.1098380914619,2.703703117432308,47,SKU001,Warehouse B,30 Days,Brand X,9148123050,17,404.0263731287769
3179,Product A,Clothing,47,Supplier Z,27.14054478240547,4.20455483319506,33,SKU001,Warehouse B,7 Days,Brand Y,9686344413,56,370.7424470383871
3180,Product A,Home,78,Supplier Y,39.52781193813186,2.091145882723326,85,SKU002,Warehouse A,15 Days,Brand Z,9268442726,80,22.00350258686738
3181,Product B,Electronics,98,Supplier X,10.06318011304462,2.025851167224939,86,SKU002,Warehouse A,7 Days,Brand Z,9868759869,24,256.6827522699429
3182,Product A,Clothing,59,Supplier Y,24.25263340477363,2.004925527257849,56,SKU001,Warehouse C,30 Days,Brand X,9830622455,69,721.6201525996729
3183,Product B,Electronics,31,Supplier X,30.37143804605754,3.464582505631677,4,SKU001,Warehouse A,15 Days,Brand X,9268859041,4,607.5957788941358
3184,Product B,Home,70,Supplier Y,8.010237719777269,4.2599975593824,43,SKU001,Warehouse C,7 Days,Brand Z,9447997703,52,917.2579672758583
3185,Product B,Electronics,49,Supplier Z,38.92777299557692,2.809044040300962,70,SKU003,Warehouse A,15 Days,Brand Y,9826838552,84,59.52204424739229
3186,Product C,Home,5,Supplier X,14.96682285946827,2.516995562564329,36,SKU003,Warehouse A,7 Days,Brand X,9780852889,38,163.7238371455573
3187,Product C,Electronics,31,Supplier Y,10.55115381694202,4.894318216806598,89,SKU001,Warehouse C,7 Days,Brand Z,9470578394,56,791.3513514586089
3188,Product C,Clothing,37,Supplier Z,27.91443732187084,1.467016144046555,27,SKU001,Warehouse B,15 Days,Brand X,9976330165,83,364.9225548833805
3189,Product C,Home,79,Supplier X,20.51568138214689,2.94653072817957,67,SKU002,Warehouse A,30 Days,Brand Y,9077515517,10,127.1618803806991
3190,Product A,Home,15,Supplier X,46.01429723182089,2.633951012725738,95,SKU001,Warehouse B,15 Days,Brand X,9906110930,68,996.4860000490883
3191,Product A,Home,52,Supplier Z,44.0031349099077,1.392506386347562,37,SKU001,Warehouse C,30 Days,Brand Z,9320101078,98,789.3777996426693
3192,Product C,Electronics,69,Supplier Z,24.16753316944416,2.072801448352877,45,SKU003,Warehouse A,15 Days,Brand Y,9598826152,98,414.6536263905413
3193,Product A,Electronics,92,Supplier Y,17.96318873627988,1.113764850316448,72,SKU003,Warehouse C,15 Days,Brand Z,9550164047,24,825.1140021766789
3194,Product A,Clothing,97,Supplier Y,16.27589908156326,4.507817155931829,99,SKU003,Warehouse A,15 Days,Brand Y,9726595134,29,683.7978314179618
3195,Product B,Home,11,Supplier Z,13.37818115407537,3.431398115961604,25,SKU002,Warehouse C,7 Days,Brand Z,9370332637,1,792.075011974135
3196,Product B,Home,43,Supplier Y,27.22739268562386,4.260073991481002,74,SKU001,Warehouse C,7 Days,Brand X,9755737031,83,817.0543137899933
3197,Product B,Electronics,70,Supplier Z,40.24893023672718,3.086217809611959,83,SKU003,Warehouse B,30 Days,Brand Y,9188410954,35,93.88139645741472
3198,Product B,Electronics,23,Supplier Z,15.53783041017789,3.398039317687577,52,SKU002,Warehouse B,15 Days,Brand Y,9067065300,36,626.7431588112147
3199,Product A,Clothing,40,Supplier Y,9.504704484404074,3.80341791123666,62,SKU001,Warehouse B,7 Days,Brand Y,9244331105,1,16.71769744705932
3200,Product C,Clothing,63,Supplier Y,23.77419030916434,4.63204650985686,62,SKU001,Warehouse A,7 Days,Brand X,9250403412,46,53.02168383815891
3201,Product A,Electronics,2,Supplier X,3.451720839883326,1.367007551303383,37,SKU002,Warehouse C,15 Days,Brand Y,9970967876,90,904.9402089652824
3202,Product A,Home,79,Supplier X,35.06395030648534,2.323793578942908,14,SKU001,Warehouse B,15 Days,Brand X,9698119985,95,532.2880841432375
3203,Product A,Clothing,87,Supplier Y,25.91791331509668,3.836104762800002,98,SKU002,Warehouse A,15 Days,Brand X,9248546218,58,738.5429660098396
3204,Product B,Electronics,86,Supplier Y,24.81874039864271,4.833402252005571,8,SKU002,Warehouse B,30 Days,Brand Y,9104037241,3,840.1159805387146
3205,Product B,Electronics,73,Supplier Y,15.02226897750112,4.923229713960022,96,SKU003,Warehouse A,15 Days,Brand Z,9064961296,90,950.0908998889392
3206,Product B,Home,47,Supplier X,45.23367187658683,3.552412036549049,74,SKU002,Warehouse C,7 Days,Brand Y,9460727956,93,870.6593194435679
3207,Product C,Electronics,30,Supplier Y,4.524314592477635,1.774393911019469,21,SKU003,Warehouse C,7 Days,Brand Z,9973826565,66,488.478334210321
3208,Product A,Electronics,16,Supplier X,43.49120044435157,1.476835645655827,69,SKU001,Warehouse C,15 Days,Brand Z,9255366764,45,342.6106043067064
3209,Product C,Clothing,59,Supplier X,18.83526012079613,4.784174577121702,55,SKU003,Warehouse A,30 Days,Brand Y,9313506634,90,162.9483038439778
3210,Product B,Electronics,47,Supplier X,44.03117579875111,2.73571075785003,36,SKU002,Warehouse C,30 Days,Brand Y,9345754961,35,406.3182676624072
3211,Product C,Electronics,30,Supplier X,36.43807291661918,1.779264133050739,56,SKU003,Warehouse A,7 Days,Brand Z,9222677029,64,372.8286433695518
3212,Product A,Clothing,9,Supplier Z,5.208536333101915,4.735570063110405,59,SKU001,Warehouse A,30 Days,Brand Y,9510380350,98,563.9790935363146
3213,Product A,Home,65,Supplier Y,41.57681432546768,1.418097086257248,84,SKU003,Warehouse A,15 Days,Brand Y,9496458367,55,668.8543146696413
3214,Product B,Home,59,Supplier Y,34.10884168497525,3.9182843874283,11,SKU001,Warehouse C,30 Days,Brand X,9958824587,75,978.542221680597
3215,Product B,Clothing,64,Supplier Z,1.615095645767423,3.501052110173337,6,SKU002,Warehouse C,30 Days,Brand Z,9769678583,34,731.1023242397251
3216,Product C,Clothing,8,Supplier Y,6.685134105483498,1.350938657523567,65,SKU003,Warehouse C,7 Days,Brand X,9913513365,81,647.3110471184941
3217,Product B,Home,52,Supplier X,31.78140279178476,2.354995182557769,40,SKU001,Warehouse A,7 Days,Brand Y,9081196690,22,341.7415099256592
3218,Product B,Home,18,Supplier Z,33.13002514401425,1.599722758160043,23,SKU001,Warehouse C,7 Days,Brand Y,9613892522,96,44.15883773334272
3219,Product A,Home,91,Supplier X,37.33257164187975,3.417994370132645,89,SKU003,Warehouse A,30 Days,Brand X,9180407126,77,295.2438775661449
3220,Product B,Home,82,Supplier Z,36.01227003874909,2.908452126709715,24,SKU003,Warehouse C,7 Days,Brand X,9465650882,43,770.7634214550216
3221,Product B,Home,96,Supplier X,32.97599773349775,1.017100498641964,61,SKU003,Warehouse A,7 Days,Brand Y,9763261142,0,213.2192213957637
3222,Product A,Clothing,58,Supplier Y,38.31194508732113,4.902842265135632,83,SKU003,Warehouse B,30 Days,Brand Z,9650217336,90,715.0663117373733
3223,Product A,Electronics,49,Supplier Y,28.75428529461864,2.398338599558162,43,SKU003,Warehouse C,30 Days,Brand X,9672251632,87,583.9820441437216
3224,Product C,Home,32,Supplier Y,13.03956927622275,2.0328175713482,1,SKU001,Warehouse C,30 Days,Brand Z,9161323652,65,180.1383010529602
3225,Product B,Home,48,Supplier Z,45.61883068653591,1.889771823176411,41,SKU002,Warehouse A,15 Days,Brand Y,9115462684,11,269.0085582289116
3226,Product A,Electronics,45,Supplier Y,0.9107015465988966,1.635263584694271,98,SKU001,Warehouse A,15 Days,Brand Z,9521367137,12,501.3405674516117
3227,Product C,Electronics,54,Supplier Z,18.32808599357451,4.996548304866039,32,SKU003,Warehouse A,30 Days,Brand Z,9682752875,26,424.190958056769
3228,Product C,Electronics,85,Supplier X,36.44351465485817,2.180437871526419,16,SKU003,Warehouse B,7 Days,Brand Y,9731834756,19,780.7782090712919
3229,Product B,Electronics,46,Supplier Y,21.35780205748372,2.622053988897127,62,SKU002,Warehouse C,30 Days,Brand Y,9606109660,97,737.0605961178145
3230,Product B,Electronics,96,Supplier X,1.241720374000715,4.485423664712355,21,SKU003,Warehouse A,15 Days,Brand Y,9072754604,5,578.828758438287
3231,Product C,Electronics,31,Supplier Y,3.299045155810659,3.567550014171513,0,SKU002,Warehouse B,7 Days,Brand Z,9908265141,7,824.051964358196
3232,Product A,Clothing,37,Supplier X,32.43186845691443,2.47477764698109,93,SKU003,Warehouse B,15 Days,Brand X,9884377751,20,567.0428452774655
3233,Product C,Electronics,16,Supplier Z,48.24322997026498,4.593313743695412,69,SKU001,Warehouse A,15 Days,Brand Y,9033770598,20,964.7453640906875
3234,Product B,Electronics,46,Supplier Y,27.59318179172495,3.998896808854401,53,SKU002,Warehouse C,15 Days,Brand Y,9966395284,44,225.0518581595706
3235,Product A,Clothing,46,Supplier Z,25.33789090118845,1.911602030166799,13,SKU001,Warehouse A,15 Days,Brand X,9676791583,69,716.9906736661312
3236,Product A,Electronics,78,Supplier Z,15.91626065281336,3.574955978399682,99,SKU003,Warehouse A,7 Days,Brand Y,9905143018,43,376.2446907339233
3237,Product C,Home,88,Supplier X,12.83453369330316,4.689593993169606,96,SKU001,Warehouse A,30 Days,Brand Y,9337640893,58,286.176532475992
3238,Product B,Home,89,Supplier Y,1.049249087814236,2.98584351380165,52,SKU001,Warehouse B,7 Days,Brand X,9663952785,29,188.5836012080358
3239,Product C,Electronics,61,Supplier Z,13.64774338202356,3.934449611326669,5,SKU001,Warehouse B,30 Days,Brand Z,9134392549,9,556.9784414989284
3240,Product C,Clothing,46,Supplier X,22.45552204326262,4.884414975956637,89,SKU002,Warehouse C,30 Days,Brand Z,9953289762,74,223.3147384217191
3241,Product C,Home,51,Supplier X,9.897489152447509,3.761656563580852,63,SKU002,Warehouse B,7 Days,Brand Z,9350353999,0,208.3473429339219
3242,Product A,Clothing,62,Supplier X,4.367399424071461,1.409754759064322,87,SKU002,Warehouse A,30 Days,Brand Y,9731810658,9,990.6265860329797
3243,Product A,Home,35,Supplier Y,35.88639336273013,1.978238203725157,32,SKU001,Warehouse B,7 Days,Brand X,9443892465,24,803.7299426773031
3244,Product B,Electronics,81,Supplier Y,44.73101345340336,3.380385749370596,71,SKU001,Warehouse C,7 Days,Brand Z,9501774679,79,750.7940520518316
3245,Product B,Clothing,42,Supplier X,46.83860348435428,2.102223261487624,43,SKU003,Warehouse A,30 Days,Brand X,9209076707,82,796.1200196239274
3246,Product C,Clothing,45,Supplier Y,30.89993642484947,4.83016682155656,33,SKU002,Warehouse A,30 Days,Brand Z,9868949636,73,969.2336449815551
3247,Product C,Clothing,68,Supplier X,2.63872912996409,2.621408136088695,33,SKU003,Warehouse B,15 Days,Brand Z,9845409800,13,577.5439218656715
3248,Product C,Home,75,Supplier Y,37.04313149808867,2.82892162292946,23,SKU001,Warehouse B,30 Days,Brand Y,9346734979,2,228.0414386288319
3249,Product B,Home,47,Supplier Y,5.504765263094319,3.806408373880469,1,SKU002,Warehouse C,30 Days,Brand Z,9722200316,67,863.5875443457066
3250,Product A,Home,79,Supplier X,33.48740588439119,3.096998925367497,7,SKU003,Warehouse A,30 Days,Brand Z,9301539872,39,745.3034221595492
3251,Product A,Electronics,30,Supplier X,38.96829178739379,2.528583867555073,24,SKU001,Warehouse C,7 Days,Brand X,9193694554,32,420.1652292108313
3252,Product C,Home,24,Supplier Y,36.29323554132364,1.306551500618315,93,SKU001,Warehouse B,15 Days,Brand Y,9059443898,83,478.8338035888999
3253,Product C,Electronics,66,Supplier X,47.59419028805653,3.385782358031455,31,SKU001,Warehouse A,15 Days,Brand Y,9104242186,78,417.1398744940804
3254,Product C,Clothing,43,Supplier X,36.90731422336949,4.470320123176139,55,SKU002,Warehouse B,7 Days,Brand Z,9844681796,6,930.642738626714
3255,Product C,Clothing,34,Supplier X,34.66048889909042,3.743049767040225,93,SKU002,Warehouse A,30 Days,Brand Y,9950649993,2,350.0962953833112
3256,Product B,Electronics,23,Supplier X,13.08715860915512,2.525980040187809,6,SKU003,Warehouse C,30 Days,Brand X,9332484738,90,963.8494358696107
3257,Product A,Home,61,Supplier Y,46.23843432179508,1.510904258492518,47,SKU001,Warehouse A,7 Days,Brand Y,9159573626,36,911.1690535414103
3258,Product C,Electronics,95,Supplier Z,8.977193539708345,4.265352747616975,87,SKU002,Warehouse B,15 Days,Brand Z,9184996205,92,634.2159308256917
3259,Product B,Clothing,37,Supplier Y,45.24483057365632,4.766993448924818,53,SKU002,Warehouse A,7 Days,Brand Y,9862470564,25,584.023555369074
3260,Product C,Clothing,13,Supplier X,15.63312716729552,2.553091963185059,62,SKU001,Warehouse C,7 Days,Brand Y,9049648039,90,376.3883872692712
3261,Product C,Electronics,97,Supplier X,6.508179693883437,3.914568756736246,72,SKU001,Warehouse B,30 Days,Brand Z,9797697808,24,28.15500512054338
3262,Product A,Home,71,Supplier Y,41.33415136355853,2.643053759563023,79,SKU003,Warehouse C,7 Days,Brand Y,9975368083,39,136.3469543753757
3263,Product C,Home,96,Supplier X,0.1247726800414573,3.009067755408798,1,SKU003,Warehouse A,7 Days,Brand Y,9867981042,42,756.6890101160532
3264,Product A,Electronics,7,Supplier Y,41.60441588404154,4.345905522465639,34,SKU003,Warehouse A,7 Days,Brand Z,9481034115,93,476.8247253222836
3265,Product A,Electronics,42,Supplier Z,13.11559210229879,1.333697368844614,97,SKU002,Warehouse A,30 Days,Brand Z,9780365793,43,158.3397528460884
3266,Product A,Home,38,Supplier X,44.23606363778106,3.12134139514682,21,SKU002,Warehouse A,30 Days,Brand X,9104827041,83,271.3212455905523
3267,Product B,Clothing,52,Supplier Z,34.57395911207895,1.85848109868489,82,SKU002,Warehouse B,15 Days,Brand Z,9050491486,70,948.3585308485297
3268,Product B,Electronics,44,Supplier Z,33.3091666425295,2.359223781983049,63,SKU002,Warehouse A,15 Days,Brand Z,9541967521,28,373.4615069571624
3269,Product A,Home,64,Supplier X,18.26597815824217,3.577715298569097,58,SKU002,Warehouse B,15 Days,Brand Y,9494228290,97,908.6051257669619
3270,Product C,Home,13,Supplier X,2.970148694538549,1.108913649347393,48,SKU001,Warehouse B,30 Days,Brand Z,9560776987,89,311.5894739706409
3271,Product A,Clothing,88,Supplier Y,41.50365491027886,3.375300395892651,51,SKU003,Warehouse B,15 Days,Brand Y,9185974120,90,547.7878934234893
3272,Product C,Clothing,28,Supplier Y,8.5451897588264,2.133768957814999,20,SKU003,Warehouse A,7 Days,Brand Z,9856104164,56,30.27231252857591
3273,Product A,Clothing,96,Supplier X,18.61293209473761,3.677937443232289,11,SKU003,Warehouse A,15 Days,Brand X,9210203763,8,526.6563592698411
3274,Product C,Clothing,82,Supplier Y,30.01773427545409,1.566325407652217,10,SKU003,Warehouse C,7 Days,Brand X,9686667996,21,640.572590504524
3275,Product B,Clothing,98,Supplier Z,24.11268692803108,3.943246415264714,53,SKU001,Warehouse A,15 Days,Brand Y,9180875726,75,241.9620483438061
3276,Product C,Electronics,98,Supplier Z,9.933031758565903,3.582558879051913,82,SKU002,Warehouse A,30 Days,Brand Y,9193118115,69,583.1478044433035
3277,Product A,Home,1,Supplier X,7.030817844114195,4.884967331521405,69,SKU002,Warehouse A,7 Days,Brand Y,9229688226,5,650.6960943304757
3278,Product B,Electronics,43,Supplier Y,6.162313612514531,4.644941453032592,13,SKU002,Warehouse B,7 Days,Brand X,9666170024,26,690.017217597939
3279,Product C,Electronics,42,Supplier X,43.15039407496005,2.133211452798809,32,SKU003,Warehouse C,30 Days,Brand X,9218426682,82,778.6392888018821
3280,Product C,Electronics,95,Supplier Z,1.577977453066681,1.109266290901748,76,SKU003,Warehouse A,7 Days,Brand Z,9631653705,51,318.2258505001224
3281,Product C,Electronics,50,Supplier X,48.85071297999472,3.621474244447031,25,SKU001,Warehouse C,15 Days,Brand Z,9724107920,69,572.0991868675594
3282,Product C,Electronics,60,Supplier X,9.926434519270705,3.41154955601869,13,SKU001,Warehouse B,30 Days,Brand Y,9215144733,48,981.7632394669484
3283,Product C,Clothing,1,Supplier X,5.516114843953907,1.109715075065784,87,SKU002,Warehouse C,7 Days,Brand X,9799884469,80,899.1627289585056
3284,Product B,Clothing,51,Supplier X,28.84858273883976,1.490710116810371,47,SKU002,Warehouse C,30 Days,Brand Z,9097176371,92,953.1387738173828
3285,Product B,Home,16,Supplier Z,3.999297897034832,3.338806818143942,64,SKU002,Warehouse C,7 Days,Brand X,9745382343,22,392.2750345432857
3286,Product B,Electronics,39,Supplier X,30.12266315817975,4.647309056173968,45,SKU002,Warehouse C,7 Days,Brand X,9449319830,80,789.0588248376952
3287,Product B,Home,15,Supplier X,42.53133224068065,4.626001106053628,54,SKU002,Warehouse C,30 Days,Brand Y,9396874002,20,623.6989722427443
3288,Product A,Clothing,33,Supplier Y,2.394901073371241,1.605940218448299,93,SKU002,Warehouse B,7 Days,Brand X,9586901540,73,91.90773223161868
3289,Product B,Clothing,87,Supplier X,39.99343022642721,2.538295785620998,73,SKU003,Warehouse A,15 Days,Brand Y,9424708538,7,825.7405852654947
3290,Product C,Clothing,53,Supplier Y,19.72387204910594,1.172811457408696,73,SKU001,Warehouse C,15 Days,Brand Z,9053412714,53,680.330263593791
3291,Product C,Electronics,98,Supplier X,7.974531691560499,2.877087385451716,91,SKU001,Warehouse B,7 Days,Brand X,9558640163,13,206.9281859201141
3292,Product B,Electronics,17,Supplier Y,8.804824013372953,4.012333838692823,67,SKU003,Warehouse B,7 Days,Brand Y,9036573251,30,88.94117185516673
3293,Product C,Clothing,89,Supplier X,45.93822718471131,4.159890845462446,77,SKU002,Warehouse A,15 Days,Brand X,9331900313,50,838.6519093418474
3294,Product B,Home,6,Supplier Y,5.530287597033223,2.995957866386292,11,SKU002,Warehouse B,7 Days,Brand X,9754120686,61,88.11281119628904
3295,Product C,Home,31,Supplier X,43.33913935578286,1.383478698832874,53,SKU002,Warehouse A,7 Days,Brand Z,9396833127,17,100.4403267127723
3296,Product A,Clothing,69,Supplier X,27.21223104918073,2.525455900726266,63,SKU001,Warehouse C,30 Days,Brand Y,9332237944,46,433.1342050252721
3297,Product A,Home,40,Supplier Y,1.952808940821954,4.728407839897457,46,SKU001,Warehouse B,30 Days,Brand X,9134991514,93,143.4498501352823
3298,Product B,Clothing,30,Supplier X,23.22380728586691,1.918450226078859,36,SKU002,Warehouse B,15 Days,Brand X,9431618764,81,914.5329014682922
3299,Product B,Home,69,Supplier X,40.87247572381504,2.279017799650906,73,SKU002,Warehouse B,15 Days,Brand Z,9868155325,51,475.5810969006043
3300,Product B,Clothing,76,Supplier X,36.31013938195502,3.987308701852283,40,SKU003,Warehouse C,30 Days,Brand X,9068054973,88,573.4594708480257
3301,Product C,Home,7,Supplier X,24.43912088423589,3.934323155543753,26,SKU002,Warehouse A,30 Days,Brand Y,9829100979,36,928.8250285833066
3302,Product B,Electronics,13,Supplier Z,43.00249398481085,4.64880915209973,41,SKU003,Warehouse A,15 Days,Brand Y,9343203371,88,534.9605933819652
3303,Product A,Clothing,4,Supplier X,6.018238089011485,2.552474762881502,75,SKU002,Warehouse B,15 Days,Brand Y,9718330337,29,360.0552344977453
3304,Product C,Clothing,50,Supplier Z,45.49705266961844,3.058394895497165,85,SKU002,Warehouse B,15 Days,Brand X,9429013280,29,799.1835547576735
3305,Product B,Home,3,Supplier Z,42.32206042416744,2.86956984488191,67,SKU002,Warehouse C,30 Days,Brand X,9257005421,99,448.4216955004586
3306,Product C,Clothing,12,Supplier X,35.4138412828618,4.711008684089812,28,SKU003,Warehouse C,30 Days,Brand Y,9557013081,74,325.2847313462823
3307,Product C,Clothing,65,Supplier Y,40.89438710643746,4.07732235529854,35,SKU003,Warehouse A,7 Days,Brand X,9552310995,47,725.9971640194792
3308,Product B,Clothing,27,Supplier Y,27.1907753421333,4.325767119335393,56,SKU003,Warehouse B,15 Days,Brand Z,9456221767,38,803.5896198469126
3309,Product C,Electronics,50,Supplier X,33.75812145488334,1.532393075317644,77,SKU001,Warehouse B,7 Days,Brand Y,9381471567,26,793.7990059084287
3310,Product A,Electronics,77,Supplier Z,28.02990353538895,4.167386771472639,11,SKU001,Warehouse B,15 Days,Brand Z,9064718788,15,977.8976699874205
3311,Product A,Home,17,Supplier Y,17.77142652539747,2.731915064229988,44,SKU002,Warehouse B,30 Days,Brand Z,9920232225,31,788.8002793862131
3312,Product C,Electronics,72,Supplier X,28.44303986805888,1.093354731322588,19,SKU003,Warehouse C,15 Days,Brand X,9773781870,28,772.2341015891993
3313,Product B,Home,32,Supplier X,12.87326662659629,1.240353410973138,44,SKU003,Warehouse C,15 Days,Brand X,9988731418,51,858.910401198858
3314,Product C,Electronics,84,Supplier Z,22.01395854203926,3.711631758939378,22,SKU002,Warehouse A,30 Days,Brand Y,9791005603,73,10.18334334248838
3315,Product A,Home,51,Supplier Y,14.03877036301216,2.488049764583879,61,SKU002,Warehouse B,30 Days,Brand X,9623803267,93,368.807097075893
3316,Product C,Electronics,17,Supplier X,6.144389473069451,4.472462292893922,85,SKU002,Warehouse C,15 Days,Brand Z,9732919145,74,740.2270650740778
3317,Product C,Electronics,34,Supplier Y,16.09309281949531,3.937092535503466,33,SKU002,Warehouse B,15 Days,Brand X,9574948916,14,603.7218209991746
3318,Product A,Home,35,Supplier X,42.59936090923853,1.086720046667847,20,SKU003,Warehouse A,15 Days,Brand Y,9084203249,43,185.7962826053015
3319,Product C,Clothing,99,Supplier X,19.05403853211529,3.747553247344008,50,SKU001,Warehouse B,15 Days,Brand X,9562718150,22,310.6957581976599
3320,Product C,Clothing,24,Supplier X,37.40018244844345,1.769409890929425,8,SKU003,Warehouse C,15 Days,Brand Z,9006202148,47,343.4246849712857
3321,Product B,Electronics,54,Supplier Z,8.759892711908062,2.690330274815648,73,SKU001,Warehouse C,30 Days,Brand Z,9671998563,22,572.1498300605929
3322,Product B,Home,18,Supplier Z,21.22095795838208,3.498940808491851,9,SKU002,Warehouse A,15 Days,Brand Y,9066306519,70,833.2823134766656
3323,Product A,Clothing,50,Supplier Z,5.742803466758827,4.490871365182771,51,SKU001,Warehouse A,30 Days,Brand Y,9888454734,13,933.166861979903
3324,Product A,Home,46,Supplier Y,6.931053168374484,2.824391553567757,44,SKU003,Warehouse B,7 Days,Brand X,9425371569,72,752.5914887251026
3325,Product A,Clothing,48,Supplier Z,30.87181899450346,4.233961816764538,51,SKU003,Warehouse B,7 Days,Brand X,9452014448,53,844.5208862750418
3326,Product B,Home,33,Supplier Z,30.37409087245056,4.131862651202532,29,SKU003,Warehouse C,15 Days,Brand Y,9968490309,91,475.3949988670009
3327,Product A,Electronics,87,Supplier Y,10.66859536774311,2.658154051405033,63,SKU003,Warehouse C,7 Days,Brand Z,9314573209,69,395.8775664260645
3328,Product A,Home,89,Supplier Y,23.72115971443993,3.003920653731611,96,SKU003,Warehouse C,30 Days,Brand X,9575448665,42,398.7814468227748
3329,Product A,Clothing,27,Supplier Y,43.1653083488974,3.801940040199252,1,SKU003,Warehouse A,7 Days,Brand Y,9386502519,44,619.8781430565575
3330,Product B,Electronics,1,Supplier Y,8.710075433824144,1.124593738587759,48,SKU002,Warehouse A,7 Days,Brand Y,9815336950,21,132.9943385002509
3331,Product C,Home,85,Supplier Z,0.9605266536757417,4.563245655196984,95,SKU001,Warehouse A,30 Days,Brand Z,9717503512,60,583.6992409623587
3332,Product A,Clothing,59,Supplier Z,32.59975703317862,4.079264637750773,44,SKU002,Warehouse B,15 Days,Brand Y,9473587872,17,668.4815315818882
3333,Product C,Electronics,10,Supplier Y,2.67491040443425,1.997663525609322,16,SKU001,Warehouse A,30 Days,Brand X,9035953858,43,444.5196528041764
3334,Product A,Home,95,Supplier Z,48.9970119286223,4.924719812755902,27,SKU001,Warehouse B,30 Days,Brand X,9841840328,85,953.6355050034557
3335,Product C,Clothing,25,Supplier X,30.48101418994405,1.717561410358475,44,SKU001,Warehouse B,15 Days,Brand Y,9405388708,72,612.1311396557795
3336,Product B,Home,84,Supplier Z,23.51981764219861,4.656346694817607,16,SKU003,Warehouse B,30 Days,Brand Y,9517851813,17,227.7994775142589
3337,Product B,Home,57,Supplier X,21.49962700121534,2.297893833292445,58,SKU003,Warehouse A,15 Days,Brand Z,9784242397,56,484.4240948591811
3338,Product A,Electronics,66,Supplier Y,28.65353292584657,4.052586840656543,13,SKU003,Warehouse C,30 Days,Brand Z,9120467226,84,678.650392763941
3339,Product C,Electronics,15,Supplier Y,4.531221836010745,2.82550637299178,9,SKU001,Warehouse A,7 Days,Brand Y,9182243340,14,330.3928333346742
3340,Product B,Clothing,28,Supplier Z,46.50095294097479,3.945869549800009,97,SKU001,Warehouse A,15 Days,Brand X,9471944598,72,88.84519022613294
3341,Product A,Electronics,13,Supplier Y,31.28210342759389,1.623132191757465,77,SKU001,Warehouse A,15 Days,Brand Z,9741779394,57,587.6012783637761
3342,Product A,Clothing,14,Supplier Z,9.198924880545439,2.078025833545931,80,SKU002,Warehouse B,7 Days,Brand Y,9705644374,1,948.3914669334832
3343,Product B,Home,66,Supplier Z,28.12905268823314,1.399431297888102,85,SKU003,Warehouse C,7 Days,Brand Z,9344616290,13,490.221265707542
3344,Product B,Home,34,Supplier Z,6.662825291650582,4.460575925751213,17,SKU003,Warehouse A,15 Days,Brand Z,9676408565,20,907.0479898405675
3345,Product A,Clothing,99,Supplier Z,0.8776358779156057,2.185171951077997,34,SKU003,Warehouse A,7 Days,Brand Z,9000235607,42,836.673352487977
3346,Product C,Home,25,Supplier X,31.5258492606999,3.777904917666654,47,SKU002,Warehouse B,30 Days,Brand Z,9311972278,44,155.9386557976435
3347,Product C,Electronics,54,Supplier X,32.42416709350639,4.280884790966113,57,SKU002,Warehouse A,30 Days,Brand Z,9968802724,33,711.0882226172151
3348,Product C,Home,79,Supplier Y,29.18482914017078,4.605672945517384,17,SKU002,Warehouse A,30 Days,Brand Z,9977458827,70,441.1108698212586
3349,Product A,Electronics,12,Supplier X,9.174160218001154,1.425188461246871,51,SKU001,Warehouse B,7 Days,Brand X,9496357173,78,257.7438620103075
3350,Product B,Clothing,9,Supplier Y,30.17149292473835,4.57205973405045,29,SKU002,Warehouse A,7 Days,Brand Z,9088628479,11,690.068972110036
3351,Product A,Clothing,31,Supplier Y,2.82554704622599,1.789011110922878,36,SKU001,Warehouse C,7 Days,Brand Y,9423687443,6,745.2341114698571
3352,Product B,Home,78,Supplier Z,30.46191777859611,3.947608046363846,39,SKU001,Warehouse B,15 Days,Brand Y,9363445905,68,188.0973555474904
3353,Product C,Home,93,Supplier Z,27.70085095538094,3.915396077458445,5,SKU003,Warehouse C,30 Days,Brand Z,9140391430,86,915.3002352356464
3354,Product C,Electronics,53,Supplier Z,32.76274154195497,1.034012566963817,78,SKU003,Warehouse A,15 Days,Brand Z,9901071347,27,753.6357715119266
3355,Product B,Electronics,43,Supplier Z,44.77378028761969,1.882495633241017,34,SKU002,Warehouse B,15 Days,Brand Y,9058908917,97,934.041744150549
3356,Product B,Home,38,Supplier Z,42.51790526197683,2.967634058659469,25,SKU001,Warehouse B,15 Days,Brand Z,9783257945,24,323.9024865760541
3357,Product A,Home,42,Supplier Z,49.03270957812694,2.680138826653129,90,SKU001,Warehouse A,30 Days,Brand Y,9440884427,65,939.941665585557
3358,Product C,Clothing,72,Supplier X,48.81205164682875,4.674293919538439,29,SKU001,Warehouse C,30 Days,Brand Y,9984145377,50,374.8324812599971
3359,Product A,Clothing,48,Supplier Y,38.61598466868763,2.438963478010093,74,SKU003,Warehouse A,30 Days,Brand X,9210482927,72,63.43006381311782
3360,Product A,Clothing,67,Supplier Y,47.8209811088864,4.747934859343849,23,SKU003,Warehouse B,7 Days,Brand X,9546562527,33,765.3396948219331
3361,Product A,Home,66,Supplier Z,43.3641942944556,2.837717273570124,54,SKU003,Warehouse B,30 Days,Brand Y,9703452253,45,706.4730626474575
3362,Product C,Home,16,Supplier X,36.37912249474864,4.857411586560663,77,SKU003,Warehouse B,7 Days,Brand Z,9675347329,46,601.9318823406991
3363,Product A,Home,83,Supplier Z,3.76921273218776,3.949419240099445,86,SKU003,Warehouse A,7 Days,Brand Y,9853206325,31,494.9948069403322
3364,Product A,Clothing,94,Supplier X,2.452494413494388,4.317338366528624,8,SKU003,Warehouse A,7 Days,Brand Y,9942197255,11,41.84361761940508
3365,Product A,Home,16,Supplier X,41.87997837528851,1.419507553396004,61,SKU002,Warehouse A,30 Days,Brand Z,9725718944,18,628.3512790049527
3366,Product A,Electronics,31,Supplier Y,24.48279289358491,3.344565732969471,17,SKU002,Warehouse C,30 Days,Brand X,9835844525,46,422.6662690705657
3367,Product A,Home,58,Supplier Y,40.73033421874604,1.570801439317403,50,SKU002,Warehouse C,30 Days,Brand Y,9155791529,37,564.6073087135355
3368,Product A,Home,28,Supplier X,15.64591353276097,2.190484008203896,18,SKU002,Warehouse C,30 Days,Brand X,9791056502,9,435.0281285479599
3369,Product C,Home,4,Supplier Y,19.88249291615064,3.494261624669072,68,SKU001,Warehouse B,15 Days,Brand Z,9769401589,9,966.395571437547
3370,Product A,Home,10,Supplier X,35.00933605059659,3.904902818775563,81,SKU003,Warehouse C,30 Days,Brand X,9855260799,98,608.0678121393387
3371,Product B,Home,51,Supplier X,45.76633684660466,1.156735128045003,32,SKU003,Warehouse B,30 Days,Brand Z,9787928797,40,751.7439672964425
3372,Product A,Electronics,18,Supplier X,4.388073723944297,3.123774924289459,37,SKU002,Warehouse C,30 Days,Brand Z,9155232318,54,936.9834779963725
3373,Product A,Electronics,47,Supplier Y,43.07390723173031,3.261255945159546,12,SKU001,Warehouse C,30 Days,Brand X,9167271540,95,595.6833296875723
3374,Product C,Home,32,Supplier Z,39.65063624396826,1.315311988440805,48,SKU002,Warehouse B,30 Days,Brand Y,9862814316,70,21.94189264417675
3375,Product C,Clothing,30,Supplier Y,15.77696353649273,3.002752136803054,72,SKU003,Warehouse A,15 Days,Brand Y,9931267305,73,43.94876152743694
3376,Product B,Home,36,Supplier Z,17.76083070657798,3.855369120199306,89,SKU002,Warehouse C,15 Days,Brand Z,9159507948,42,705.3150497608432
3377,Product B,Home,9,Supplier Y,2.323073861095482,1.212909139502124,52,SKU001,Warehouse B,7 Days,Brand X,9729571291,37,286.2942847897706
3378,Product C,Home,36,Supplier Y,0.7870305558358992,4.041071105295848,0,SKU003,Warehouse A,7 Days,Brand X,9795089612,26,583.5859300744693
3379,Product C,Clothing,29,Supplier Z,23.85030631788646,3.305706019616547,11,SKU001,Warehouse A,30 Days,Brand X,9934471255,31,210.2544092797623
3380,Product A,Clothing,16,Supplier X,4.776982274865526,4.332908833087163,23,SKU002,Warehouse A,7 Days,Brand X,9370635168,70,277.546386311097
3381,Product C,Clothing,92,Supplier Z,9.70009072076065,1.87225029141628,0,SKU003,Warehouse B,15 Days,Brand Z,9834520388,47,509.5946453885945
3382,Product B,Electronics,21,Supplier X,42.33835997633318,4.333094736852473,67,SKU001,Warehouse C,30 Days,Brand X,9597171067,25,975.8137687225212
3383,Product A,Clothing,64,Supplier X,28.55141956252262,1.378243901069872,6,SKU001,Warehouse C,7 Days,Brand X,9993447151,85,620.1077843170997
3384,Product B,Electronics,66,Supplier Y,31.68162186330567,2.615318785778685,91,SKU001,Warehouse C,7 Days,Brand Y,9928211653,57,936.786623467893
3385,Product A,Electronics,59,Supplier Y,9.373966541596001,1.797939166098594,68,SKU003,Warehouse A,15 Days,Brand Z,9722054659,75,959.786055843078
3386,Product C,Clothing,99,Supplier Y,41.43309022272098,4.504083329163496,38,SKU003,Warehouse C,30 Days,Brand X,9706474601,23,216.0288964563024
3387,Product B,Clothing,28,Supplier Y,43.39898862198738,3.819679265207095,31,SKU002,Warehouse B,7 Days,Brand X,9674930282,53,318.081666444255
3388,Product A,Clothing,55,Supplier Y,26.16637968565217,1.101447108642913,48,SKU002,Warehouse C,15 Days,Brand Z,9583856379,45,772.2923584065171
3389,Product A,Electronics,31,Supplier Z,45.62788859393299,1.038093422455824,30,SKU003,Warehouse C,30 Days,Brand Z,9691526841,57,868.0963622684304
3390,Product C,Home,33,Supplier Z,42.24143124772908,2.164997017926679,78,SKU001,Warehouse C,15 Days,Brand Y,9086786785,92,524.0344767476324
3391,Product C,Clothing,87,Supplier Z,36.5662088337219,1.573132457122262,2,SKU003,Warehouse C,30 Days,Brand Z,9385848732,31,993.2938066077437
3392,Product C,Clothing,60,Supplier Z,36.70379578468143,3.521217910240783,46,SKU003,Warehouse B,30 Days,Brand X,9135183892,15,21.45647676771757
3393,Product B,Clothing,41,Supplier Y,5.269673697543165,3.655187735530239,14,SKU003,Warehouse C,30 Days,Brand Y,9332613785,89,306.5967290293635
3394,Product A,Electronics,81,Supplier Z,13.54180188478329,4.767803614645469,50,SKU003,Warehouse A,15 Days,Brand X,9056727775,69,626.9301362071341
3395,Product C,Electronics,46,Supplier Z,3.342360990883803,4.808159698183363,81,SKU002,Warehouse C,30 Days,Brand Z,9987329109,64,474.597011828108
3396,Product B,Home,49,Supplier X,0.4340604613154331,3.635586821645382,84,SKU002,Warehouse A,7 Days,Brand Z,9756119080,12,125.4369367645127
3397,Product B,Clothing,65,Supplier Y,7.915476569195507,1.022700451410835,73,SKU001,Warehouse A,30 Days,Brand Z,9858438477,5,374.1092146257579
3398,Product B,Electronics,42,Supplier Z,44.024359132347,2.435991666278457,20,SKU003,Warehouse A,30 Days,Brand Y,9292963745,11,35.19267186208866
3399,Product C,Home,23,Supplier Z,11.99370295180258,3.052566052989065,89,SKU003,Warehouse B,15 Days,Brand X,9832927204,8,646.3185856145266
3400,Product C,Clothing,27,Supplier Z,48.50769812958609,2.996719026033864,40,SKU002,Warehouse A,30 Days,Brand X,9560628395,83,893.8151175663917
3401,Product A,Electronics,89,Supplier Y,29.86454997806031,3.413362518008907,2,SKU002,Warehouse A,7 Days,Brand Y,9905672351,58,886.0253825456243
3402,Product A,Clothing,32,Supplier Z,11.86292438173452,4.842205931219041,0,SKU003,Warehouse C,7 Days,Brand Z,9267708575,90,702.549029027891
3403,Product C,Clothing,83,Supplier X,24.85654017421064,4.540770767820615,20,SKU002,Warehouse B,30 Days,Brand X,9446108722,66,471.1124935429482
3404,Product B,Electronics,88,Supplier Y,10.95474113500577,1.435632133801953,74,SKU003,Warehouse B,15 Days,Brand Z,9705353333,23,516.9113025045749
3405,Product B,Electronics,3,Supplier X,49.19867790911869,2.063921565573573,79,SKU001,Warehouse B,7 Days,Brand Z,9757493015,14,145.5496357557063
3406,Product B,Electronics,60,Supplier Y,42.36324919524819,4.332437669678545,98,SKU001,Warehouse A,15 Days,Brand X,9473032875,97,347.606922188011
3407,Product A,Clothing,76,Supplier Z,1.311939439116455,4.297227635276828,20,SKU001,Warehouse A,30 Days,Brand Z,9561331156,62,195.8507947432909
3408,Product B,Clothing,99,Supplier Y,47.38880157337356,2.101482896486684,74,SKU003,Warehouse A,15 Days,Brand X,9325155147,49,822.988201316455
3409,Product A,Home,79,Supplier Y,36.05325536514437,3.922352122744478,94,SKU002,Warehouse C,30 Days,Brand X,9154474067,95,915.6063623245801
3410,Product A,Clothing,17,Supplier Y,4.119062601063916,3.688149514871429,48,SKU001,Warehouse A,30 Days,Brand Y,9048119076,20,541.5540288059159
3411,Product B,Electronics,32,Supplier X,33.53188731632228,2.894095859879846,64,SKU003,Warehouse B,15 Days,Brand X,9871298899,0,730.4864001078147
3412,Product B,Clothing,7,Supplier Y,32.34633489828428,1.805819810716117,40,SKU001,Warehouse C,7 Days,Brand Y,9528152641,96,130.2501231980562
3413,Product C,Home,83,Supplier Z,10.93943729037917,4.554572723576345,95,SKU001,Warehouse C,30 Days,Brand Z,9805534989,10,612.449296844466
3414,Product C,Home,71,Supplier Y,37.92233500037878,3.711404737227339,66,SKU002,Warehouse B,30 Days,Brand Y,9946507664,66,705.7631111640675
3415,Product B,Electronics,69,Supplier Y,4.353235165648356,1.675971699513499,95,SKU003,Warehouse A,30 Days,Brand Z,9642026839,21,458.2404482162868
3416,Product A,Electronics,58,Supplier Z,24.47225906156239,3.819209379363443,41,SKU002,Warehouse C,7 Days,Brand Y,9127571933,73,250.8403536259916
3417,Product A,Home,40,Supplier Z,0.4961603581543961,3.96573487830792,68,SKU002,Warehouse B,7 Days,Brand Z,9963084558,87,878.6007753359775
3418,Product A,Home,85,Supplier X,48.43687444473732,4.547521140484163,56,SKU002,Warehouse A,30 Days,Brand X,9504165436,6,745.4796327541852
3419,Product A,Home,48,Supplier Z,37.57818158884547,1.89135702096774,42,SKU001,Warehouse C,7 Days,Brand Y,9331455152,48,900.858709030703
3420,Product A,Electronics,51,Supplier Z,7.942603807982801,4.955016421653626,11,SKU001,Warehouse C,15 Days,Brand X,9553215841,99,820.2186210228452
3421,Product C,Home,57,Supplier Z,17.08370199756415,1.613573690107685,77,SKU001,Warehouse C,15 Days,Brand X,9972321396,0,990.470685283074
3422,Product B,Home,71,Supplier Y,8.028118890408814,3.402755567438332,63,SKU003,Warehouse C,15 Days,Brand Z,9430527623,64,200.2510058823044
3423,Product C,Electronics,37,Supplier X,38.33087320646573,3.628706021093914,50,SKU002,Warehouse C,15 Days,Brand Z,9036795369,62,95.88029012593435
3424,Product A,Clothing,87,Supplier Z,2.944816271385759,2.675811581063442,72,SKU001,Warehouse A,30 Days,Brand Z,9026564866,63,343.6327634238859
3425,Product A,Clothing,75,Supplier Z,42.02033277818571,2.900150835081546,59,SKU002,Warehouse B,15 Days,Brand Z,9520037631,25,137.7141332730263
3426,Product A,Home,74,Supplier Z,47.10981694178649,4.563640386888549,70,SKU002,Warehouse C,7 Days,Brand Y,9433625418,16,527.8988117771621
3427,Product A,Clothing,85,Supplier Y,33.831397140315,3.581096918661848,79,SKU002,Warehouse B,30 Days,Brand X,9643633050,10,636.6986163536651
3428,Product B,Clothing,55,Supplier Y,10.64827250007171,2.988003832938745,27,SKU002,Warehouse B,7 Days,Brand Z,9989212040,66,582.5057290216696
3429,Product A,Clothing,41,Supplier X,18.00450479067754,1.513398249734099,70,SKU002,Warehouse B,15 Days,Brand X,9701451022,9,266.6477340363674
3430,Product B,Clothing,97,Supplier X,23.86199374044656,1.029350500892539,13,SKU001,Warehouse A,30 Days,Brand Y,9174278175,65,909.7357906591088
3431,Product A,Home,20,Supplier Y,30.23123861011269,1.499874472607334,31,SKU003,Warehouse B,30 Days,Brand Z,9581301501,31,30.96064009802467
3432,Product B,Clothing,33,Supplier Z,33.43315449058437,4.824738269906021,7,SKU003,Warehouse B,30 Days,Brand Y,9847144949,15,354.533220225858
3433,Product C,Clothing,40,Supplier Z,27.71073576594414,4.056347131965323,26,SKU003,Warehouse B,15 Days,Brand Y,9050010378,25,721.8025506440804
3434,Product A,Electronics,99,Supplier X,17.56569604109279,4.868465310040991,49,SKU003,Warehouse C,7 Days,Brand X,9084318082,73,769.2596370856678
3435,Product B,Home,34,Supplier Z,44.54586402824516,1.142834838832687,58,SKU002,Warehouse C,30 Days,Brand X,9693216025,55,421.9573589875413
3436,Product C,Electronics,62,Supplier Y,4.069602900897912,3.720881615434557,56,SKU001,Warehouse B,7 Days,Brand Y,9162964486,99,26.74071512380342
3437,Product A,Electronics,91,Supplier X,23.31280271217475,1.177174105613672,2,SKU001,Warehouse A,15 Days,Brand Y,9638026587,93,621.8632423325
3438,Product A,Home,19,Supplier Y,38.77824192337403,4.128225875475293,26,SKU002,Warehouse C,15 Days,Brand Z,9877703606,8,72.46373437138355
3439,Product A,Clothing,43,Supplier Y,3.043633264570045,2.523800690940777,93,SKU002,Warehouse C,7 Days,Brand X,9454432771,4,116.7772183919793
3440,Product B,Electronics,69,Supplier Z,35.26676084056506,1.383061440425979,33,SKU001,Warehouse B,30 Days,Brand Y,9224110109,6,653.748212449728
3441,Product B,Home,63,Supplier Y,40.98558113766625,3.272186567150061,25,SKU001,Warehouse B,7 Days,Brand Y,9887685797,99,319.3634428814263
3442,Product C,Clothing,93,Supplier Y,33.04156492635261,2.120480786405552,39,SKU003,Warehouse A,30 Days,Brand X,9998431026,64,354.5498511811704
3443,Product B,Home,10,Supplier Z,0.6468446137677997,3.638295767487274,85,SKU003,Warehouse C,30 Days,Brand Y,9551231949,90,491.939006213411
3444,Product B,Electronics,13,Supplier Y,9.006851356610312,3.632699038055161,31,SKU003,Warehouse B,7 Days,Brand Z,9104576547,11,978.7926109107802
3445,Product A,Clothing,93,Supplier Z,17.10565394459754,3.820029896483011,40,SKU001,Warehouse C,30 Days,Brand Y,9350469470,79,965.7877985313233
3446,Product A,Clothing,5,Supplier Y,11.68450178190229,4.969860315111037,1,SKU003,Warehouse B,30 Days,Brand Y,9041551058,47,422.0983893664744
3447,Product A,Home,58,Supplier Z,48.13260701137137,2.546790839789622,71,SKU001,Warehouse B,30 Days,Brand X,9188621936,71,272.8442250460994
3448,Product A,Clothing,59,Supplier Z,32.57969570568968,2.861261897940404,6,SKU001,Warehouse A,15 Days,Brand X,9728248436,24,309.5662311374746
3449,Product A,Electronics,76,Supplier X,14.84854786757852,4.218446804101363,18,SKU002,Warehouse C,30 Days,Brand Z,9083187003,12,276.0934851799881
3450,Product A,Electronics,59,Supplier Y,46.48487493327228,3.313480092087541,32,SKU001,Warehouse C,7 Days,Brand Y,9253309490,40,536.9233490703629
3451,Product A,Electronics,77,Supplier Y,37.02970997380935,1.149028842751199,1,SKU002,Warehouse B,15 Days,Brand Z,9627612619,9,610.7912097229192
3452,Product C,Home,86,Supplier X,14.2303605913521,4.372314081039426,66,SKU002,Warehouse A,30 Days,Brand Y,9422442416,39,493.8915943473694
3453,Product C,Clothing,15,Supplier Z,18.94407847009777,1.205994727752164,91,SKU001,Warehouse A,15 Days,Brand Y,9658922510,32,413.9144186256708
3454,Product C,Clothing,77,Supplier Z,9.971442915197837,1.683280545967137,77,SKU001,Warehouse A,7 Days,Brand X,9472828104,34,219.1721871942384
3455,Product C,Clothing,1,Supplier X,48.55369991329109,1.408319867896749,14,SKU003,Warehouse C,15 Days,Brand Z,9280026458,36,487.6805354682922
3456,Product A,Electronics,38,Supplier X,25.86482479450366,1.311708531524481,20,SKU001,Warehouse B,15 Days,Brand Y,9413147259,91,347.6916866644335
3457,Product C,Clothing,53,Supplier Z,44.80283437489923,1.102739501218841,77,SKU003,Warehouse B,30 Days,Brand Y,9425942867,15,546.1795081703594
3458,Product A,Electronics,52,Supplier Z,17.32498855084238,1.22011085588947,58,SKU003,Warehouse A,7 Days,Brand X,9291713179,71,678.4375213565077
3459,Product C,Clothing,1,Supplier X,43.04208015487379,2.76975675671524,81,SKU001,Warehouse A,7 Days,Brand X,9892752280,32,636.9790526922445
3460,Product B,Electronics,11,Supplier Y,2.694342421358198,2.011409079930456,38,SKU003,Warehouse A,15 Days,Brand X,9950607055,52,467.8653083015374
3461,Product C,Clothing,58,Supplier Z,49.1045158762144,1.506147533675275,19,SKU002,Warehouse C,30 Days,Brand Z,9471306705,34,560.4919000371614
3462,Product C,Home,40,Supplier X,45.60171835166513,3.634822170906104,0,SKU002,Warehouse B,15 Days,Brand Z,9019903651,54,292.0075696511521
3463,Product A,Home,86,Supplier Y,18.16014723883275,1.904447642537034,72,SKU001,Warehouse A,15 Days,Brand Y,9677933827,75,33.99785643216579
3464,Product C,Electronics,99,Supplier Y,38.73610826572887,1.075796621379238,8,SKU001,Warehouse A,15 Days,Brand Z,9869938452,78,628.769259626423
3465,Product B,Electronics,60,Supplier Y,37.6128963236913,2.673679135069311,50,SKU001,Warehouse B,30 Days,Brand X,9042012506,16,260.04287354631
3466,Product A,Clothing,44,Supplier Y,45.06273985514658,2.24173196791322,37,SKU002,Warehouse C,15 Days,Brand X,9742002368,26,672.2641729675918
3467,Product A,Clothing,6,Supplier X,15.36274905644056,2.274417725385971,92,SKU003,Warehouse C,30 Days,Brand Z,9007818052,20,749.5384146009898
3468,Product C,Home,28,Supplier Z,23.27600026570747,2.781080112726246,14,SKU002,Warehouse C,7 Days,Brand Y,9623219691,20,916.7684686427433
3469,Product A,Clothing,31,Supplier Y,43.24998063030265,3.675655708937111,83,SKU003,Warehouse B,15 Days,Brand Y,9899480301,16,958.5415675248169
3470,Product A,Electronics,8,Supplier Y,38.9289727067608,3.465916480151976,40,SKU003,Warehouse C,7 Days,Brand Y,9076173705,26,20.42078584660443
3471,Product A,Electronics,5,Supplier X,19.67333593701396,4.749046439155502,93,SKU001,Warehouse A,15 Days,Brand Y,9045828145,75,990.470467261091
3472,Product A,Electronics,54,Supplier Y,42.2862616456061,3.070866665210086,46,SKU001,Warehouse C,7 Days,Brand X,9652569300,47,686.1881353092193
3473,Product A,Electronics,17,Supplier X,2.347701961620074,2.890279638900289,25,SKU001,Warehouse B,30 Days,Brand Z,9131688201,43,647.0889187704473
3474,Product A,Electronics,38,Supplier X,39.10231514814951,1.853657740867588,53,SKU002,Warehouse C,15 Days,Brand X,9274222681,35,25.06096424340186
3475,Product B,Home,9,Supplier Z,10.33829297168503,4.021525155392627,69,SKU002,Warehouse B,15 Days,Brand Y,9797843599,27,862.6210777678701
3476,Product C,Home,74,Supplier Y,14.30604539118936,1.563103104857139,38,SKU002,Warehouse B,30 Days,Brand Y,9254288037,24,154.0365327753481
3477,Product B,Electronics,84,Supplier Z,24.66074217977968,2.964531559281936,16,SKU001,Warehouse C,7 Days,Brand X,9613747778,72,838.9568523937106
3478,Product A,Clothing,78,Supplier X,22.4867250534987,2.685288793549778,69,SKU001,Warehouse A,7 Days,Brand Y,9611292179,46,25.40692079612884
3479,Product A,Electronics,14,Supplier Y,26.02850534349405,3.633203513617613,91,SKU003,Warehouse B,30 Days,Brand X,9663075438,22,649.5046198741696
3480,Product C,Home,26,Supplier X,27.23877978360119,4.670485879826636,8,SKU003,Warehouse C,7 Days,Brand X,9460251204,74,440.4535184321295
3481,Product B,Electronics,93,Supplier X,16.57638455157485,4.78638236599289,90,SKU001,Warehouse B,30 Days,Brand X,9483117509,49,208.7590617687418
3482,Product C,Home,62,Supplier X,8.7613756508515,1.671197068652634,98,SKU002,Warehouse C,7 Days,Brand X,9279699480,64,116.4857778527298
3483,Product B,Home,91,Supplier Y,38.4240614643653,2.047268873068713,45,SKU001,Warehouse A,30 Days,Brand Y,9289435659,15,445.7264195808632
3484,Product A,Electronics,25,Supplier X,19.9988074543571,4.246541279858826,5,SKU002,Warehouse B,30 Days,Brand Y,9217186880,49,132.0727472682105
3485,Product C,Electronics,80,Supplier X,25.29204312295295,3.073119049796771,67,SKU001,Warehouse A,30 Days,Brand Y,9213269173,12,491.582145574137
3486,Product C,Clothing,36,Supplier Y,32.23483591755591,2.812138273422927,15,SKU001,Warehouse A,30 Days,Brand Z,9839758057,83,628.9648880663237
3487,Product A,Home,98,Supplier Z,45.4818961153328,3.842501809522823,86,SKU003,Warehouse A,7 Days,Brand X,9494070594,79,829.1103516712845
3488,Product C,Clothing,80,Supplier X,35.377641557011,3.407699810427887,86,SKU002,Warehouse A,15 Days,Brand Z,9877867924,79,681.862942811038
3489,Product B,Electronics,33,Supplier Z,2.272961279519226,4.882856217685339,28,SKU002,Warehouse A,7 Days,Brand X,9052599940,34,74.54776903908896
3490,Product B,Home,3,Supplier Z,41.92801816990088,3.335898609153068,40,SKU001,Warehouse C,30 Days,Brand X,9775272121,31,314.3582072223588
3491,Product B,Clothing,87,Supplier Z,49.46775075637596,2.863895305389013,67,SKU003,Warehouse A,15 Days,Brand Y,9987685454,86,295.0988218531754
3492,Product B,Clothing,11,Supplier Z,23.62425126856911,3.171269448312703,61,SKU001,Warehouse C,15 Days,Brand X,9288753283,24,915.8820992363734
3493,Product A,Clothing,58,Supplier Z,48.47951682273003,4.234159266787893,39,SKU001,Warehouse A,7 Days,Brand Z,9105907474,42,869.1042239488359
3494,Product C,Electronics,64,Supplier Z,27.36643711715747,3.450700227140883,61,SKU002,Warehouse A,30 Days,Brand Y,9317741904,27,376.4464391669128
3495,Product B,Electronics,18,Supplier Y,22.98079979359749,3.588192365546871,23,SKU001,Warehouse B,30 Days,Brand Y,9439269174,65,80.44370332375529
3496,Product A,Electronics,47,Supplier Y,16.57023823637275,4.885755520146368,5,SKU003,Warehouse C,30 Days,Brand X,9054327100,66,895.1662446266861
3497,Product C,Home,44,Supplier Z,32.87774379166694,3.473581937701829,39,SKU001,Warehouse A,30 Days,Brand Y,9207656647,94,889.3080534345454
3498,Product C,Electronics,93,Supplier Y,11.49102102625223,2.521140993338159,69,SKU003,Warehouse A,30 Days,Brand Z,9287847012,96,856.1986707104178
3499,Product A,Home,59,Supplier Y,5.246710925720216,3.765304108051186,57,SKU002,Warehouse A,15 Days,Brand X,9963621015,32,846.6308213581466
3500,Product A,Clothing,50,Supplier Z,1.361855129210704,3.637837587909245,13,SKU002,Warehouse C,7 Days,Brand Z,9177204675,46,485.4514610752931
3501,Product B,Clothing,69,Supplier Z,14.61900563576319,1.055390542025528,77,SKU001,Warehouse C,7 Days,Brand Y,9358680791,34,185.6573357271022
3502,Product C,Electronics,88,Supplier X,19.78854160835191,2.869317187143333,44,SKU003,Warehouse C,7 Days,Brand Z,9665129618,99,482.7131699578034
3503,Product C,Clothing,29,Supplier Y,27.60383481406239,3.971614411529597,98,SKU002,Warehouse B,15 Days,Brand Z,9537562903,63,499.6517929627702
3504,Product A,Electronics,93,Supplier Z,14.63749125935032,2.996165830884516,5,SKU003,Warehouse B,15 Days,Brand Y,9972525877,89,495.0324357124121
3505,Product C,Home,90,Supplier Y,49.20297861927056,4.118484543741557,22,SKU002,Warehouse A,7 Days,Brand X,9945036520,11,543.384860253965
3506,Product B,Clothing,67,Supplier Y,14.58725841205838,2.803534785710458,61,SKU002,Warehouse C,15 Days,Brand X,9358415852,52,265.0804527612436
3507,Product C,Electronics,2,Supplier Y,22.04876942232044,4.933286390548943,83,SKU003,Warehouse C,15 Days,Brand Y,9345534612,43,372.5787693222789
3508,Product A,Clothing,25,Supplier X,5.163808276595017,2.171566356815555,16,SKU003,Warehouse B,7 Days,Brand X,9475814224,45,439.8447260438348
3509,Product A,Clothing,19,Supplier Z,13.03132566685378,1.368490432584294,83,SKU003,Warehouse A,15 Days,Brand Z,9186682823,10,139.8099974213349
3510,Product B,Electronics,40,Supplier Y,2.416606989449555,2.720047204616389,69,SKU002,Warehouse C,30 Days,Brand Y,9050992606,69,460.8104932158855
3511,Product B,Clothing,2,Supplier Z,27.9754316718664,3.166836099495676,27,SKU003,Warehouse C,7 Days,Brand Y,9210409978,88,812.364920898897
3512,Product C,Clothing,83,Supplier Y,37.55323415662158,2.396374926729846,12,SKU001,Warehouse A,7 Days,Brand X,9121842962,45,829.7789473055475
3513,Product C,Clothing,65,Supplier Z,9.785490716803396,1.969124640471836,28,SKU003,Warehouse B,7 Days,Brand X,9911248330,58,417.44813418202
3514,Product A,Clothing,62,Supplier Z,18.39554689080354,3.688234765541956,44,SKU002,Warehouse B,7 Days,Brand Y,9593765556,58,523.6202289635099
3515,Product B,Home,91,Supplier Z,0.8308113363580283,2.508500399425008,19,SKU003,Warehouse C,15 Days,Brand Y,9350256109,33,43.31382881370607
3516,Product B,Clothing,54,Supplier Y,41.9761027861106,3.525474116402548,57,SKU003,Warehouse A,7 Days,Brand Y,9067238321,98,677.688230903911
3517,Product B,Clothing,45,Supplier X,38.99817624658348,4.116285794395104,80,SKU003,Warehouse A,30 Days,Brand Y,9758226070,20,410.5598241173944
3518,Product C,Electronics,49,Supplier Z,3.162701543714619,4.044010511040095,53,SKU001,Warehouse A,15 Days,Brand Z,9463826724,81,451.0229062525123
3519,Product B,Home,99,Supplier X,18.24338046602056,2.501237242542765,98,SKU002,Warehouse C,15 Days,Brand Z,9004347675,71,874.9359999079671
3520,Product A,Electronics,69,Supplier Z,47.76433069247477,3.271592915800699,63,SKU001,Warehouse B,7 Days,Brand Y,9547143126,97,467.2160902150023
3521,Product A,Electronics,38,Supplier X,19.60135280394885,2.79863289777097,51,SKU001,Warehouse B,15 Days,Brand Y,9554215627,51,30.98032376557423
3522,Product C,Electronics,4,Supplier Z,26.3104338362008,4.483221010838641,42,SKU002,Warehouse B,15 Days,Brand Y,9418250319,47,235.2159819603717
3523,Product C,Home,17,Supplier X,17.76214305051776,4.515033919199997,86,SKU002,Warehouse B,15 Days,Brand Z,9387338703,77,480.8644081651764
3524,Product B,Electronics,53,Supplier Z,29.80656940641309,2.374966331552147,17,SKU003,Warehouse B,7 Days,Brand X,9363512781,18,430.1523298210504
3525,Product C,Electronics,85,Supplier Z,48.90784378184111,1.366949791514923,99,SKU002,Warehouse C,30 Days,Brand Z,9237908294,83,861.7664359076758
3526,Product A,Electronics,53,Supplier X,49.87512517405985,1.670329933296078,83,SKU003,Warehouse C,7 Days,Brand Y,9681300116,3,546.716134213105
3527,Product B,Clothing,31,Supplier Z,38.73574890055956,2.468006968523535,53,SKU001,Warehouse B,30 Days,Brand Y,9739239188,31,692.7393844959698
3528,Product A,Electronics,22,Supplier Y,20.21555490102196,3.256999819051963,59,SKU003,Warehouse B,15 Days,Brand Y,9717279144,89,474.6300640730354
3529,Product B,Home,11,Supplier Z,24.72161004144942,3.627148043857717,70,SKU002,Warehouse C,30 Days,Brand Y,9742268962,27,445.2591767185733
3530,Product C,Home,34,Supplier Z,17.83656640561527,2.325484185144001,99,SKU003,Warehouse B,7 Days,Brand Z,9637048685,75,451.8238017896078
3531,Product B,Clothing,15,Supplier Y,49.27873149521731,3.669996478495943,0,SKU001,Warehouse B,7 Days,Brand X,9354820096,57,416.8123539969005
3532,Product B,Home,10,Supplier Y,35.38801529127019,4.750959934695024,36,SKU002,Warehouse B,7 Days,Brand Y,9140173005,73,543.1975519956613
3533,Product A,Home,96,Supplier Y,22.44657227167556,3.608056508675802,48,SKU002,Warehouse A,15 Days,Brand Y,9051677651,40,257.9389677360676
3534,Product A,Clothing,53,Supplier X,0.6057635054801169,1.634260917777405,34,SKU003,Warehouse B,30 Days,Brand Y,9780212827,98,892.1446419034027
3535,Product B,Electronics,48,Supplier Y,26.02417071952742,3.31867565191051,66,SKU003,Warehouse A,7 Days,Brand X,9455342545,32,339.7546926129342
3536,Product C,Clothing,31,Supplier X,49.19641008508089,3.167582067067931,34,SKU003,Warehouse B,7 Days,Brand Z,9184121794,13,156.0485958355734
3537,Product C,Electronics,37,Supplier Y,26.15304544865259,4.482800443593683,92,SKU001,Warehouse B,7 Days,Brand X,9307685978,86,105.5849738117677
3538,Product A,Electronics,28,Supplier X,9.121334274455684,2.401212220851897,8,SKU001,Warehouse C,15 Days,Brand Z,9138909765,81,23.28868596892633
3539,Product C,Home,31,Supplier Y,1.104687355238743,2.69178244022672,36,SKU002,Warehouse C,7 Days,Brand Y,9359962243,52,428.6275177811929
3540,Product A,Clothing,70,Supplier Y,17.73518790621045,3.394636221945975,59,SKU002,Warehouse C,15 Days,Brand X,9125180160,75,195.7348786599704
3541,Product C,Home,14,Supplier Z,45.91140278483034,3.097701246968102,55,SKU001,Warehouse A,15 Days,Brand X,9384059284,41,31.43142356137544
3542,Product B,Home,87,Supplier Y,49.82770540879405,3.876066369620697,88,SKU003,Warehouse A,7 Days,Brand Y,9827988834,35,524.8193508266285
3543,Product A,Electronics,16,Supplier Z,47.26839874060013,1.161555963649983,11,SKU003,Warehouse B,15 Days,Brand X,9064726012,24,683.1787631642538
3544,Product A,Home,25,Supplier Y,36.47099966271284,3.254064076827839,70,SKU001,Warehouse A,15 Days,Brand Y,9835543131,51,94.8935404019933
3545,Product B,Clothing,39,Supplier Y,27.90713642203276,1.486687572015501,70,SKU003,Warehouse C,7 Days,Brand Y,9902091345,39,466.311565190463
3546,Product A,Home,66,Supplier Z,29.5343073191126,2.260835970078885,3,SKU001,Warehouse A,7 Days,Brand Z,9907450739,85,746.1923918147392
3547,Product C,Home,38,Supplier Z,26.94960045459804,3.646507446129561,60,SKU003,Warehouse B,30 Days,Brand Z,9580819836,69,985.9487527983408
3548,Product C,Electronics,41,Supplier X,35.35246524614941,1.629656802368711,44,SKU003,Warehouse A,7 Days,Brand Y,9633360179,79,670.5184411961353
3549,Product A,Clothing,98,Supplier Z,20.94366133476762,2.235367342018515,94,SKU002,Warehouse C,30 Days,Brand Y,9304449634,61,252.3911553014254
3550,Product C,Home,40,Supplier X,33.46020024778827,3.812025931341248,49,SKU003,Warehouse B,30 Days,Brand X,9077910013,86,719.3881033812096
3551,Product A,Electronics,64,Supplier Y,6.080605747860051,3.603220970107336,49,SKU003,Warehouse A,30 Days,Brand Y,9177891837,8,601.9501325516317
3552,Product B,Home,89,Supplier Z,13.28476532807419,1.364158676838952,73,SKU001,Warehouse B,7 Days,Brand Y,9993240628,98,219.6812956957322
3553,Product A,Clothing,16,Supplier Z,41.80015194043148,3.309073973969296,47,SKU001,Warehouse B,30 Days,Brand X,9382494548,92,852.5997175890792
3554,Product B,Home,82,Supplier Y,45.18744653716956,1.589017847674558,22,SKU001,Warehouse A,30 Days,Brand Y,9362286671,77,433.1303829553249
3555,Product C,Home,77,Supplier Y,26.95041187801499,2.009085514857971,89,SKU001,Warehouse B,30 Days,Brand Y,9151580471,68,962.3578781867847
3556,Product B,Electronics,59,Supplier Y,1.58178086064662,2.836845114543115,86,SKU003,Warehouse A,7 Days,Brand Z,9788610918,20,725.6719973733002
3557,Product C,Home,91,Supplier Y,46.34867853958841,1.437387293192756,92,SKU001,Warehouse C,7 Days,Brand Y,9203513338,52,648.1175230855039
3558,Product A,Electronics,98,Supplier Z,35.10321290136432,4.974587871674267,7,SKU002,Warehouse C,7 Days,Brand Y,9666285000,69,731.0693091017963
3559,Product C,Clothing,11,Supplier Y,20.70139618776804,1.661478244216005,82,SKU001,Warehouse A,7 Days,Brand X,9672826305,0,483.3160486300393
3560,Product A,Home,1,Supplier Y,29.91894715997482,4.125250513714418,28,SKU003,Warehouse A,15 Days,Brand Z,9347953090,30,510.1742130236572
3561,Product A,Clothing,13,Supplier Z,21.4887417220683,4.3193553800929,42,SKU002,Warehouse B,7 Days,Brand Z,9797151477,44,852.6953115902965
3562,Product B,Clothing,30,Supplier X,23.26696133660255,4.977855879584006,52,SKU003,Warehouse A,30 Days,Brand Y,9847489824,27,684.1192512770679
3563,Product B,Home,69,Supplier Z,44.34049328297009,2.714612871409074,5,SKU002,Warehouse B,7 Days,Brand Z,9750628311,2,898.2708919397253
3564,Product B,Electronics,18,Supplier X,8.054212345855577,4.49637808055736,92,SKU002,Warehouse C,15 Days,Brand Z,9088412438,86,891.9184860385259
3565,Product B,Clothing,78,Supplier Y,5.183456774111839,4.830157756067404,23,SKU002,Warehouse A,15 Days,Brand Z,9094333701,39,976.7251337038067
3566,Product C,Clothing,13,Supplier Z,0.1364372256507873,1.691576579578669,73,SKU003,Warehouse C,15 Days,Brand X,9567649108,3,703.2125122568808
3567,Product C,Home,32,Supplier Y,15.70001878060633,2.91774435623813,13,SKU002,Warehouse A,7 Days,Brand X,9069750269,69,507.2787004851246
3568,Product C,Home,71,Supplier Z,7.370688324221369,1.240043275424351,51,SKU003,Warehouse C,15 Days,Brand Z,9026929593,75,174.6485832069915
3569,Product A,Home,72,Supplier X,10.99927475690556,3.482896048096806,69,SKU002,Warehouse A,15 Days,Brand Z,9369562884,11,708.3267540509431
3570,Product C,Home,50,Supplier Z,0.5619491332688464,3.325624627426266,3,SKU001,Warehouse A,15 Days,Brand Y,9052215628,61,298.6619395923314
3571,Product C,Home,71,Supplier Y,11.35977073438516,1.816505138652789,57,SKU001,Warehouse B,7 Days,Brand Z,9760856295,70,290.1180923569579
3572,Product C,Home,80,Supplier Z,16.6355790966187,4.191611035576504,78,SKU002,Warehouse B,15 Days,Brand X,9547811063,91,245.9048986835874
3573,Product B,Electronics,31,Supplier Y,1.578374820494066,1.149074891054159,36,SKU002,Warehouse A,15 Days,Brand Y,9640922878,89,876.3708367779357
3574,Product C,Clothing,51,Supplier Z,30.39520621485739,4.224909296510228,47,SKU001,Warehouse B,30 Days,Brand X,9264138188,47,869.2848022153366
3575,Product A,Electronics,27,Supplier X,28.4400174441879,1.10658116465547,38,SKU001,Warehouse A,30 Days,Brand X,9811892306,6,634.6607404213576
3576,Product B,Electronics,60,Supplier Z,4.851788925496253,3.627315248545401,91,SKU003,Warehouse A,30 Days,Brand X,9100206856,56,478.2511715570285
3577,Product A,Home,33,Supplier Z,29.75048887592005,1.315078055659605,65,SKU001,Warehouse C,15 Days,Brand X,9851073538,55,675.393315497811
3578,Product C,Clothing,53,Supplier Z,49.93269593044388,2.004902077249292,12,SKU003,Warehouse B,30 Days,Brand X,9170461628,66,611.1571557954068
3579,Product B,Electronics,93,Supplier Z,47.22344764057704,3.887653397247343,65,SKU002,Warehouse B,7 Days,Brand Y,9692717790,12,421.5769058401535
3580,Product A,Home,72,Supplier X,0.133549668383165,2.121619198501547,59,SKU003,Warehouse C,30 Days,Brand X,9948599545,51,385.834558810778
3581,Product C,Home,33,Supplier Y,39.76891556651798,3.044695394870939,40,SKU002,Warehouse A,7 Days,Brand Z,9310114495,62,388.9663650638967
3582,Product A,Clothing,41,Supplier Z,17.6802638118243,4.660993078080457,31,SKU003,Warehouse B,30 Days,Brand Y,9339712557,40,593.2420691244779
3583,Product A,Electronics,19,Supplier Z,3.182568516731371,1.198537416146313,51,SKU003,Warehouse A,30 Days,Brand Z,9927538615,74,651.1926625596176
3584,Product A,Electronics,85,Supplier Z,14.7991606858104,4.244319174942694,4,SKU003,Warehouse B,30 Days,Brand Y,9155906854,22,457.2243359802875
3585,Product C,Electronics,41,Supplier X,16.08682581564812,1.261087994273958,66,SKU002,Warehouse B,7 Days,Brand Z,9777789708,46,969.0045357109126
3586,Product C,Home,85,Supplier Y,26.16221196545284,1.507179377346707,65,SKU002,Warehouse A,7 Days,Brand X,9942758952,64,93.00726082443623
3587,Product A,Clothing,89,Supplier Y,33.05418836344273,1.477276415556843,77,SKU003,Warehouse A,30 Days,Brand Z,9846097034,97,353.5765556942392
3588,Product B,Clothing,42,Supplier Z,37.4527806104204,4.976409132842905,51,SKU002,Warehouse B,7 Days,Brand X,9345659432,30,424.8839362941865
3589,Product B,Electronics,23,Supplier Z,12.29515212816333,1.720745277326134,48,SKU003,Warehouse C,30 Days,Brand Y,9255896906,96,26.75213003029369
3590,Product C,Home,75,Supplier Y,16.08852851242485,4.587047385025073,28,SKU002,Warehouse C,15 Days,Brand X,9081154029,99,371.3076157915429
3591,Product C,Electronics,33,Supplier Z,15.41908534298676,4.963728651786217,37,SKU003,Warehouse C,15 Days,Brand Z,9191763630,35,280.9728180011141
3592,Product C,Clothing,20,Supplier Z,18.13684340604382,2.535139081649192,69,SKU001,Warehouse C,15 Days,Brand X,9402375088,13,510.975907525206
3593,Product C,Home,25,Supplier Z,49.98281544781694,3.524194174114742,97,SKU001,Warehouse C,7 Days,Brand X,9621829568,36,343.0464417114366
3594,Product C,Electronics,90,Supplier X,38.89716514137129,4.11636501505445,7,SKU003,Warehouse A,15 Days,Brand Y,9577651490,31,728.9203135969966
3595,Product B,Electronics,52,Supplier X,48.74952326343485,2.570580327344833,58,SKU002,Warehouse B,30 Days,Brand X,9588879862,52,514.833170453572
3596,Product C,Home,12,Supplier Y,34.65555297735286,1.647256561991229,54,SKU003,Warehouse C,30 Days,Brand Y,9556774306,27,138.4646111613017
3597,Product A,Clothing,32,Supplier X,20.31353508236421,2.735050975170245,1,SKU001,Warehouse B,7 Days,Brand Z,9339958082,64,752.5607109029038
3598,Product A,Home,33,Supplier X,19.48720918134875,4.087550580011778,25,SKU001,Warehouse A,30 Days,Brand Y,9860476291,46,108.2366071218498
3599,Product B,Electronics,74,Supplier Y,24.42905724875225,4.123051050993612,62,SKU003,Warehouse B,15 Days,Brand Z,9849675543,70,840.6586763985638
3600,Product A,Electronics,68,Supplier X,20.84348916822187,1.922155168683653,16,SKU001,Warehouse A,30 Days,Brand Z,9711529565,79,932.1079721453572
3601,Product B,Electronics,15,Supplier Y,41.41631230463729,1.699862559562986,58,SKU003,Warehouse B,7 Days,Brand X,9184298352,31,329.2208372830054
3602,Product B,Electronics,51,Supplier Z,23.25010065133464,4.682242808401399,87,SKU001,Warehouse B,30 Days,Brand Y,9279591251,23,926.8812069303016
3603,Product A,Clothing,6,Supplier Y,14.7807180105423,1.175996122233242,94,SKU002,Warehouse A,30 Days,Brand Z,9969128355,13,795.0780775313129
3604,Product C,Clothing,91,Supplier Y,38.74301343483259,3.938953903060348,15,SKU002,Warehouse B,15 Days,Brand X,9945747148,46,923.2112548937322
3605,Product A,Electronics,69,Supplier Y,42.72102046906973,1.185685541787016,57,SKU002,Warehouse A,7 Days,Brand X,9519664183,78,669.6074355516392
3606,Product A,Clothing,69,Supplier Z,21.02144780702257,4.351600203443951,63,SKU003,Warehouse B,15 Days,Brand Z,9401531622,0,243.2875990272076
3607,Product B,Clothing,82,Supplier Z,33.3904285952766,4.621659253344408,49,SKU003,Warehouse B,30 Days,Brand X,9194541827,91,895.5780045418628
3608,Product A,Clothing,92,Supplier Z,2.940226694415238,2.189676496916396,84,SKU002,Warehouse C,7 Days,Brand Y,9123812571,18,192.4224254090363
3609,Product B,Electronics,35,Supplier Y,26.47324259857333,1.29574257406679,25,SKU002,Warehouse B,30 Days,Brand Z,9496073383,57,220.9299455073602
3610,Product C,Home,86,Supplier Y,2.249056887275402,2.922738145389714,16,SKU002,Warehouse C,30 Days,Brand Z,9279012010,6,278.3523602389601
3611,Product C,Home,34,Supplier Y,1.459542024723404,2.193852146981907,45,SKU001,Warehouse C,15 Days,Brand X,9461638642,81,311.2038483717188
3612,Product C,Home,63,Supplier Y,30.64624252613695,2.668544571241516,67,SKU002,Warehouse A,30 Days,Brand Z,9092538681,76,519.3348457097203
3613,Product A,Electronics,68,Supplier Y,15.16676911974936,3.659941813954721,49,SKU001,Warehouse A,7 Days,Brand Z,9691765053,63,716.3227868297037
3614,Product B,Clothing,18,Supplier Y,37.12685812277327,1.839304143794868,42,SKU002,Warehouse B,7 Days,Brand Z,9387954054,17,926.9460926566769
3615,Product C,Clothing,26,Supplier Y,44.80412803162961,2.427806278056345,47,SKU003,Warehouse A,15 Days,Brand Y,9992501384,62,97.55321146214742
3616,Product B,Electronics,86,Supplier X,6.969558686517535,4.130249961170694,67,SKU002,Warehouse C,15 Days,Brand Y,9038110485,67,954.8256686059535
3617,Product B,Electronics,97,Supplier Z,36.22614192894619,3.575047799811287,18,SKU001,Warehouse B,7 Days,Brand Y,9309225219,49,922.1097374258452
3618,Product C,Home,61,Supplier X,25.72599991441716,2.305101964604955,24,SKU002,Warehouse A,15 Days,Brand Y,9030696319,67,63.45929925922855
3619,Product C,Home,78,Supplier Z,5.605962508134943,3.657206401039714,71,SKU001,Warehouse A,30 Days,Brand X,9628384224,90,366.7179263146471
3620,Product B,Electronics,95,Supplier Y,32.57963032403624,4.061251691567866,17,SKU002,Warehouse A,7 Days,Brand Z,9685903813,15,815.0119563963431
3621,Product C,Home,74,Supplier X,30.47334015532364,3.36994232381115,50,SKU001,Warehouse C,15 Days,Brand Y,9526464450,13,615.4607800246071
3622,Product B,Clothing,88,Supplier Y,25.78209337003913,1.957987330004034,17,SKU001,Warehouse A,7 Days,Brand X,9414925090,61,781.3030039479527
3623,Product B,Electronics,85,Supplier X,46.3235602279829,1.000981162047972,57,SKU002,Warehouse B,30 Days,Brand Y,9941792032,77,721.8430054019886
3624,Product C,Electronics,48,Supplier X,26.05398480520083,4.211396427953126,63,SKU002,Warehouse B,15 Days,Brand X,9314616454,6,501.8024119958919
3625,Product A,Clothing,72,Supplier Y,49.52575577251063,4.290534221264657,70,SKU003,Warehouse B,7 Days,Brand Y,9041873122,55,50.80586549218254
3626,Product C,Clothing,96,Supplier X,25.46144069240555,3.790418005577448,56,SKU003,Warehouse C,30 Days,Brand Y,9589834166,13,588.4255200438561
3627,Product A,Clothing,31,Supplier X,5.79260191506838,1.306323725470455,16,SKU003,Warehouse A,15 Days,Brand Z,9292615544,41,58.08098652870301
3628,Product B,Home,34,Supplier Z,23.52356255375152,3.340889150032185,58,SKU001,Warehouse B,7 Days,Brand Y,9601845678,69,607.6894503597796
3629,Product B,Electronics,87,Supplier Y,9.116438127753563,4.284082685086429,66,SKU001,Warehouse A,30 Days,Brand Y,9082796733,61,802.4067538687415
3630,Product A,Home,89,Supplier Y,29.85667426087136,2.558673280432663,85,SKU003,Warehouse A,30 Days,Brand X,9551802050,42,589.1418312148994
3631,Product B,Clothing,7,Supplier X,34.65660875968005,1.792002936881016,14,SKU003,Warehouse B,30 Days,Brand Z,9193386047,56,997.0515865160801
3632,Product A,Home,83,Supplier Y,23.42176393535468,3.350509188965883,94,SKU002,Warehouse C,30 Days,Brand Z,9967352696,90,461.3078351786287
3633,Product A,Clothing,7,Supplier Z,4.885148384157412,4.305226509203512,99,SKU003,Warehouse B,30 Days,Brand X,9129915562,74,751.3391889679476
3634,Product B,Home,47,Supplier Z,23.43206992917765,1.195479834828262,25,SKU001,Warehouse B,15 Days,Brand Y,9146833666,30,670.5411588244884
3635,Product A,Home,8,Supplier Y,4.07271073672002,3.387804868642943,47,SKU002,Warehouse C,30 Days,Brand X,9640140090,50,991.5173746425071
3636,Product C,Clothing,78,Supplier Y,34.1062977753267,3.572695181357368,13,SKU003,Warehouse A,15 Days,Brand Y,9889325939,66,716.0868150263341
3637,Product C,Home,1,Supplier Z,39.51841124325438,3.409468157393118,80,SKU003,Warehouse A,15 Days,Brand Y,9318830269,0,172.3904241447955
3638,Product B,Electronics,77,Supplier Y,48.11901636135195,3.600134736948194,8,SKU003,Warehouse C,7 Days,Brand Z,9404929498,79,955.9625293530685
3639,Product B,Home,3,Supplier X,7.440105356422821,3.525501230416618,6,SKU002,Warehouse B,7 Days,Brand Y,9282614591,43,671.0994541813037
3640,Product A,Home,53,Supplier Y,26.62101677666521,1.521615539921396,90,SKU002,Warehouse C,15 Days,Brand Z,9592096200,90,68.744848498326
3641,Product A,Electronics,92,Supplier X,28.37686837677093,1.939747107795661,91,SKU002,Warehouse B,30 Days,Brand Z,9385851132,49,660.9926227267663
3642,Product A,Clothing,38,Supplier Z,46.12382668904898,3.475976021156041,54,SKU003,Warehouse C,30 Days,Brand X,9604699216,59,884.2882126080273
3643,Product A,Electronics,51,Supplier Y,31.36383202982571,1.070772644547083,11,SKU002,Warehouse A,15 Days,Brand Y,9050452539,2,581.2714433701248
3644,Product C,Home,15,Supplier Z,7.275482282266054,3.538978074892978,16,SKU002,Warehouse C,30 Days,Brand X,9377538664,71,360.4794416516911
3645,Product C,Clothing,67,Supplier Y,21.81756619815946,3.661546495140128,72,SKU002,Warehouse C,15 Days,Brand X,9525493673,79,822.7005377299098
3646,Product B,Home,64,Supplier X,32.73812642531252,1.956699039446634,7,SKU002,Warehouse B,7 Days,Brand X,9037694316,53,784.6868881237712
3647,Product A,Home,68,Supplier Y,35.01422160346487,3.392531319012559,90,SKU001,Warehouse B,30 Days,Brand X,9188157188,1,548.7403326889878
3648,Product A,Electronics,5,Supplier Z,43.15369992952868,3.136360242895058,41,SKU003,Warehouse B,30 Days,Brand Z,9744036094,28,162.8181521969413
3649,Product B,Electronics,90,Supplier X,9.025355992219858,2.042766192612455,75,SKU002,Warehouse C,30 Days,Brand Z,9124621443,15,258.4766206679495
3650,Product A,Clothing,89,Supplier Y,47.57710733777492,2.851896047499018,36,SKU001,Warehouse C,7 Days,Brand Z,9277679629,92,741.0991324642447
3651,Product A,Clothing,10,Supplier Z,2.956970600779613,4.638498117648727,19,SKU001,Warehouse B,30 Days,Brand Z,9179148252,94,808.0213437409782
3652,Product A,Clothing,8,Supplier Z,49.1881067284451,2.706411121839531,0,SKU003,Warehouse A,15 Days,Brand Y,9348391690,58,286.4726252605799
3653,Product A,Home,12,Supplier Y,42.88835464332043,3.519376707518007,8,SKU003,Warehouse B,30 Days,Brand Z,9948040635,10,374.3052264149188
3654,Product A,Electronics,64,Supplier Z,33.01363913810857,1.141403284162777,23,SKU002,Warehouse C,15 Days,Brand Y,9541722133,95,86.8555663972972
3655,Product B,Electronics,59,Supplier X,36.74977501322108,1.311200453288395,33,SKU003,Warehouse C,30 Days,Brand X,9931232873,23,716.3273288828348
3656,Product A,Electronics,67,Supplier Y,3.634600295939822,1.325232293213274,35,SKU003,Warehouse B,15 Days,Brand Y,9721206788,82,13.54176915403103
3657,Product B,Clothing,91,Supplier X,2.073993144722619,4.112963054505782,3,SKU003,Warehouse B,7 Days,Brand Z,9169445044,31,56.07610600687739
3658,Product A,Electronics,50,Supplier Z,5.088289827568277,2.401027579213811,28,SKU003,Warehouse C,30 Days,Brand Z,9809102731,73,14.30062710624901
3659,Product C,Electronics,23,Supplier Z,4.367990733206889,1.910446753463253,86,SKU002,Warehouse C,7 Days,Brand Z,9444342094,53,648.8663875042406
3660,Product C,Electronics,40,Supplier Z,27.36906167347176,3.989298273806891,98,SKU001,Warehouse A,7 Days,Brand X,9700762391,55,423.2132564235411
3661,Product C,Clothing,97,Supplier X,10.77219935558946,1.679840250224698,15,SKU003,Warehouse B,30 Days,Brand X,9238318092,95,304.5712937298969
3662,Product C,Electronics,78,Supplier Z,43.01028186033633,1.985970100281123,7,SKU001,Warehouse B,30 Days,Brand Z,9190999391,86,913.5740002535392
3663,Product B,Clothing,87,Supplier Y,22.28743115340361,2.723725773080083,90,SKU001,Warehouse A,15 Days,Brand X,9761116697,96,200.8747667298406
3664,Product B,Electronics,95,Supplier Y,34.77552382291375,2.325752276058453,38,SKU001,Warehouse C,30 Days,Brand Y,9994048551,93,395.4743302775865
3665,Product A,Electronics,77,Supplier Z,32.64365464850799,3.341568844146577,57,SKU003,Warehouse C,30 Days,Brand Y,9262460697,93,940.9086829184741
3666,Product C,Electronics,76,Supplier Y,15.9926519464855,2.351362476299391,11,SKU003,Warehouse A,15 Days,Brand Y,9387655139,70,432.835497208672
3667,Product B,Clothing,99,Supplier X,12.15837867628645,2.571806543435568,43,SKU002,Warehouse B,15 Days,Brand Y,9600467372,79,559.1467487905873
3668,Product A,Clothing,18,Supplier X,17.12281426483176,4.451546432997944,3,SKU003,Warehouse C,30 Days,Brand Z,9557699869,42,89.53349790379269
3669,Product A,Electronics,21,Supplier Z,39.83291869249187,4.53812575851201,24,SKU003,Warehouse A,30 Days,Brand Z,9773925951,52,792.2647230245277
3670,Product B,Home,1,Supplier Y,29.31384242098092,4.31084476325363,69,SKU003,Warehouse A,30 Days,Brand Y,9965359726,0,428.5311893173558
3671,Product C,Clothing,38,Supplier Y,12.67693312595877,4.459323730818531,66,SKU001,Warehouse A,7 Days,Brand Y,9531521352,93,802.5099733524986
3672,Product A,Clothing,41,Supplier Z,40.89232215302151,3.278914677356468,38,SKU002,Warehouse C,7 Days,Brand Z,9358825047,97,261.2596661304322
3673,Product C,Electronics,42,Supplier X,2.737969305515336,3.584932859005536,23,SKU001,Warehouse C,30 Days,Brand X,9807739003,60,428.253963055796
3674,Product C,Home,9,Supplier Z,34.95916874951477,3.228692666219762,84,SKU002,Warehouse A,15 Days,Brand Y,9101691813,33,788.6834470013603
3675,Product C,Electronics,23,Supplier Y,21.95504028746554,4.14235233621168,5,SKU003,Warehouse A,30 Days,Brand X,9627977873,60,974.1389893732033
3676,Product A,Clothing,78,Supplier Y,36.56451930329441,3.204001943045777,96,SKU003,Warehouse C,30 Days,Brand Z,9542532488,60,69.02926914339618
3677,Product C,Clothing,11,Supplier Z,46.37306401217134,1.444307858203122,71,SKU001,Warehouse C,7 Days,Brand Y,9534221525,94,814.3316156447153
3678,Product A,Electronics,71,Supplier X,37.50170489734519,4.23832048182744,32,SKU001,Warehouse C,30 Days,Brand Y,9807160959,7,307.6821769508391
3679,Product C,Electronics,31,Supplier X,22.09826776556912,4.042340682710146,47,SKU001,Warehouse C,30 Days,Brand X,9354978085,53,555.2358480821614
3680,Product A,Home,88,Supplier Z,7.548784075694037,4.281202381130502,66,SKU002,Warehouse C,7 Days,Brand X,9825504916,52,297.1913423012404
3681,Product C,Home,26,Supplier Y,40.31754879027169,1.761717853559047,1,SKU001,Warehouse A,7 Days,Brand X,9739003718,19,617.3110178423103
3682,Product B,Clothing,30,Supplier X,23.03527634606858,2.086468210859868,37,SKU003,Warehouse C,15 Days,Brand X,9321885323,45,360.2648023375358
3683,Product C,Home,34,Supplier Z,3.76561617285649,2.18300678905412,39,SKU002,Warehouse C,15 Days,Brand Y,9569166627,92,340.2787420679047
3684,Product C,Home,46,Supplier Y,35.9527698888433,3.032322144742694,55,SKU002,Warehouse A,15 Days,Brand Z,9369438218,30,47.55892980657617
3685,Product A,Clothing,69,Supplier X,14.59259829582948,1.535508336653839,87,SKU003,Warehouse A,30 Days,Brand X,9686047615,84,155.4908018447734
3686,Product A,Clothing,5,Supplier X,2.444411475259262,2.541527013099469,20,SKU001,Warehouse B,15 Days,Brand X,9759114010,25,917.9074168768241
3687,Product C,Clothing,61,Supplier Z,45.13755074870389,1.728632644316118,81,SKU001,Warehouse C,7 Days,Brand Z,9623815419,94,998.2946545845139
3688,Product B,Clothing,83,Supplier Y,24.1550546046955,2.059050852130946,34,SKU003,Warehouse B,15 Days,Brand Y,9728380862,62,782.7153701109104
3689,Product B,Electronics,38,Supplier X,14.04805265865108,3.825550538233709,74,SKU003,Warehouse B,30 Days,Brand Z,9229204934,19,293.9444985257519
3690,Product A,Clothing,28,Supplier Z,35.81932789424557,4.419244625269124,74,SKU003,Warehouse A,30 Days,Brand Z,9459143361,21,408.4206870591566
3691,Product B,Clothing,26,Supplier X,44.29511888412819,1.091623466388735,66,SKU003,Warehouse A,15 Days,Brand X,9274887497,56,742.1084203570219
3692,Product C,Clothing,61,Supplier Y,0.01535375168777442,3.263587853420002,59,SKU002,Warehouse B,30 Days,Brand Z,9670269122,56,968.8284213143661
3693,Product A,Home,23,Supplier X,34.39260925210769,1.144239048249069,22,SKU002,Warehouse B,30 Days,Brand Z,9585168464,25,460.9164590220739
3694,Product C,Clothing,46,Supplier Y,38.35058470092107,1.340996980046201,64,SKU001,Warehouse B,30 Days,Brand Y,9394895978,16,831.2271911354909
3695,Product A,Electronics,30,Supplier X,10.49637136397465,3.820336138456436,62,SKU002,Warehouse B,15 Days,Brand X,9413320187,88,975.3182333727298
3696,Product A,Electronics,67,Supplier X,24.48119157050872,3.942432426008466,22,SKU002,Warehouse C,30 Days,Brand X,9159868833,26,874.7384393454442
3697,Product A,Clothing,92,Supplier Z,4.464294945896791,4.255922692691195,85,SKU002,Warehouse B,15 Days,Brand X,9267980748,66,234.8782493036137
3698,Product A,Electronics,33,Supplier X,37.33749412576738,2.89696604708122,41,SKU003,Warehouse A,15 Days,Brand Y,9818168013,55,17.95154523686671
3699,Product B,Home,3,Supplier Y,42.37280092816763,4.439229928064753,93,SKU002,Warehouse B,30 Days,Brand Y,9276049616,23,497.160888334531
3700,Product C,Clothing,69,Supplier Z,5.409332866233029,1.667353166566497,63,SKU001,Warehouse B,15 Days,Brand Y,9159998590,24,536.0472233783141
3701,Product C,Electronics,83,Supplier Y,40.82301267164173,1.998865654540011,65,SKU002,Warehouse A,15 Days,Brand Y,9482315809,9,209.2378609056579
3702,Product C,Electronics,42,Supplier Y,38.57850852422668,1.538008590407885,80,SKU003,Warehouse B,30 Days,Brand X,9256764944,35,291.8276480273495
3703,Product A,Clothing,62,Supplier Z,17.34566601854486,4.190149042327507,40,SKU002,Warehouse A,30 Days,Brand X,9594539954,81,767.5016292400614
3704,Product B,Electronics,58,Supplier Y,34.51447649667917,1.914700473546476,19,SKU001,Warehouse C,15 Days,Brand Z,9175591160,44,475.6437861260025
3705,Product C,Clothing,57,Supplier X,0.00240619471558734,1.622044971033183,8,SKU002,Warehouse C,7 Days,Brand Y,9084954216,16,324.1805427642541
3706,Product B,Electronics,1,Supplier Z,46.58988272329993,3.492442750352225,56,SKU001,Warehouse A,7 Days,Brand Z,9157790040,77,626.3997670883002
3707,Product A,Home,73,Supplier X,27.51916176541864,1.308328105442698,74,SKU003,Warehouse C,7 Days,Brand Y,9201059947,57,656.2321584163641
3708,Product C,Electronics,60,Supplier X,31.01694320309997,1.17960110888069,16,SKU001,Warehouse C,7 Days,Brand Z,9360287965,82,771.7018190723942
3709,Product B,Electronics,69,Supplier Y,33.23297067695493,1.426870594209836,77,SKU001,Warehouse C,15 Days,Brand X,9935802543,81,165.1422028052899
3710,Product A,Clothing,59,Supplier Y,28.06845086091834,1.00096353594867,81,SKU003,Warehouse A,30 Days,Brand X,9396366051,22,744.1020798037204
3711,Product B,Electronics,46,Supplier X,42.83819437697316,3.78796061688717,17,SKU001,Warehouse B,7 Days,Brand Y,9055136957,7,603.4341081893143
3712,Product C,Clothing,34,Supplier Z,30.4850916075772,3.248941286857915,62,SKU002,Warehouse C,30 Days,Brand X,9776736695,49,66.99614664976914
3713,Product C,Home,97,Supplier X,45.38799956202363,1.839500436150896,71,SKU002,Warehouse B,7 Days,Brand Y,9700179668,15,779.671171970877
3714,Product A,Clothing,25,Supplier X,29.11658111170044,1.932019791910383,92,SKU001,Warehouse B,7 Days,Brand Z,9797835155,88,389.2494785198532
3715,Product A,Clothing,42,Supplier Y,8.55612109902833,4.243874393880159,71,SKU002,Warehouse C,7 Days,Brand Y,9682797788,42,337.0771249863412
3716,Product A,Electronics,29,Supplier Y,45.67812779196515,3.007280463441202,25,SKU002,Warehouse C,30 Days,Brand Z,9021169987,95,453.594400065818
3717,Product B,Home,25,Supplier X,34.08137491798884,3.794113428326959,91,SKU003,Warehouse B,30 Days,Brand Z,9834320033,82,352.7133265330678
3718,Product B,Clothing,54,Supplier X,34.96194972177781,2.811021805099662,71,SKU001,Warehouse C,7 Days,Brand Y,9503453993,81,344.9027362878099
3719,Product B,Electronics,73,Supplier Y,49.27408752858008,1.950872104083169,83,SKU002,Warehouse A,30 Days,Brand X,9443372968,95,809.9968910236192
3720,Product A,Electronics,67,Supplier X,3.759827710478958,4.881611202731627,71,SKU001,Warehouse A,7 Days,Brand Z,9133972988,45,133.2602018220354
3721,Product C,Clothing,15,Supplier Y,21.42963035475857,3.26259025350159,77,SKU001,Warehouse C,15 Days,Brand X,9376363768,48,970.894067178884
3722,Product C,Electronics,4,Supplier X,11.95476964933076,1.52392761507165,12,SKU002,Warehouse B,30 Days,Brand Z,9929675965,14,559.3823279305999
3723,Product B,Clothing,38,Supplier Z,31.52132323568286,2.624360168735627,16,SKU003,Warehouse C,7 Days,Brand Z,9293424528,48,191.0947584370998
3724,Product B,Clothing,20,Supplier Z,40.34058418740359,2.317349647787603,25,SKU003,Warehouse A,15 Days,Brand Z,9312474123,20,139.9033281023696
3725,Product C,Clothing,23,Supplier X,48.31553544462064,1.856349874354085,5,SKU001,Warehouse B,15 Days,Brand Z,9650124867,74,595.5944368136328
3726,Product C,Home,37,Supplier Y,22.729805347736,4.733759956961038,80,SKU003,Warehouse C,7 Days,Brand Y,9760115752,92,636.6694494084587
3727,Product B,Clothing,62,Supplier X,39.31091153213021,4.52367998183901,3,SKU002,Warehouse A,15 Days,Brand Z,9882775437,95,62.49551331951265
3728,Product B,Electronics,8,Supplier X,45.85257960201898,1.796588466080466,88,SKU002,Warehouse B,15 Days,Brand X,9548025603,5,250.571894987498
3729,Product C,Home,37,Supplier Y,34.16627162679423,2.408591556222067,6,SKU003,Warehouse A,7 Days,Brand X,9545355901,54,797.5073020092526
3730,Product A,Electronics,45,Supplier X,12.13662762248856,4.049261566683287,16,SKU003,Warehouse C,15 Days,Brand Y,9295016673,82,59.12838146609024
3731,Product B,Home,97,Supplier Y,30.39270755538957,1.834024192560863,85,SKU001,Warehouse C,15 Days,Brand Z,9112503505,79,856.5377772669757
3732,Product C,Home,33,Supplier X,48.49760239085933,3.366259450416978,91,SKU003,Warehouse A,7 Days,Brand Y,9288276812,75,661.5808517610702
3733,Product C,Home,7,Supplier Y,49.37769144307827,3.799175768499266,49,SKU001,Warehouse A,7 Days,Brand X,9976539977,14,440.0790267695727
3734,Product C,Home,22,Supplier X,32.1179911858389,3.615889302843065,5,SKU002,Warehouse A,15 Days,Brand Z,9383265677,10,352.9685204812067
3735,Product C,Electronics,5,Supplier Z,44.34938789359946,3.825634561102002,29,SKU003,Warehouse A,30 Days,Brand X,9002516232,38,29.05647421040502
3736,Product A,Clothing,15,Supplier Y,10.01746819243014,3.826798356115052,73,SKU001,Warehouse A,7 Days,Brand Y,9704391338,73,826.9627962943247
3737,Product C,Electronics,21,Supplier Z,12.30393024761084,4.859223679395713,55,SKU001,Warehouse B,30 Days,Brand Y,9990550931,50,151.2946354288527
3738,Product B,Clothing,89,Supplier Y,47.64438064424299,2.385995558081278,38,SKU001,Warehouse C,7 Days,Brand X,9976513024,36,316.4465719434672
3739,Product A,Electronics,17,Supplier Y,6.761768774740395,4.514361697503358,13,SKU001,Warehouse B,30 Days,Brand Z,9297714539,48,573.4159105591758
3740,Product C,Home,56,Supplier Y,9.555321904673947,1.087228250060427,53,SKU002,Warehouse A,7 Days,Brand Z,9669330268,56,253.5326740705417
3741,Product A,Home,50,Supplier Y,21.02742995600259,2.152811853293133,21,SKU003,Warehouse B,15 Days,Brand X,9120084176,87,502.1690591146793
3742,Product B,Clothing,7,Supplier X,29.47921438766752,1.194623127996526,56,SKU001,Warehouse C,15 Days,Brand X,9937756912,99,811.2494004513153
3743,Product C,Clothing,50,Supplier X,30.19086094841358,3.604815839823361,40,SKU003,Warehouse A,30 Days,Brand Z,9096555591,64,475.8325554423721
3744,Product B,Electronics,60,Supplier Y,14.59880043327822,1.403161482926478,89,SKU003,Warehouse A,30 Days,Brand X,9632696592,16,949.4875706784001
3745,Product C,Clothing,83,Supplier X,46.03069489751741,4.382827454608185,9,SKU002,Warehouse C,7 Days,Brand Y,9679620564,62,849.0256141725782
3746,Product C,Electronics,7,Supplier Y,45.75499538039314,3.586366735161039,1,SKU003,Warehouse B,7 Days,Brand Z,9778981976,13,339.7088430097602
3747,Product C,Clothing,40,Supplier Y,19.60340265261862,1.115261604214423,66,SKU002,Warehouse C,30 Days,Brand Z,9011614227,37,405.9625033380984
3748,Product C,Clothing,45,Supplier Z,21.71458847151485,3.859109461738492,47,SKU002,Warehouse C,30 Days,Brand Y,9550401338,24,429.0934597523019
3749,Product C,Clothing,59,Supplier Y,35.12485584119559,4.448139789027844,41,SKU001,Warehouse B,15 Days,Brand X,9956848600,36,629.9176583952695
3750,Product A,Home,88,Supplier Y,33.14979481994504,3.644484030648598,10,SKU002,Warehouse B,30 Days,Brand Z,9224483284,98,293.9277718966544
3751,Product C,Home,75,Supplier X,19.11485074804812,1.122096863740129,73,SKU001,Warehouse A,15 Days,Brand Z,9828614796,85,969.5566474342835
3752,Product C,Electronics,55,Supplier Y,20.71221257605017,4.431678193841626,11,SKU002,Warehouse A,30 Days,Brand Z,9727957368,55,612.597378397466
3753,Product A,Clothing,64,Supplier Y,17.40194717107695,3.92985565173614,13,SKU002,Warehouse A,15 Days,Brand X,9186969420,6,405.4076421537222
3754,Product A,Electronics,65,Supplier Z,11.76925034766539,2.513805249935937,29,SKU003,Warehouse C,15 Days,Brand Z,9254743214,10,648.5597173366516
3755,Product A,Clothing,54,Supplier X,22.90691814620698,2.314521033262011,59,SKU001,Warehouse B,15 Days,Brand X,9750352433,73,401.4509604244106
3756,Product A,Home,96,Supplier X,34.32170659512702,2.91928072562976,76,SKU003,Warehouse B,7 Days,Brand Y,9928503389,77,819.6177241696247
3757,Product A,Home,40,Supplier Z,37.09833526571465,4.468407003751484,29,SKU002,Warehouse A,15 Days,Brand X,9236869068,34,572.1625509462041
3758,Product A,Clothing,53,Supplier Y,38.94368241279813,2.00823740747823,37,SKU001,Warehouse C,30 Days,Brand X,9602928807,35,51.55079837200633
3759,Product C,Clothing,44,Supplier Z,18.73660067265607,1.403855244964805,74,SKU002,Warehouse C,30 Days,Brand Y,9277336454,69,184.9892987492262
3760,Product C,Home,63,Supplier X,38.23179971424868,4.4585454918442,64,SKU002,Warehouse B,30 Days,Brand X,9406772786,51,866.3440332992393
3761,Product B,Home,2,Supplier Z,0.3258157845937637,1.105159395522892,90,SKU003,Warehouse B,7 Days,Brand Y,9761483753,68,567.270828093222
3762,Product C,Electronics,79,Supplier X,23.85249688584411,4.643988088976258,46,SKU001,Warehouse B,15 Days,Brand Z,9159008075,41,950.840041748766
3763,Product C,Home,21,Supplier Z,39.69522000663454,2.222980777205603,38,SKU001,Warehouse B,7 Days,Brand Y,9983390081,70,81.69808973207795
3764,Product A,Clothing,88,Supplier Y,31.50223603206766,3.032890806753071,48,SKU001,Warehouse C,15 Days,Brand Y,9189439994,14,302.3080237851142
3765,Product A,Electronics,50,Supplier Y,23.70315620772539,1.529182099008912,72,SKU002,Warehouse A,30 Days,Brand Z,9561553677,20,201.6079395071769
3766,Product C,Clothing,81,Supplier X,32.23210033031746,4.609019877506741,57,SKU001,Warehouse B,15 Days,Brand Z,9349565289,81,558.3018893064489
3767,Product B,Electronics,52,Supplier Z,45.3473001574332,3.999344893537619,89,SKU002,Warehouse B,7 Days,Brand X,9540266640,0,388.9649027691103
3768,Product A,Clothing,9,Supplier X,28.31909003051037,4.696622346432137,88,SKU002,Warehouse B,7 Days,Brand X,9462070348,67,165.7007987356293
3769,Product C,Home,99,Supplier Y,39.98930957300531,3.73291620447265,16,SKU002,Warehouse C,7 Days,Brand X,9149316736,10,646.3243948199514
3770,Product C,Clothing,20,Supplier X,49.03713626125988,1.738775106969304,5,SKU001,Warehouse A,7 Days,Brand Z,9043196790,9,540.9353821392147
3771,Product B,Electronics,83,Supplier Y,35.27841010377833,2.233068011944997,14,SKU003,Warehouse C,30 Days,Brand Z,9266796536,44,281.988888783338
3772,Product B,Clothing,18,Supplier X,28.66628819445318,2.947394300413893,66,SKU002,Warehouse A,7 Days,Brand Z,9431834734,55,484.973644204554
3773,Product A,Electronics,84,Supplier Z,1.874297356267013,3.429032821440828,94,SKU003,Warehouse C,7 Days,Brand X,9951176192,18,748.2809318907775
3774,Product B,Clothing,30,Supplier Y,18.72389491272938,4.705837749345095,27,SKU001,Warehouse B,7 Days,Brand Z,9739167598,41,213.2189578051519
3775,Product C,Home,65,Supplier X,28.27213667575592,2.535805863156556,72,SKU001,Warehouse B,30 Days,Brand Z,9214706713,93,299.9766892347118
3776,Product C,Home,24,Supplier Y,39.86032858530162,3.812288087628584,43,SKU001,Warehouse A,15 Days,Brand Y,9600278643,40,352.649877223174
3777,Product B,Clothing,88,Supplier Z,21.90523948237881,4.844035395643287,17,SKU001,Warehouse C,30 Days,Brand Y,9874102254,19,749.2591728290213
3778,Product B,Clothing,47,Supplier Y,48.00291378823867,1.609496253661812,31,SKU001,Warehouse A,30 Days,Brand Z,9769774765,26,848.4533735553979
3779,Product B,Clothing,83,Supplier Z,13.58968763118374,4.450838355118193,82,SKU003,Warehouse C,30 Days,Brand X,9520601100,11,382.6246114771948
3780,Product B,Electronics,94,Supplier Y,37.22835976051582,2.682824281572795,68,SKU001,Warehouse B,15 Days,Brand Y,9481913889,77,303.6546532155791
3781,Product A,Clothing,90,Supplier Z,20.95157085420637,3.929687103717347,43,SKU001,Warehouse A,7 Days,Brand Z,9976974141,97,890.5522907681604
3782,Product B,Clothing,44,Supplier Y,24.29942472829529,2.174153354948335,69,SKU001,Warehouse A,30 Days,Brand Y,9220606183,63,999.371282870752
3783,Product A,Electronics,29,Supplier Z,40.12510169327201,2.335936873064006,62,SKU001,Warehouse B,7 Days,Brand Y,9449352264,37,673.6501032651811
3784,Product C,Home,77,Supplier X,14.81076308258528,1.108532899472265,75,SKU001,Warehouse B,7 Days,Brand X,9716745266,65,990.0808088392889
3785,Product B,Clothing,68,Supplier X,4.840602829757157,4.885616612667839,57,SKU002,Warehouse B,15 Days,Brand Z,9382119122,57,663.3666150238909
3786,Product A,Clothing,17,Supplier Y,26.01277923067136,4.253810300923138,46,SKU002,Warehouse B,15 Days,Brand Z,9176260822,95,736.1256692877466
3787,Product B,Home,97,Supplier Z,26.43973059018744,1.375671831704882,16,SKU003,Warehouse B,30 Days,Brand X,9654649896,81,394.7694415280785
3788,Product C,Home,5,Supplier X,39.85838861126869,4.998035182655098,38,SKU001,Warehouse B,15 Days,Brand X,9836514102,84,438.637871529063
3789,Product C,Electronics,92,Supplier Y,48.41596031160509,3.420098388811766,58,SKU003,Warehouse C,15 Days,Brand X,9230280091,10,152.6943073495012
3790,Product C,Clothing,88,Supplier X,2.765034316417419,4.414914551857532,6,SKU003,Warehouse C,15 Days,Brand Z,9875008093,29,824.522514617472
3791,Product B,Clothing,81,Supplier Z,29.58447368715544,1.266643053111476,62,SKU001,Warehouse A,7 Days,Brand Y,9198750396,63,931.7484405783281
3792,Product B,Electronics,50,Supplier Y,34.06392651573999,2.557804713967695,56,SKU001,Warehouse C,15 Days,Brand Z,9750457478,82,627.203752357171
3793,Product A,Home,40,Supplier Z,49.29006753742608,3.67860448921444,74,SKU002,Warehouse A,30 Days,Brand Z,9461309645,47,350.2108353609445
3794,Product C,Electronics,46,Supplier Z,47.12951071384558,1.425734874798806,33,SKU001,Warehouse C,15 Days,Brand X,9085765633,39,162.4761621206226
3795,Product B,Home,51,Supplier Z,35.62253823559887,2.955611354616003,52,SKU002,Warehouse C,30 Days,Brand X,9750106827,93,272.5046674082618
3796,Product C,Electronics,11,Supplier X,26.08947056222329,2.770711498176566,65,SKU003,Warehouse B,30 Days,Brand X,9236529130,98,262.8563166433248
3797,Product C,Home,12,Supplier Y,8.076196114963064,1.864160897894319,77,SKU003,Warehouse C,15 Days,Brand Z,9065949424,67,617.3926053219374
3798,Product A,Electronics,13,Supplier Z,19.20882776022087,2.201079343407209,81,SKU002,Warehouse C,7 Days,Brand X,9527634177,20,945.5870907099684
3799,Product A,Home,64,Supplier X,29.25611625285772,4.86847341797993,47,SKU002,Warehouse C,30 Days,Brand X,9096777883,4,57.78916808840165
3800,Product A,Home,8,Supplier Z,36.26001982978769,2.154593944039744,59,SKU001,Warehouse B,30 Days,Brand Y,9906483765,35,11.01207659850352
3801,Product A,Home,65,Supplier X,31.76997787395561,1.853704535873644,42,SKU002,Warehouse B,30 Days,Brand Y,9023698907,90,604.1801248711823
3802,Product C,Home,9,Supplier Y,35.70614009138706,3.144836684273334,72,SKU002,Warehouse C,15 Days,Brand X,9157045707,6,291.2198574589181
3803,Product A,Home,92,Supplier Y,21.45762522759489,3.683832136281191,3,SKU001,Warehouse A,30 Days,Brand Y,9120025181,59,881.7428589155674
3804,Product A,Clothing,2,Supplier Y,36.38136452855045,3.900372444278259,77,SKU003,Warehouse C,15 Days,Brand Z,9149244217,55,333.9778048267588
3805,Product A,Home,78,Supplier Y,7.18706280098596,4.016988737987665,74,SKU002,Warehouse B,30 Days,Brand Y,9565823406,30,296.8402245236004
3806,Product A,Clothing,13,Supplier Z,8.129315588155677,1.147329966059012,93,SKU001,Warehouse B,7 Days,Brand X,9874556988,83,276.8155150061143
3807,Product C,Home,2,Supplier X,8.141607291473141,2.575041601518253,90,SKU001,Warehouse A,30 Days,Brand Z,9070541671,24,153.4042989955617
3808,Product A,Clothing,68,Supplier Y,44.54324785178881,4.095832319132361,92,SKU002,Warehouse B,15 Days,Brand Z,9771815591,55,585.7151695343395
3809,Product C,Clothing,76,Supplier Z,3.801703165431725,4.619408407200518,51,SKU003,Warehouse B,15 Days,Brand Y,9082241297,88,176.5314663108679
3810,Product B,Electronics,48,Supplier Y,40.0754186366738,3.408800493331133,31,SKU001,Warehouse C,30 Days,Brand X,9596537741,80,430.3848481923879
3811,Product C,Home,74,Supplier Y,11.67854490233686,1.209227414038743,93,SKU002,Warehouse A,15 Days,Brand X,9090984984,78,466.3623317330924
3812,Product C,Electronics,3,Supplier Y,23.42149702476253,2.586583223420525,89,SKU003,Warehouse B,7 Days,Brand Y,9981345635,73,30.28712640919471
3813,Product A,Electronics,68,Supplier X,45.7978297732839,1.296908463473819,93,SKU002,Warehouse B,15 Days,Brand Y,9314114095,33,26.63920702293107
3814,Product B,Home,6,Supplier X,29.29686148437533,3.994151450738338,50,SKU001,Warehouse C,30 Days,Brand Y,9179971503,43,525.010561869261
3815,Product B,Electronics,87,Supplier X,10.50588431161793,1.254021877126661,9,SKU001,Warehouse C,7 Days,Brand X,9586402492,6,699.0743849068409
3816,Product B,Home,5,Supplier Y,14.20450301594036,1.742924266940709,11,SKU001,Warehouse C,15 Days,Brand Y,9106899508,50,942.7210574576006
3817,Product B,Electronics,3,Supplier Z,46.02233119478928,2.667833695859097,96,SKU002,Warehouse C,30 Days,Brand Y,9794167536,24,187.3280913153856
3818,Product C,Home,10,Supplier Z,21.35719625549892,2.850593468459488,97,SKU001,Warehouse A,15 Days,Brand Y,9221944712,27,112.2262213417217
3819,Product B,Home,43,Supplier Z,29.34927415033947,2.625926801260049,81,SKU002,Warehouse C,30 Days,Brand X,9930209162,41,61.56702785787942
3820,Product C,Home,19,Supplier Y,22.99660983126944,2.853586586424,38,SKU003,Warehouse A,15 Days,Brand Z,9069188634,26,441.6811670838208
3821,Product C,Clothing,14,Supplier X,18.92190440242248,3.852956608080799,79,SKU003,Warehouse B,15 Days,Brand X,9649178170,36,626.9158936625973
3822,Product C,Electronics,21,Supplier Z,11.1639563466201,2.477075291822166,67,SKU003,Warehouse B,7 Days,Brand X,9426149049,54,842.1478231837516
3823,Product B,Clothing,43,Supplier Y,34.30957502423011,3.191001836602477,9,SKU003,Warehouse C,7 Days,Brand Z,9783762572,37,685.8184334702
3824,Product A,Electronics,28,Supplier Y,35.91210131360602,2.213477030114929,91,SKU001,Warehouse C,15 Days,Brand X,9651867072,55,216.2771811841088
3825,Product A,Electronics,21,Supplier Z,13.74425458036997,2.414509980361931,81,SKU001,Warehouse C,30 Days,Brand Z,9580298726,91,467.1526627323162
3826,Product B,Electronics,36,Supplier Z,39.45054215274152,3.455195836168323,72,SKU002,Warehouse B,30 Days,Brand Z,9893083530,33,911.2428828455687
3827,Product A,Clothing,24,Supplier Y,42.72676001508398,2.96197860654808,85,SKU003,Warehouse B,15 Days,Brand Z,9092562488,28,333.4736518525975
3828,Product A,Electronics,54,Supplier Z,46.03375481198152,3.892145179437124,9,SKU003,Warehouse B,15 Days,Brand Z,9180474305,47,503.7430614410122
3829,Product C,Clothing,38,Supplier Y,8.060620695918496,3.242154352206999,22,SKU002,Warehouse A,7 Days,Brand X,9154836845,71,958.9796812972597
3830,Product C,Home,17,Supplier Z,15.19618418066332,4.214296341535491,76,SKU002,Warehouse B,15 Days,Brand Z,9011007081,76,737.3609255179607
3831,Product B,Electronics,22,Supplier X,43.01766737518478,2.773632851978866,87,SKU002,Warehouse C,15 Days,Brand Y,9959385043,45,750.2629817852751
3832,Product B,Electronics,83,Supplier Y,9.9270101413947,2.964134479467206,12,SKU002,Warehouse A,30 Days,Brand Z,9051327408,36,259.8106643690953
3833,Product A,Home,45,Supplier X,0.1734229621747685,3.679885395603758,47,SKU003,Warehouse A,7 Days,Brand Z,9037906087,2,420.5511371220769
3834,Product C,Home,74,Supplier Z,43.54136551258173,1.884975777648195,88,SKU001,Warehouse A,7 Days,Brand X,9639546190,77,91.51874146575449
3835,Product B,Electronics,61,Supplier Y,16.32247208756847,2.543718147725043,43,SKU003,Warehouse B,15 Days,Brand Y,9639645429,95,610.4606083800284
3836,Product B,Home,11,Supplier Z,20.7248762569475,3.499364976046831,92,SKU002,Warehouse B,7 Days,Brand Z,9599997381,86,112.6928628970692
3837,Product B,Clothing,61,Supplier Y,22.3167012860319,1.115505077062946,79,SKU001,Warehouse B,30 Days,Brand Y,9552422739,86,837.5504863838952
3838,Product B,Clothing,38,Supplier Z,42.41373003336142,2.747885734535767,63,SKU003,Warehouse B,15 Days,Brand Z,9614332117,76,816.4082491497968
3839,Product B,Electronics,66,Supplier X,16.89460722967302,3.395399745224467,39,SKU002,Warehouse C,15 Days,Brand X,9720963073,49,538.2690501110865
3840,Product B,Clothing,33,Supplier X,44.61399429282409,4.869502127912791,5,SKU001,Warehouse A,30 Days,Brand Y,9205780366,20,149.7543728650594
3841,Product A,Clothing,43,Supplier Z,30.8469569024024,4.508066246470685,71,SKU001,Warehouse A,7 Days,Brand Y,9508739375,47,35.32319336321648
3842,Product C,Electronics,31,Supplier X,26.36433620168421,2.122967811770633,97,SKU002,Warehouse A,7 Days,Brand X,9417815393,57,798.7415808671467
3843,Product C,Home,35,Supplier X,16.28072535637312,3.028840416115699,81,SKU001,Warehouse A,30 Days,Brand X,9356772021,30,604.1390783812926
3844,Product B,Electronics,37,Supplier Z,12.18558481405929,1.225657490640365,42,SKU003,Warehouse A,30 Days,Brand X,9432727341,6,713.8203403804046
3845,Product C,Clothing,47,Supplier Y,31.20292213886743,1.963017659271229,31,SKU003,Warehouse C,30 Days,Brand X,9971177912,56,310.7690544790039
3846,Product C,Electronics,23,Supplier Z,22.34470800282881,4.099423472272361,48,SKU003,Warehouse C,30 Days,Brand Y,9160530614,35,514.3879104654754
3847,Product C,Electronics,36,Supplier Y,45.52580049660032,1.493256049101378,73,SKU001,Warehouse A,7 Days,Brand X,9403156923,82,749.7024288342539
3848,Product B,Clothing,40,Supplier X,24.58193580570249,2.030762099335826,97,SKU001,Warehouse A,7 Days,Brand Y,9070616573,85,467.9376752306616
3849,Product B,Clothing,90,Supplier X,25.58974583505956,4.776170006943232,86,SKU002,Warehouse B,30 Days,Brand Z,9669299806,23,605.3703805410436
3850,Product C,Electronics,89,Supplier X,20.83616405680004,4.295423201969832,18,SKU002,Warehouse A,30 Days,Brand Z,9230813085,23,791.8309791898827
3851,Product C,Clothing,81,Supplier X,39.46314984956425,4.127310850595649,83,SKU001,Warehouse C,15 Days,Brand X,9458817691,55,223.0684388137151
3852,Product B,Clothing,15,Supplier X,21.24195990546352,4.458229961208627,51,SKU003,Warehouse B,15 Days,Brand X,9490821299,84,75.2696004639075
3853,Product A,Clothing,37,Supplier Y,13.46709998748775,3.998422746329416,51,SKU001,Warehouse C,7 Days,Brand Y,9681404512,60,536.5052757026971
3854,Product C,Clothing,4,Supplier Y,43.10154371467549,1.48234486447294,33,SKU003,Warehouse B,15 Days,Brand Y,9584315816,76,71.50451301289478
3855,Product A,Clothing,22,Supplier Y,29.84141106826201,3.066245305940925,58,SKU002,Warehouse B,15 Days,Brand Z,9324658544,69,768.8917214230858
3856,Product C,Clothing,81,Supplier Z,29.57551098845009,2.776975683209288,80,SKU001,Warehouse A,15 Days,Brand Y,9668373780,27,722.0193331574508
3857,Product A,Home,22,Supplier X,30.54111035819633,2.24460631308152,4,SKU001,Warehouse C,7 Days,Brand X,9188299501,31,882.895544750644
3858,Product A,Electronics,81,Supplier X,35.94198741028334,4.336161638878422,65,SKU001,Warehouse C,15 Days,Brand Z,9818741078,76,643.166477053621
3859,Product A,Clothing,78,Supplier X,15.65339946562834,2.856556809496935,40,SKU003,Warehouse A,30 Days,Brand Z,9499130153,97,76.52559504485002
3860,Product B,Electronics,78,Supplier Z,1.692218541650142,1.241190405430199,33,SKU002,Warehouse B,7 Days,Brand X,9145659916,95,260.6206042347212
3861,Product A,Home,17,Supplier Z,40.52965804385048,2.099862334881073,53,SKU003,Warehouse B,15 Days,Brand Y,9079844652,77,809.8525261170921
3862,Product A,Clothing,72,Supplier Z,6.445252694081871,1.91448423211778,19,SKU002,Warehouse C,7 Days,Brand X,9796640089,95,175.4610931404519
3863,Product A,Electronics,98,Supplier X,36.09098686052721,4.549915539245134,53,SKU003,Warehouse A,15 Days,Brand Y,9973107381,44,701.4956631367385
3864,Product C,Clothing,90,Supplier Y,4.115764914366437,3.589752402555999,65,SKU002,Warehouse A,7 Days,Brand Z,9523401106,68,782.4567376112732
3865,Product A,Clothing,94,Supplier Z,18.76539210142461,3.2415050635283,91,SKU003,Warehouse C,30 Days,Brand X,9896275610,98,336.8106798766887
3866,Product C,Clothing,86,Supplier Z,3.151303491576912,3.02659696671482,17,SKU001,Warehouse B,15 Days,Brand Z,9957304743,67,329.0744986688794
3867,Product A,Clothing,80,Supplier Y,26.11068398138623,3.600452110165862,43,SKU003,Warehouse B,15 Days,Brand Z,9175182586,77,562.2246543970555
3868,Product A,Clothing,94,Supplier Z,32.65678863907875,4.019502187108499,47,SKU001,Warehouse A,7 Days,Brand X,9042464646,17,862.6734694272161
3869,Product B,Clothing,80,Supplier Y,8.571657058909416,3.21753882332604,34,SKU001,Warehouse B,30 Days,Brand Z,9755350296,74,231.6671398943457
3870,Product C,Clothing,38,Supplier X,18.5813809219201,4.753141660610442,78,SKU001,Warehouse B,15 Days,Brand Y,9503183536,82,941.8456140819786
3871,Product A,Home,24,Supplier Y,46.51197455215268,4.907336682601539,38,SKU003,Warehouse B,30 Days,Brand X,9116341607,1,603.1274979719071
3872,Product C,Home,99,Supplier Y,22.11945585537284,4.981369266435292,2,SKU001,Warehouse C,15 Days,Brand Y,9395111331,97,992.2052066387535
3873,Product C,Clothing,6,Supplier X,40.12717844882783,3.677564440354579,18,SKU003,Warehouse A,30 Days,Brand Y,9774410822,2,98.71758675536941
3874,Product B,Clothing,68,Supplier Z,46.35923725301046,4.730481867023514,86,SKU002,Warehouse C,15 Days,Brand Y,9535621203,28,135.2965151416915
3875,Product B,Home,82,Supplier X,48.71729124886433,2.617918781231819,82,SKU003,Warehouse C,7 Days,Brand X,9215766935,86,828.375385676348
3876,Product B,Home,6,Supplier Z,44.91610098456847,4.438369564989541,17,SKU003,Warehouse B,7 Days,Brand Y,9749158076,47,866.1083366478108
3877,Product B,Home,26,Supplier Z,15.87026645794846,4.636697194958724,93,SKU003,Warehouse A,30 Days,Brand X,9272121435,64,451.0041014872246
3878,Product B,Clothing,91,Supplier Y,48.12864430805965,4.616561889329102,82,SKU002,Warehouse B,15 Days,Brand Y,9624251760,41,716.9304643809116
3879,Product B,Electronics,41,Supplier X,40.61976208730235,4.323385131633526,4,SKU002,Warehouse A,15 Days,Brand X,9763361348,5,868.8817145710831
3880,Product B,Electronics,75,Supplier Y,41.85877918197438,2.626396646565002,54,SKU002,Warehouse B,30 Days,Brand Y,9536195379,58,52.69651033664039
3881,Product B,Electronics,38,Supplier X,0.7586492085917385,1.635629927922937,12,SKU001,Warehouse A,15 Days,Brand Z,9973080227,80,578.210918763326
3882,Product A,Electronics,80,Supplier X,47.71194316591468,2.335825425377783,33,SKU003,Warehouse A,7 Days,Brand Y,9085064670,18,854.9458598612247
3883,Product C,Clothing,83,Supplier Y,38.90451119243703,4.069154277192371,87,SKU003,Warehouse B,15 Days,Brand Z,9858675890,51,404.1733951389272
3884,Product B,Electronics,43,Supplier Z,38.398374825395,1.931542045319901,17,SKU001,Warehouse B,7 Days,Brand Z,9076475936,60,309.3597700513026
3885,Product B,Home,53,Supplier Z,4.076236546429312,2.91308825930389,67,SKU001,Warehouse C,30 Days,Brand Y,9411166935,1,797.7496182438891
3886,Product C,Home,15,Supplier X,11.62842705366656,3.261598071938688,99,SKU003,Warehouse C,15 Days,Brand Y,9042754761,78,342.4287176678078
3887,Product A,Electronics,90,Supplier Z,48.11308325689495,3.415434249751501,71,SKU001,Warehouse A,30 Days,Brand Z,9083413029,22,13.14255520265818
3888,Product C,Home,56,Supplier Y,25.03385374027382,4.742902193515194,42,SKU001,Warehouse B,7 Days,Brand X,9746407339,18,959.9768617527751
3889,Product C,Clothing,56,Supplier Y,19.8929009118628,3.64597208165727,64,SKU002,Warehouse B,30 Days,Brand Y,9809483248,96,596.2020039875083
3890,Product B,Electronics,31,Supplier Y,41.99704085734569,4.145195264309208,40,SKU001,Warehouse C,30 Days,Brand Z,9574217476,69,821.3227395229704
3891,Product C,Electronics,83,Supplier X,4.367020705697216,3.327513391566534,37,SKU001,Warehouse B,15 Days,Brand X,9341394805,49,827.0485467192874
3892,Product C,Clothing,57,Supplier X,20.84710081355297,4.334321275447853,99,SKU003,Warehouse A,30 Days,Brand Y,9040736798,60,75.74631616900548
3893,Product B,Home,51,Supplier Z,18.78503872110418,2.054654452279051,37,SKU001,Warehouse A,30 Days,Brand X,9183089544,18,179.1515973926001
3894,Product B,Clothing,24,Supplier Y,17.49256935151964,1.839510686675157,12,SKU001,Warehouse A,15 Days,Brand Z,9943682335,93,318.0094739520509
3895,Product B,Clothing,58,Supplier Y,15.38461218265366,4.705280195031879,21,SKU001,Warehouse C,30 Days,Brand Y,9128770472,21,327.4922921909096
3896,Product B,Home,73,Supplier X,10.5037478395039,3.773923505429514,28,SKU002,Warehouse A,7 Days,Brand X,9143049732,2,662.1982565041037
3897,Product C,Clothing,87,Supplier X,8.64554014952611,3.686102308232885,8,SKU003,Warehouse C,15 Days,Brand Y,9963150514,4,626.9015915451579
3898,Product C,Home,4,Supplier X,32.02030584598371,2.8691809545138,90,SKU002,Warehouse C,7 Days,Brand X,9955104309,93,499.6438802297156
3899,Product A,Home,10,Supplier Y,45.96974206043392,2.506789037174042,67,SKU001,Warehouse A,15 Days,Brand X,9732962522,66,219.1510949856803
3900,Product A,Clothing,63,Supplier Y,25.44258226249407,3.222764777914555,16,SKU003,Warehouse C,30 Days,Brand Y,9991223579,59,388.1636349934004
3901,Product C,Home,73,Supplier Z,14.89872761733221,1.482265397686668,36,SKU003,Warehouse C,7 Days,Brand Y,9884592554,38,548.1580287805178
3902,Product A,Clothing,83,Supplier Y,7.958009886111316,2.818850244332431,63,SKU001,Warehouse A,7 Days,Brand Y,9320507387,27,473.3055124429025
3903,Product C,Home,15,Supplier Z,41.50716825262971,2.821470817861924,66,SKU002,Warehouse A,7 Days,Brand Z,9139176715,0,136.0196077641276
3904,Product A,Electronics,98,Supplier Z,48.57460282366069,3.153346051777061,3,SKU001,Warehouse C,30 Days,Brand Y,9056590535,21,653.0153885669046
3905,Product B,Home,63,Supplier Y,17.45777007339259,3.538742457468809,39,SKU002,Warehouse C,7 Days,Brand X,9821220624,44,82.32125904255395
3906,Product A,Home,19,Supplier Z,14.54752127760645,4.829273463941449,15,SKU001,Warehouse B,7 Days,Brand Y,9586137825,50,384.4127362502695
3907,Product B,Clothing,63,Supplier Z,30.07464764874707,3.608676508367028,10,SKU003,Warehouse A,30 Days,Brand Z,9091345366,80,712.9290541984768
3908,Product B,Home,56,Supplier X,38.76644904767129,4.534900607813646,90,SKU003,Warehouse B,30 Days,Brand Z,9617957393,50,29.82329917450944
3909,Product B,Electronics,21,Supplier Y,22.77014017748322,3.225215445876655,25,SKU002,Warehouse C,30 Days,Brand Y,9228517618,27,574.282990854863
3910,Product B,Electronics,34,Supplier Z,31.50365749304746,3.507711530509959,94,SKU001,Warehouse B,7 Days,Brand X,9218047092,29,341.1757644018643
3911,Product A,Home,17,Supplier Z,35.8274534011646,1.279347812438278,97,SKU002,Warehouse C,7 Days,Brand Z,9574597129,7,18.74352498850712
3912,Product C,Home,18,Supplier Z,48.02961439280896,1.533054891537662,71,SKU003,Warehouse B,7 Days,Brand X,9271973414,90,198.4794383503621
3913,Product B,Electronics,81,Supplier Y,8.25186652600417,3.318681740790158,64,SKU003,Warehouse C,15 Days,Brand Z,9279052328,40,941.5367313379479
3914,Product A,Clothing,66,Supplier X,49.86912469126847,2.582851479832117,1,SKU002,Warehouse C,7 Days,Brand Z,9650639979,24,525.9374164500394
3915,Product B,Electronics,51,Supplier X,19.60783276206144,4.195242079462007,90,SKU002,Warehouse C,7 Days,Brand X,9917489707,58,997.2549325828404
3916,Product A,Electronics,65,Supplier Y,36.16000713632769,3.172711499496704,44,SKU002,Warehouse A,15 Days,Brand X,9693225668,76,529.5685828610938
3917,Product A,Home,43,Supplier Y,28.62071889864986,4.529164155805351,42,SKU002,Warehouse C,15 Days,Brand Z,9394846506,33,548.4970481673655
3918,Product A,Home,57,Supplier Y,24.33343085044201,4.889326713849165,2,SKU002,Warehouse A,7 Days,Brand X,9195211472,38,397.9245828035239
3919,Product C,Electronics,10,Supplier Y,34.90376843657933,1.59054074048594,33,SKU001,Warehouse C,15 Days,Brand Y,9913561518,70,316.9400145441002
3920,Product A,Clothing,37,Supplier X,19.78769251117976,2.579311006622506,79,SKU002,Warehouse B,7 Days,Brand Y,9931094986,85,259.0300976016154
3921,Product A,Electronics,48,Supplier Z,6.30549906684032,3.659924100952123,64,SKU002,Warehouse C,30 Days,Brand Z,9775619438,96,349.9864099693671
3922,Product C,Electronics,69,Supplier Z,24.44466915606199,2.221955021601399,63,SKU003,Warehouse C,30 Days,Brand Y,9968128175,45,465.2525700914278
3923,Product C,Clothing,56,Supplier Y,26.09579353411593,2.068129350885981,6,SKU003,Warehouse B,30 Days,Brand Z,9979445522,37,200.0720307284822
3924,Product A,Electronics,76,Supplier Y,10.09510766999696,4.254954242515346,34,SKU001,Warehouse C,30 Days,Brand X,9485090068,94,232.6263408876389
3925,Product C,Electronics,36,Supplier Z,46.78096781643286,4.921513876234972,21,SKU002,Warehouse C,15 Days,Brand X,9048560642,32,278.8293209817547
3926,Product B,Home,31,Supplier X,11.37378233231456,4.095213324989926,47,SKU002,Warehouse C,7 Days,Brand Y,9640925031,21,454.7672930115307
3927,Product B,Clothing,55,Supplier Y,20.46137970420488,3.094706491216454,31,SKU003,Warehouse B,15 Days,Brand X,9236441399,26,656.2852331461006
3928,Product C,Home,38,Supplier Y,7.746484342236165,2.770044927781259,25,SKU003,Warehouse C,30 Days,Brand Y,9077390206,62,857.5846887834244
3929,Product C,Home,73,Supplier X,26.7898323093472,3.15859088212146,5,SKU003,Warehouse A,30 Days,Brand Z,9583861674,26,294.2605188152719
3930,Product A,Clothing,90,Supplier X,15.38188040500448,2.851358808750943,45,SKU002,Warehouse A,7 Days,Brand Y,9069599104,20,191.891056938023
3931,Product C,Clothing,15,Supplier X,24.4636259988042,3.011552227142672,54,SKU002,Warehouse A,15 Days,Brand Y,9784198999,52,385.0589902020494
3932,Product A,Electronics,16,Supplier Y,11.2308458229101,1.813812202116911,74,SKU001,Warehouse A,30 Days,Brand X,9048944381,34,895.4392456081372
3933,Product B,Home,77,Supplier X,2.688756397435788,4.614967797237311,94,SKU003,Warehouse B,15 Days,Brand X,9462998051,46,19.76212105376807
3934,Product C,Clothing,89,Supplier Y,38.96133255411277,4.018140006093073,54,SKU003,Warehouse C,7 Days,Brand X,9631197189,49,681.089929897168
3935,Product A,Home,94,Supplier Y,32.05431419798292,3.72390969077288,84,SKU003,Warehouse A,7 Days,Brand Y,9653369673,9,482.3884459474657
3936,Product A,Home,53,Supplier X,17.03696778555064,4.799699883897892,56,SKU003,Warehouse C,15 Days,Brand X,9933342190,27,169.4357528110733
3937,Product B,Clothing,56,Supplier Z,2.374711234116111,2.137577327651352,85,SKU003,Warehouse C,7 Days,Brand Z,9292563431,36,327.811311011722
3938,Product C,Electronics,7,Supplier X,43.27875313485605,1.324637643574457,62,SKU002,Warehouse B,15 Days,Brand Y,9723833645,40,232.7005434382635
3939,Product B,Home,57,Supplier Z,8.489750246783967,4.304554641421326,0,SKU002,Warehouse C,15 Days,Brand Y,9930453985,96,879.0538462112211
3940,Product A,Clothing,55,Supplier X,46.5371109140714,4.993667854597019,20,SKU003,Warehouse A,15 Days,Brand Y,9582875607,60,487.0546501055404
3941,Product A,Electronics,52,Supplier X,23.92976892979792,3.313729752080798,19,SKU003,Warehouse A,30 Days,Brand Z,9991426454,50,567.4633350937678
3942,Product C,Home,4,Supplier Y,17.01933549542419,1.235237551650727,72,SKU002,Warehouse B,30 Days,Brand Z,9174038547,7,597.7507431436504
3943,Product A,Clothing,43,Supplier Y,37.08797384454819,4.121872160619764,90,SKU002,Warehouse A,15 Days,Brand X,9710487476,57,643.2209533563325
3944,Product C,Home,40,Supplier Y,43.84197030375929,1.294996195383366,28,SKU001,Warehouse A,7 Days,Brand X,9783603109,60,500.6001334721706
3945,Product B,Clothing,30,Supplier Y,18.53567818228554,3.160055945037125,42,SKU002,Warehouse B,7 Days,Brand Y,9564868094,32,27.69479552795266
3946,Product C,Clothing,10,Supplier Y,20.36718760850936,2.110129896842108,96,SKU001,Warehouse B,30 Days,Brand X,9614407970,18,341.3754600455054
3947,Product C,Home,94,Supplier Y,21.65791096735987,4.660107122369581,44,SKU003,Warehouse A,15 Days,Brand Z,9443487393,29,192.0345083137813
3948,Product A,Home,7,Supplier Y,46.11615307393345,2.80532485303794,64,SKU003,Warehouse B,30 Days,Brand X,9395103981,77,683.3414144825601
3949,Product A,Clothing,36,Supplier Z,34.62819957571664,4.593853393914213,2,SKU003,Warehouse B,15 Days,Brand X,9124957105,13,66.13760485634619
3950,Product C,Electronics,35,Supplier Z,12.38230585228278,2.19632434101827,95,SKU002,Warehouse A,7 Days,Brand Y,9040498734,35,568.1653572005278
3951,Product A,Home,88,Supplier Y,9.24998487509897,2.549450335285405,19,SKU002,Warehouse A,7 Days,Brand Z,9090900259,6,218.5254050515579
3952,Product A,Clothing,39,Supplier Z,11.5183831712408,4.788476752988322,80,SKU003,Warehouse B,30 Days,Brand Z,9695537679,33,949.3573800823906
3953,Product A,Clothing,36,Supplier X,13.17819445927587,1.805257803726541,36,SKU003,Warehouse C,7 Days,Brand Z,9569293782,49,342.1855327646701
3954,Product C,Electronics,20,Supplier Z,11.50917456670008,3.314004606604581,37,SKU001,Warehouse C,15 Days,Brand X,9610443883,31,331.9689794608879
3955,Product A,Electronics,49,Supplier Y,32.92532235961981,2.554041314240445,73,SKU002,Warehouse A,7 Days,Brand Z,9069468848,41,924.1508213108165
3956,Product C,Electronics,96,Supplier Z,5.796675532875318,4.096667540274909,44,SKU002,Warehouse A,7 Days,Brand X,9520235072,32,423.1744411010999
3957,Product A,Home,59,Supplier X,19.36792448539804,1.51718548468543,92,SKU001,Warehouse C,30 Days,Brand Y,9253243966,13,963.2337108438848
3958,Product B,Clothing,49,Supplier Z,31.25267864851832,2.748859876018674,41,SKU003,Warehouse B,15 Days,Brand Z,9359908147,88,33.92864861216846
3959,Product A,Clothing,90,Supplier Y,14.54299869714654,3.795730507381053,45,SKU003,Warehouse C,30 Days,Brand Y,9423434312,27,313.2811294501249
3960,Product A,Clothing,26,Supplier X,3.263719235082902,2.628064940024639,59,SKU002,Warehouse C,30 Days,Brand X,9218024189,38,669.5310306637668
3961,Product C,Electronics,36,Supplier X,4.091196142298415,1.234126957101507,95,SKU002,Warehouse A,7 Days,Brand Z,9833564219,93,891.9483948823621
3962,Product C,Clothing,43,Supplier Z,6.298338815234317,3.820449045341376,12,SKU003,Warehouse B,15 Days,Brand X,9720472676,30,263.8415370782011
3963,Product A,Home,99,Supplier X,41.79215124340776,3.012793310739932,30,SKU001,Warehouse C,15 Days,Brand Z,9863950352,23,931.1728160440315
3964,Product B,Electronics,43,Supplier X,32.89317528024849,1.045234746720402,67,SKU001,Warehouse B,30 Days,Brand X,9618604738,3,598.1802518341963
3965,Product A,Electronics,99,Supplier X,3.226120554882239,3.450623580913492,61,SKU001,Warehouse A,30 Days,Brand X,9264612090,77,802.9981607659369
3966,Product A,Electronics,76,Supplier Y,19.55344395757099,4.679524090115146,48,SKU002,Warehouse C,7 Days,Brand X,9725908005,8,403.2352312638283
3967,Product B,Electronics,33,Supplier X,13.92925864235328,1.444103792846756,17,SKU001,Warehouse A,15 Days,Brand Y,9571047196,99,220.0585787412046
3968,Product C,Home,78,Supplier Z,28.90200558144001,3.362684940036676,74,SKU002,Warehouse C,15 Days,Brand Z,9517674526,69,912.1230612932162
3969,Product A,Clothing,97,Supplier Z,26.14029748361567,3.914675527050521,52,SKU002,Warehouse B,7 Days,Brand X,9224357858,23,933.8045097221565
3970,Product C,Home,45,Supplier X,24.05620116848575,1.283094680561222,17,SKU003,Warehouse A,30 Days,Brand Z,9458458042,89,502.5993927125941
3971,Product C,Clothing,45,Supplier Z,15.72561851863066,1.090461832656745,50,SKU003,Warehouse B,15 Days,Brand X,9584816949,97,16.43006583926394
3972,Product B,Home,88,Supplier X,6.889988602199537,2.856783466579789,40,SKU001,Warehouse C,7 Days,Brand Z,9522145637,64,118.6851241337004
3973,Product B,Electronics,15,Supplier Z,37.1188191436319,4.164746748937455,96,SKU001,Warehouse A,30 Days,Brand X,9710374580,86,577.2976806294046
3974,Product C,Electronics,95,Supplier X,43.99283844213272,1.642877640397313,66,SKU002,Warehouse B,7 Days,Brand X,9904181529,16,33.53893527886736
3975,Product A,Home,17,Supplier X,47.20754546164086,4.346549088859692,64,SKU003,Warehouse B,15 Days,Brand Y,9218452620,99,402.9428047468283
3976,Product C,Home,12,Supplier X,2.930948530679023,3.626309021694385,82,SKU003,Warehouse C,30 Days,Brand Z,9946150644,36,310.3362461162924
3977,Product A,Clothing,22,Supplier Y,36.99543557944415,2.328693151153943,5,SKU002,Warehouse A,7 Days,Brand Y,9985659832,49,717.2047926481827
3978,Product A,Home,23,Supplier Z,36.32517297034813,3.063303193969798,73,SKU001,Warehouse B,7 Days,Brand X,9590131474,44,65.02288621845594
3979,Product B,Home,90,Supplier X,47.35548070727946,4.862299918906954,36,SKU001,Warehouse A,7 Days,Brand Y,9952845535,19,493.8439562875146
3980,Product A,Clothing,78,Supplier Y,12.64572972488827,1.865747882529355,11,SKU002,Warehouse A,15 Days,Brand Y,9853455386,58,583.3231271768493
3981,Product A,Clothing,12,Supplier Y,37.10895191475782,2.998141590976161,80,SKU003,Warehouse A,15 Days,Brand Y,9519578873,58,621.1181652920915
3982,Product C,Clothing,68,Supplier X,2.731314438324228,3.497946224430483,90,SKU002,Warehouse A,15 Days,Brand Y,9267197158,89,411.1060952967715
3983,Product B,Home,51,Supplier X,31.56228603808096,1.552058421902665,1,SKU002,Warehouse C,7 Days,Brand Z,9483753996,10,311.3241055952554
3984,Product A,Clothing,13,Supplier X,17.54239120260899,1.174088354493239,52,SKU001,Warehouse B,15 Days,Brand Y,9850713907,54,685.6681033997772
3985,Product A,Electronics,57,Supplier X,38.44547197737376,1.053839811725885,24,SKU003,Warehouse A,7 Days,Brand X,9938873441,83,849.0933576214701
3986,Product B,Electronics,55,Supplier X,43.16521432176967,2.298771426400065,27,SKU001,Warehouse B,7 Days,Brand X,9797886655,64,696.68146140505
3987,Product C,Electronics,82,Supplier Z,18.24105211087581,1.295789177939461,44,SKU001,Warehouse B,7 Days,Brand Y,9476218041,76,932.7813418026494
3988,Product B,Home,28,Supplier X,26.27930463496503,4.215079810164458,36,SKU003,Warehouse B,30 Days,Brand Y,9025823250,57,720.0908901043479
3989,Product B,Electronics,44,Supplier X,5.870203118179996,4.989278108646984,16,SKU001,Warehouse C,7 Days,Brand Y,9612337689,99,766.9725466734822
3990,Product A,Home,19,Supplier Z,20.84534826117383,1.245215286937856,68,SKU002,Warehouse A,15 Days,Brand X,9283438085,43,176.224164636068
3991,Product A,Home,46,Supplier Y,18.04001966295846,2.730905103733758,55,SKU002,Warehouse A,7 Days,Brand Y,9212814988,76,425.3442480814447
3992,Product C,Electronics,3,Supplier Z,9.156172989225887,1.102928491930299,57,SKU003,Warehouse B,15 Days,Brand Z,9170555117,13,490.2047776464055
3993,Product A,Clothing,83,Supplier Y,44.72393123833879,1.535963563029053,82,SKU002,Warehouse B,30 Days,Brand Y,9836407013,75,263.7302306716616
3994,Product A,Home,20,Supplier Y,7.404391902008012,2.291690243642696,3,SKU002,Warehouse C,30 Days,Brand Z,9131695642,51,533.254461752725
3995,Product B,Electronics,25,Supplier Z,31.78696787650936,2.574792852230599,54,SKU002,Warehouse C,7 Days,Brand Y,9829196392,33,297.884024779629
3996,Product A,Home,75,Supplier X,44.50713217399439,4.75913178571456,48,SKU002,Warehouse B,15 Days,Brand X,9661822985,62,690.6270718763718
3997,Product C,Clothing,56,Supplier Y,45.59842899316128,2.583347235027583,37,SKU001,Warehouse A,30 Days,Brand X,9862104335,26,475.5855919361441
3998,Product B,Clothing,81,Supplier X,39.66198499202842,2.985110636229609,44,SKU002,Warehouse C,30 Days,Brand Y,9829734166,11,464.2188847263453
3999,Product C,Electronics,61,Supplier Z,8.807056693708832,1.982333473095466,29,SKU003,Warehouse A,30 Days,Brand Z,9286419246,37,983.8061057224836
4000,Product B,Home,55,Supplier Y,40.87157046069348,1.000500555026302,95,SKU001,Warehouse C,15 Days,Brand X,9706163723,99,398.5204000571447
4001,Product A,Home,35,Supplier X,13.82824062078123,4.597337826932541,36,SKU002,Warehouse A,7 Days,Brand X,9907073179,55,368.6724782636726
4002,Product B,Home,78,Supplier Y,46.11990137162545,1.326859028145219,55,SKU002,Warehouse B,7 Days,Brand X,9754003020,64,325.4183275698279
4003,Product B,Home,59,Supplier Y,35.45433407119248,4.856995364144916,26,SKU003,Warehouse C,30 Days,Brand Y,9154373137,89,895.8017287660401
4004,Product A,Electronics,39,Supplier Z,39.26337805044432,1.523376416401041,31,SKU001,Warehouse B,7 Days,Brand Y,9345558585,39,501.7565878371964
4005,Product A,Clothing,57,Supplier X,4.251622675096861,3.419513923001761,10,SKU002,Warehouse C,30 Days,Brand Y,9026110593,20,604.0143327058291
4006,Product C,Electronics,83,Supplier X,29.13825567217722,4.997642351426547,57,SKU003,Warehouse B,15 Days,Brand Z,9733479085,31,189.0102942123711
4007,Product C,Home,67,Supplier Y,41.05710634493398,1.553858384278703,76,SKU001,Warehouse C,7 Days,Brand Y,9015934864,88,545.5329364048777
4008,Product A,Home,34,Supplier X,43.07951763862496,2.695772339759297,34,SKU001,Warehouse C,15 Days,Brand Z,9887200854,11,281.9017109398034
4009,Product A,Clothing,41,Supplier Y,1.431585236682076,4.121694675885906,16,SKU002,Warehouse C,7 Days,Brand Y,9486756159,88,733.3305520502487
4010,Product A,Home,22,Supplier Z,46.95796162775596,1.128760599399873,29,SKU003,Warehouse A,15 Days,Brand Z,9134421846,25,834.2030653044583
4011,Product B,Electronics,27,Supplier Z,2.166936665123986,3.759131004560178,17,SKU003,Warehouse A,15 Days,Brand Z,9954024384,35,717.6625852099648
4012,Product B,Electronics,21,Supplier X,30.72593398374249,1.321493351563198,29,SKU002,Warehouse C,7 Days,Brand Y,9939538485,15,732.9417246075548
4013,Product B,Clothing,41,Supplier Z,34.66937638076561,1.946080569092905,89,SKU002,Warehouse B,30 Days,Brand Z,9056881229,77,517.3499570783218
4014,Product A,Electronics,31,Supplier Z,5.36726455839549,1.640304649973442,15,SKU002,Warehouse B,30 Days,Brand X,9943199947,33,714.996875770794
4015,Product C,Electronics,27,Supplier X,2.400593280459634,4.629345726587745,74,SKU003,Warehouse C,15 Days,Brand X,9817129910,23,428.4600661530787
4016,Product A,Electronics,37,Supplier Y,39.24560772253646,1.721826867126723,53,SKU001,Warehouse A,15 Days,Brand Y,9975323917,71,654.9742619943169
4017,Product B,Electronics,66,Supplier Z,19.2335312398717,1.161736382060629,3,SKU002,Warehouse A,30 Days,Brand X,9553864688,90,266.4488180193095
4018,Product B,Home,54,Supplier X,5.355625765756184,3.350502713791049,14,SKU002,Warehouse A,7 Days,Brand Y,9522084523,38,79.05944218889005
4019,Product A,Electronics,9,Supplier X,38.1333908193821,2.384723701638808,75,SKU001,Warehouse A,7 Days,Brand Z,9504658469,63,419.3385314807488
4020,Product A,Clothing,83,Supplier X,42.45815350718103,2.622824882565466,26,SKU001,Warehouse B,15 Days,Brand X,9199372473,76,467.160374222685
4021,Product B,Clothing,42,Supplier Z,29.36930953794037,1.476250979450188,3,SKU003,Warehouse C,7 Days,Brand Z,9577628520,28,263.8430866068031
4022,Product B,Electronics,36,Supplier Z,8.061840421732281,3.992937965732778,34,SKU002,Warehouse C,15 Days,Brand Y,9422299883,30,730.4324232231653
4023,Product B,Clothing,10,Supplier Y,0.7611235745745404,3.406214598574072,84,SKU003,Warehouse C,7 Days,Brand Y,9439468464,62,82.81497418651641
4024,Product A,Electronics,59,Supplier Y,35.0401240650972,2.45686817899312,62,SKU001,Warehouse B,15 Days,Brand Z,9308761615,42,230.5208411353967
4025,Product B,Clothing,40,Supplier Y,27.50698374126584,1.686299775052544,99,SKU002,Warehouse A,7 Days,Brand Y,9124457809,18,751.0790712690906
4026,Product B,Clothing,54,Supplier Y,32.53985708600398,3.373806956682242,65,SKU003,Warehouse A,15 Days,Brand X,9756643311,9,442.7530310026123
4027,Product C,Electronics,39,Supplier Y,40.65923350997979,4.114389118029509,38,SKU003,Warehouse B,30 Days,Brand Y,9033805897,55,708.2307877989193
4028,Product A,Electronics,7,Supplier Y,21.71138884964861,2.24958913546878,27,SKU001,Warehouse B,30 Days,Brand X,9558331090,59,571.8110190057603
4029,Product C,Home,4,Supplier X,6.225773441681021,1.103441534154388,33,SKU002,Warehouse C,30 Days,Brand Y,9285605661,42,951.2056224973888
4030,Product C,Electronics,15,Supplier Y,46.99916426954132,1.857375939011936,32,SKU003,Warehouse C,30 Days,Brand X,9339773251,47,601.8178743956047
4031,Product B,Electronics,76,Supplier Z,27.26310636234286,3.729591275571317,49,SKU003,Warehouse B,15 Days,Brand Y,9144237894,39,24.72028460206451
4032,Product A,Home,48,Supplier Y,30.76470595442701,4.95638550982769,59,SKU001,Warehouse B,7 Days,Brand Y,9537923407,33,359.3485769992907
4033,Product B,Electronics,6,Supplier Z,46.67057147758756,1.053504957635106,71,SKU002,Warehouse B,15 Days,Brand Z,9492776050,0,151.6300753826606
4034,Product A,Electronics,73,Supplier Y,46.57918281551315,2.224614248528403,71,SKU001,Warehouse A,15 Days,Brand Z,9023697654,18,925.3873408217262
4035,Product C,Home,35,Supplier X,28.60473033640868,1.248083481795355,41,SKU003,Warehouse C,15 Days,Brand X,9205292068,0,112.9723297422295
4036,Product A,Electronics,72,Supplier X,14.8805712360713,2.265397151052129,85,SKU002,Warehouse B,7 Days,Brand Z,9591320004,87,393.8295964997766
4037,Product B,Electronics,71,Supplier Z,49.85568170063696,2.623657372509685,90,SKU001,Warehouse B,15 Days,Brand Z,9506318326,24,233.8382016904253
4038,Product B,Home,68,Supplier Y,34.0408544976768,4.68344836778502,27,SKU002,Warehouse A,30 Days,Brand X,9334818870,67,848.254770492766
4039,Product B,Home,58,Supplier X,20.42183384460283,1.322243197619915,74,SKU002,Warehouse B,30 Days,Brand Z,9169083046,87,315.4808326130278
4040,Product A,Clothing,77,Supplier X,27.99184014267949,4.10853621226308,26,SKU002,Warehouse C,15 Days,Brand X,9405679792,83,991.9745483112185
4041,Product C,Electronics,19,Supplier Y,20.79170251340148,2.582137584251853,0,SKU003,Warehouse A,30 Days,Brand X,9779635040,96,48.23043955612838
4042,Product C,Clothing,62,Supplier Z,44.41525761483237,4.245051398667711,91,SKU002,Warehouse B,30 Days,Brand X,9785545918,27,136.9940047379402
4043,Product A,Clothing,71,Supplier Z,24.1249687432873,3.053608741302485,90,SKU001,Warehouse C,7 Days,Brand X,9213584994,44,232.392388664818
4044,Product B,Home,10,Supplier Z,41.17641879906236,1.15712815537364,7,SKU002,Warehouse C,15 Days,Brand Y,9011052655,98,812.9949797981578
4045,Product C,Electronics,25,Supplier X,42.00881489115019,4.784823538859355,45,SKU002,Warehouse A,15 Days,Brand Y,9821415029,23,879.7320369733756
4046,Product B,Electronics,44,Supplier Y,41.21661688676242,1.330936253738087,23,SKU003,Warehouse C,30 Days,Brand X,9933162657,43,80.73686680332813
4047,Product A,Home,99,Supplier X,36.10943062378372,3.390734010135025,39,SKU001,Warehouse A,15 Days,Brand Z,9901772856,1,42.13554034465364
4048,Product B,Clothing,58,Supplier X,42.74388584037909,4.510671051734063,50,SKU002,Warehouse C,15 Days,Brand X,9540668256,22,747.1112885335335
4049,Product C,Home,25,Supplier X,19.36147898114846,1.319079191000776,99,SKU003,Warehouse B,30 Days,Brand X,9363661885,96,142.0184866860773
4050,Product C,Electronics,93,Supplier X,5.733160307098018,3.215573553664052,23,SKU003,Warehouse A,30 Days,Brand Z,9805238260,77,141.6686012038928
4051,Product B,Home,76,Supplier Y,42.12271021862573,4.297159502097809,21,SKU002,Warehouse C,15 Days,Brand X,9560976934,61,32.14286914948498
4052,Product A,Electronics,40,Supplier X,24.90842078436726,4.945298834583183,73,SKU002,Warehouse A,7 Days,Brand Y,9060591433,14,59.30979880758765
4053,Product B,Clothing,76,Supplier X,6.368801626392551,3.897309603256085,67,SKU002,Warehouse C,30 Days,Brand X,9491100482,31,271.0387040095342
4054,Product A,Electronics,70,Supplier Z,5.765626109100397,2.113337501853175,7,SKU003,Warehouse A,15 Days,Brand Y,9624049085,86,74.35543451669824
4055,Product B,Clothing,10,Supplier X,7.962119700494635,3.798281319381638,57,SKU002,Warehouse B,30 Days,Brand Z,9389641713,3,375.1903007426828
4056,Product C,Clothing,66,Supplier Y,37.54866298335529,3.823067077230557,14,SKU003,Warehouse A,15 Days,Brand Z,9898347746,83,834.4472809150756
4057,Product A,Electronics,25,Supplier X,35.54283367331406,3.79986404841847,7,SKU001,Warehouse A,15 Days,Brand Z,9027787806,30,333.0570547483767
4058,Product A,Electronics,71,Supplier Y,10.19093400924416,4.417041748372423,92,SKU002,Warehouse B,7 Days,Brand Y,9040838459,58,730.555820953578
4059,Product A,Clothing,87,Supplier Y,42.34617090548976,1.349520250077964,41,SKU001,Warehouse C,30 Days,Brand X,9204764710,70,102.9708651827198
4060,Product C,Home,11,Supplier Y,14.06473977641224,1.433679381661733,38,SKU001,Warehouse B,7 Days,Brand Z,9753131470,0,662.7814355452979
4061,Product B,Electronics,36,Supplier Z,39.64927916574737,3.562468496902232,34,SKU001,Warehouse A,30 Days,Brand Z,9636005888,68,323.5797114248606
4062,Product C,Clothing,49,Supplier Z,24.4402953867471,4.815524384392751,40,SKU003,Warehouse B,7 Days,Brand Z,9398303799,13,752.2553499100677
4063,Product A,Clothing,48,Supplier X,36.5774341269283,2.863354555676984,47,SKU003,Warehouse B,30 Days,Brand X,9854838738,93,144.8894939158181
4064,Product B,Home,87,Supplier X,19.06938315367829,4.842250806502701,77,SKU003,Warehouse A,7 Days,Brand X,9817748836,22,898.9045439868371
4065,Product C,Electronics,7,Supplier X,17.3570298547388,4.752341038064616,95,SKU003,Warehouse A,7 Days,Brand Y,9582822585,70,250.1514308689572
4066,Product A,Clothing,91,Supplier Y,42.06797994796661,4.611638952937279,70,SKU001,Warehouse B,30 Days,Brand Y,9315911770,15,359.6064153483647
4067,Product A,Home,77,Supplier Y,1.765112725703483,4.639403899456341,43,SKU003,Warehouse A,7 Days,Brand X,9473417620,8,950.6789037098613
4068,Product C,Clothing,51,Supplier Y,48.73684736287537,4.593275173311945,96,SKU001,Warehouse C,7 Days,Brand X,9294543285,97,582.6975361335503
4069,Product C,Electronics,17,Supplier X,32.40897791326867,4.279557534156728,34,SKU001,Warehouse C,30 Days,Brand Z,9597874886,30,372.1138037733917
4070,Product C,Home,32,Supplier X,21.6241694099721,3.779915834421321,26,SKU003,Warehouse C,30 Days,Brand Z,9325579434,60,950.1061255632953
4071,Product A,Clothing,26,Supplier X,31.40272655752126,1.097632714370433,64,SKU001,Warehouse C,15 Days,Brand Y,9047285984,44,335.7866427211317
4072,Product C,Home,22,Supplier X,6.13704732294914,1.52901436862421,69,SKU003,Warehouse B,30 Days,Brand Z,9317794485,6,103.922005548428
4073,Product A,Electronics,13,Supplier Z,25.70262276467738,1.536928218125869,65,SKU001,Warehouse B,15 Days,Brand X,9902281345,56,996.8803989808256
4074,Product C,Home,12,Supplier Z,49.25477616698988,1.094161137118359,70,SKU002,Warehouse B,7 Days,Brand X,9842864269,63,275.1664713533247
4075,Product A,Electronics,71,Supplier Z,11.76347189233534,1.466807073694547,71,SKU003,Warehouse A,30 Days,Brand Y,9348901225,1,852.7452702126113
4076,Product A,Clothing,1,Supplier X,36.11390495181747,4.678985734268425,62,SKU001,Warehouse B,15 Days,Brand X,9367736962,5,173.8853868748564
4077,Product B,Electronics,33,Supplier Z,21.74856879158503,3.655217147643144,92,SKU003,Warehouse B,30 Days,Brand Y,9575523469,60,734.0404320596043
4078,Product C,Clothing,14,Supplier Z,32.62290742439768,2.24829207318169,79,SKU001,Warehouse A,15 Days,Brand Z,9955204612,33,529.2049005275295
4079,Product C,Clothing,64,Supplier X,10.24436143458877,4.17344004894672,28,SKU003,Warehouse A,15 Days,Brand Y,9941685584,16,981.0974927072283
4080,Product A,Electronics,43,Supplier Z,23.52324913088012,2.953477947819404,30,SKU002,Warehouse A,30 Days,Brand X,9626268326,25,557.3020525314755
4081,Product A,Clothing,58,Supplier X,49.00463569296375,1.568508147663506,63,SKU002,Warehouse C,7 Days,Brand Z,9350654848,75,34.76500037194559
4082,Product A,Home,41,Supplier X,9.76435755080048,4.53800832490597,85,SKU003,Warehouse B,7 Days,Brand X,9586370679,19,607.839209727847
4083,Product B,Clothing,81,Supplier X,31.82225139243786,2.35464778494589,52,SKU003,Warehouse B,15 Days,Brand X,9224278058,40,153.8632917732598
4084,Product B,Electronics,68,Supplier Y,28.77988743833977,3.795436922119577,73,SKU001,Warehouse B,15 Days,Brand Z,9432217179,57,800.5555061292663
4085,Product A,Home,39,Supplier X,28.25257931452017,2.16237664199843,67,SKU001,Warehouse A,7 Days,Brand X,9663077605,98,858.002514525
4086,Product C,Home,1,Supplier Z,30.75616448258086,3.0002850026952,24,SKU003,Warehouse B,30 Days,Brand X,9137881327,98,487.2725836067672
4087,Product C,Clothing,41,Supplier Z,25.1118986844114,4.265010846121662,12,SKU002,Warehouse C,30 Days,Brand Z,9700991674,53,785.3892424817757
4088,Product B,Clothing,45,Supplier X,0.8465375128829,1.627109385697471,80,SKU002,Warehouse B,7 Days,Brand X,9361041360,28,153.6596281267891
4089,Product B,Electronics,88,Supplier Y,45.00484057315589,4.909005580957114,39,SKU003,Warehouse B,7 Days,Brand Y,9905986605,47,497.1574046702896
4090,Product A,Home,98,Supplier Y,41.34894137420154,1.280863691442905,71,SKU001,Warehouse A,7 Days,Brand X,9935507462,94,400.0048220436788
4091,Product C,Electronics,98,Supplier Y,8.708384046056066,3.136035638962016,86,SKU003,Warehouse C,15 Days,Brand X,9769799849,76,615.2042131825506
4092,Product A,Clothing,88,Supplier Z,20.66365886894345,4.664102077407792,6,SKU003,Warehouse B,7 Days,Brand Z,9844918898,89,54.03241691512839
4093,Product B,Home,79,Supplier Y,38.5274490346784,4.782775539530101,31,SKU002,Warehouse A,7 Days,Brand Y,9048274694,21,754.6016098661411
4094,Product C,Electronics,81,Supplier Y,49.00311576936422,1.928435851519104,23,SKU002,Warehouse C,7 Days,Brand X,9768530350,71,88.33799657993684
4095,Product C,Electronics,13,Supplier X,47.55685232208932,1.575939924859235,0,SKU001,Warehouse C,7 Days,Brand Z,9319126522,70,659.9068023548632
4096,Product B,Electronics,71,Supplier Y,44.96795998380871,3.897612001271564,46,SKU001,Warehouse A,30 Days,Brand X,9430155095,4,28.27265328454478
4097,Product A,Electronics,9,Supplier Y,7.918694864956982,1.167894273104948,50,SKU003,Warehouse A,30 Days,Brand X,9336282457,51,833.5691831191622
4098,Product A,Electronics,63,Supplier Y,45.72375530045024,2.940955876121257,35,SKU003,Warehouse A,7 Days,Brand X,9259256558,0,182.9526339215435
4099,Product C,Home,99,Supplier X,43.92224564755397,4.185420907172728,26,SKU003,Warehouse A,15 Days,Brand Y,9036456756,44,520.3425012172206
4100,Product B,Electronics,23,Supplier X,18.84749555831948,3.241018898067336,69,SKU003,Warehouse A,15 Days,Brand Z,9465221465,39,268.8779746903431
4101,Product C,Home,54,Supplier Y,19.7261297268131,1.75205306309602,41,SKU002,Warehouse A,30 Days,Brand Y,9864580289,63,725.4207300404578
4102,Product B,Electronics,47,Supplier Z,22.99544609775804,2.948177197879853,94,SKU001,Warehouse B,15 Days,Brand X,9305036608,10,328.137589187824
4103,Product A,Clothing,39,Supplier Z,32.80878154832084,4.685098865795572,75,SKU001,Warehouse A,15 Days,Brand Y,9909929839,51,727.363101652434
4104,Product B,Clothing,87,Supplier X,13.04178079915079,3.468851912177107,89,SKU001,Warehouse A,30 Days,Brand X,9128765362,95,292.0224947671218
4105,Product A,Electronics,26,Supplier Y,1.147421471997234,3.885962510276079,88,SKU001,Warehouse C,7 Days,Brand Y,9395366691,6,754.9483600264024
4106,Product B,Clothing,1,Supplier Z,7.061476229862112,2.34505551865006,67,SKU002,Warehouse C,7 Days,Brand Z,9103636130,50,40.2994413735352
4107,Product C,Home,14,Supplier Y,22.00579537883868,1.753935100670471,69,SKU003,Warehouse C,30 Days,Brand Y,9099214058,92,290.47822202011
4108,Product A,Electronics,96,Supplier X,14.10012847131009,2.022568919598414,12,SKU001,Warehouse A,7 Days,Brand Z,9422664983,93,503.6471713758762
4109,Product C,Home,74,Supplier Z,38.22582805180659,3.13271037504118,24,SKU001,Warehouse A,7 Days,Brand X,9467255536,20,54.60898610052822
4110,Product C,Electronics,65,Supplier X,5.334503527463569,2.120880614442815,94,SKU003,Warehouse B,30 Days,Brand Z,9979383620,38,194.1737207575659
4111,Product A,Clothing,69,Supplier Y,45.87326127774019,3.167859149704404,21,SKU002,Warehouse B,30 Days,Brand X,9865156470,43,935.1916118247913
4112,Product A,Home,67,Supplier X,44.76635899719555,3.831167709504708,98,SKU002,Warehouse B,30 Days,Brand Y,9621368220,56,977.0659225283873
4113,Product C,Clothing,49,Supplier X,45.43784084666441,3.937583504681206,20,SKU001,Warehouse B,15 Days,Brand Y,9979574504,40,742.3524479165808
4114,Product C,Clothing,50,Supplier X,36.98049993016633,1.658739758644374,14,SKU001,Warehouse A,30 Days,Brand Z,9026657920,38,259.6780501107437
4115,Product C,Electronics,58,Supplier X,5.349998574179965,4.001723395335453,66,SKU001,Warehouse C,30 Days,Brand Y,9784950200,19,267.9122709816093
4116,Product C,Home,53,Supplier Z,21.90687856847834,3.690752558369436,36,SKU002,Warehouse A,30 Days,Brand Y,9652606586,21,649.3324542171222
4117,Product A,Clothing,91,Supplier Y,6.570268590273187,1.048020533474827,44,SKU001,Warehouse A,30 Days,Brand X,9809547400,28,126.4236204327148
4118,Product A,Electronics,57,Supplier Z,49.38495963805413,1.235488700359003,25,SKU003,Warehouse A,7 Days,Brand Y,9782618467,45,948.8262866260629
4119,Product C,Electronics,86,Supplier Y,16.65192116993367,3.584998007441521,80,SKU002,Warehouse A,30 Days,Brand X,9801207759,67,232.5647705150827
4120,Product B,Electronics,18,Supplier Y,29.2665270945031,2.534815598254839,54,SKU002,Warehouse C,30 Days,Brand Z,9645532174,2,999.6392691711894
4121,Product B,Clothing,16,Supplier Y,38.96965271221109,1.584415998302664,49,SKU003,Warehouse C,15 Days,Brand Y,9411465545,72,500.7764573494358
4122,Product A,Electronics,2,Supplier Y,46.03080421128227,1.177586236678533,34,SKU003,Warehouse B,15 Days,Brand Z,9287624420,4,773.715689103007
4123,Product C,Home,13,Supplier Y,37.777386292068,1.637593362689723,40,SKU002,Warehouse A,7 Days,Brand Y,9939125903,55,12.16225356050166
4124,Product C,Home,45,Supplier Z,33.72518893831188,4.830055857286466,71,SKU001,Warehouse B,30 Days,Brand Z,9927453925,66,889.8589407041255
4125,Product A,Clothing,80,Supplier Y,23.29908910190757,3.910262566283879,10,SKU002,Warehouse C,30 Days,Brand Z,9066576559,88,277.3020243327746
4126,Product B,Home,72,Supplier X,30.2700066875262,3.110821683737175,87,SKU001,Warehouse C,30 Days,Brand X,9569416483,31,671.2573771025847
4127,Product B,Electronics,43,Supplier Z,4.708190442641492,4.766162000218367,7,SKU003,Warehouse B,15 Days,Brand Y,9980458229,96,808.2917279856538
4128,Product B,Clothing,72,Supplier Z,44.19612709806312,3.476441750726416,53,SKU001,Warehouse C,7 Days,Brand Z,9616285236,81,172.506263153412
4129,Product A,Electronics,54,Supplier Y,27.18886544199427,3.902580753122669,93,SKU003,Warehouse C,15 Days,Brand X,9828506446,99,448.0843865159367
4130,Product B,Clothing,74,Supplier X,2.006752521747135,2.130607274023488,0,SKU001,Warehouse A,30 Days,Brand Z,9667562882,40,498.8975812454041
4131,Product A,Clothing,97,Supplier X,45.99510628299488,3.355927374356783,97,SKU001,Warehouse A,15 Days,Brand Z,9044233362,28,318.9982706858125
4132,Product A,Electronics,31,Supplier Y,24.46509869184343,1.573908977191361,19,SKU003,Warehouse C,30 Days,Brand Z,9257996328,65,486.9382714316916
4133,Product C,Home,76,Supplier Y,43.42945707805008,2.617932580791102,99,SKU001,Warehouse C,30 Days,Brand Y,9563763492,10,324.3702010787846
4134,Product B,Home,9,Supplier X,42.84439771026784,1.13296129994644,33,SKU002,Warehouse B,30 Days,Brand Y,9828108015,58,367.1402676046571
4135,Product A,Clothing,73,Supplier Z,40.78757937285575,1.866512350330722,56,SKU001,Warehouse B,7 Days,Brand Z,9291680698,94,672.6378669157116
4136,Product B,Electronics,48,Supplier Z,3.070150964767804,1.299474517690699,97,SKU002,Warehouse C,15 Days,Brand Z,9648189063,3,636.2673356219472
4137,Product B,Electronics,18,Supplier Y,12.35333227121044,2.551115278028925,12,SKU003,Warehouse A,30 Days,Brand Z,9273906263,92,239.94306853955
4138,Product C,Clothing,94,Supplier Z,43.77739362327154,4.372140658553961,53,SKU001,Warehouse A,30 Days,Brand Y,9306180861,53,898.5080559474703
4139,Product B,Home,96,Supplier Z,44.94955280260469,2.511736425380212,52,SKU001,Warehouse B,7 Days,Brand Z,9241911484,66,864.1606602146767
4140,Product C,Electronics,87,Supplier X,22.9034431184403,4.326558503978573,51,SKU002,Warehouse A,7 Days,Brand Z,9364348194,1,513.9924736230521
4141,Product A,Home,11,Supplier Z,22.00207338271011,3.625993250315549,5,SKU002,Warehouse A,30 Days,Brand Z,9835715983,99,438.9182352687928
4142,Product B,Home,62,Supplier X,8.757031694307488,3.038117786523311,35,SKU003,Warehouse B,30 Days,Brand Z,9419786822,77,383.0874231542678
4143,Product A,Clothing,84,Supplier Y,48.42053943455756,1.947566773045322,24,SKU002,Warehouse B,30 Days,Brand Y,9426342120,47,710.1952394797747
4144,Product B,Clothing,19,Supplier Y,10.65692376795216,4.688624371376609,90,SKU002,Warehouse A,30 Days,Brand X,9704506786,67,674.9493966373758
4145,Product A,Home,90,Supplier X,9.546839217538277,1.216803235368133,57,SKU002,Warehouse B,7 Days,Brand X,9864451591,43,204.2188008685989
4146,Product B,Electronics,74,Supplier X,33.03644850745872,3.755652070795261,54,SKU001,Warehouse C,15 Days,Brand Z,9388920251,61,674.7434509873577
4147,Product B,Electronics,24,Supplier Y,12.14221515002238,3.484959571237475,94,SKU001,Warehouse B,7 Days,Brand X,9646626059,93,259.9068821610196
4148,Product B,Clothing,13,Supplier X,46.93858055071949,2.764166089026107,2,SKU001,Warehouse C,7 Days,Brand X,9004180987,82,28.37275315829031
4149,Product B,Home,46,Supplier Y,0.545349765889741,1.961283821170421,27,SKU001,Warehouse C,15 Days,Brand Y,9053975917,18,702.2165907620033
4150,Product B,Electronics,53,Supplier Y,0.2876631161650656,2.722783747381067,67,SKU001,Warehouse C,30 Days,Brand Z,9505618767,43,648.3456664361421
4151,Product B,Electronics,98,Supplier Y,25.24384007177998,4.491090902213683,80,SKU002,Warehouse B,30 Days,Brand Y,9923236978,30,416.701169750598
4152,Product B,Clothing,29,Supplier Y,24.4031229956736,4.347064441019817,37,SKU002,Warehouse B,15 Days,Brand X,9230744059,61,530.429195360311
4153,Product B,Home,36,Supplier Y,8.168201095045525,4.765524999908116,33,SKU001,Warehouse B,7 Days,Brand X,9810760003,14,947.6974997887021
4154,Product B,Electronics,71,Supplier Y,24.72597814851422,2.231172826500992,83,SKU001,Warehouse C,30 Days,Brand Z,9796602786,28,599.2481790963833
4155,Product A,Clothing,94,Supplier Z,20.58305525849932,2.548416633475492,12,SKU003,Warehouse B,15 Days,Brand Z,9574485804,66,661.3050959831661
4156,Product C,Electronics,17,Supplier Z,44.51647626711843,1.074904610639453,4,SKU003,Warehouse A,15 Days,Brand Y,9292728616,82,73.27220773964967
4157,Product B,Electronics,48,Supplier Y,0.4626960108481737,4.771799978880033,59,SKU002,Warehouse A,15 Days,Brand Z,9268669164,85,174.334516068374
4158,Product C,Electronics,77,Supplier Z,48.81349025164761,2.317560367269075,87,SKU003,Warehouse B,30 Days,Brand X,9014595900,46,307.9427536474723
4159,Product B,Clothing,24,Supplier X,31.21963821479212,2.616655286131973,16,SKU002,Warehouse C,15 Days,Brand Y,9368756703,83,543.9855248478617
4160,Product B,Home,54,Supplier X,7.592172282263782,4.631218445789578,56,SKU003,Warehouse B,7 Days,Brand Y,9296652363,6,778.824987023488
4161,Product A,Clothing,95,Supplier Y,2.338000690558312,3.106393720667253,30,SKU001,Warehouse A,7 Days,Brand Z,9174273017,67,328.0284690107011
4162,Product A,Home,91,Supplier Z,26.90528292796159,3.264698167021912,91,SKU001,Warehouse C,15 Days,Brand Z,9479671252,0,362.8186061739862
4163,Product C,Electronics,85,Supplier X,11.74450829859101,1.704931352603667,64,SKU002,Warehouse B,15 Days,Brand X,9822313358,70,263.5893763220114
4164,Product A,Home,1,Supplier X,15.05827685006296,2.994640083274618,65,SKU002,Warehouse B,15 Days,Brand Y,9880388706,21,262.0632360023528
4165,Product A,Electronics,79,Supplier X,12.25660824172568,4.672834403635097,32,SKU002,Warehouse C,7 Days,Brand Y,9337718594,56,949.3752074358486
4166,Product C,Electronics,67,Supplier X,32.50861567862554,3.234872352431704,92,SKU002,Warehouse C,30 Days,Brand Y,9790576058,93,639.1026078227011
4167,Product A,Clothing,6,Supplier Z,27.67644810580668,2.020465458559032,3,SKU003,Warehouse A,7 Days,Brand Y,9628903937,72,164.3422311045474
4168,Product B,Electronics,78,Supplier X,3.898721176090575,1.124723456539051,81,SKU001,Warehouse B,15 Days,Brand X,9784350841,57,725.0260923034173
4169,Product C,Clothing,55,Supplier X,26.32632665875877,2.345207093816272,54,SKU003,Warehouse A,30 Days,Brand X,9824598405,26,724.8009319264287
4170,Product C,Home,38,Supplier X,39.55948827816499,3.290363656257832,23,SKU001,Warehouse A,30 Days,Brand X,9180677816,37,669.805494093168
4171,Product B,Home,33,Supplier Y,4.059729541016216,1.17045315348332,31,SKU001,Warehouse C,15 Days,Brand Z,9150241295,86,143.373240639757
4172,Product A,Electronics,8,Supplier X,44.486948811521,3.439170309164625,72,SKU003,Warehouse B,15 Days,Brand X,9153653526,75,413.9115686348911
4173,Product C,Clothing,90,Supplier X,28.91533247238646,3.093655308472451,46,SKU002,Warehouse A,7 Days,Brand X,9064017758,12,115.688767189469
4174,Product C,Electronics,79,Supplier Z,47.53122346351583,4.133741876666283,15,SKU003,Warehouse A,7 Days,Brand X,9057252209,96,818.4542990512151
4175,Product B,Clothing,78,Supplier X,7.407060886118782,1.115552689087847,20,SKU003,Warehouse C,7 Days,Brand X,9341231144,14,658.6204217461401
4176,Product B,Clothing,20,Supplier X,49.67824996766576,4.12338937927495,93,SKU003,Warehouse B,15 Days,Brand Z,9298221469,79,512.1318974001401
4177,Product A,Clothing,55,Supplier X,32.21364329848384,3.083508183032428,66,SKU001,Warehouse B,30 Days,Brand Y,9021115842,97,349.5853217355906
4178,Product C,Home,48,Supplier Y,28.37470997405314,2.482117331118846,96,SKU002,Warehouse A,7 Days,Brand Y,9865135478,72,192.4069797494891
4179,Product A,Clothing,83,Supplier Z,25.76398120560427,4.861531905435296,30,SKU001,Warehouse C,15 Days,Brand Z,9174711161,90,115.3831129447768
4180,Product A,Home,56,Supplier Z,1.182718654915638,1.640478188944212,13,SKU003,Warehouse B,30 Days,Brand X,9350622774,47,969.5482014615305
4181,Product B,Clothing,97,Supplier Y,46.9819595774789,3.165300476364426,5,SKU003,Warehouse B,15 Days,Brand Y,9076314831,14,207.6521555364628
4182,Product C,Home,88,Supplier Y,32.19972364270991,2.283925894369914,68,SKU001,Warehouse A,15 Days,Brand Y,9817281155,98,69.27588045417181
4183,Product C,Home,10,Supplier Z,4.581324224964561,3.109945515181343,28,SKU001,Warehouse B,15 Days,Brand Y,9359519597,97,962.0501044606715
4184,Product C,Home,52,Supplier X,1.047608514726245,3.209101810321648,54,SKU002,Warehouse B,7 Days,Brand Y,9764598043,39,553.4622239442489
4185,Product B,Electronics,50,Supplier Z,2.539181961837567,1.357792993699383,36,SKU003,Warehouse B,15 Days,Brand X,9827796721,29,798.6901676412315
4186,Product B,Clothing,34,Supplier Y,30.46978817161203,3.644540587673399,58,SKU001,Warehouse B,15 Days,Brand Y,9519693041,22,53.32818872633537
4187,Product B,Electronics,36,Supplier X,30.70077074472926,3.537925983676047,35,SKU001,Warehouse A,15 Days,Brand Z,9035161371,8,571.2763989048581
4188,Product B,Clothing,61,Supplier Z,24.98336458907205,4.077869098537856,84,SKU001,Warehouse B,7 Days,Brand Z,9005252730,31,404.2278644768152
4189,Product B,Clothing,16,Supplier X,15.33829103264758,1.362633974636684,75,SKU001,Warehouse B,15 Days,Brand Y,9539038132,34,774.2447900063846
4190,Product C,Electronics,79,Supplier X,26.58713658073207,2.189034187614751,58,SKU003,Warehouse C,15 Days,Brand X,9758093593,48,48.04138918266801
4191,Product A,Home,18,Supplier Y,25.81509104381289,3.600442398912405,86,SKU002,Warehouse A,7 Days,Brand Y,9635146918,95,407.6736628759982
4192,Product C,Clothing,71,Supplier Z,0.9707779938282812,1.546923303662434,77,SKU001,Warehouse B,15 Days,Brand Y,9145207820,44,801.0826852913341
4193,Product A,Home,47,Supplier Y,14.1234615163749,3.710392843153769,63,SKU001,Warehouse C,30 Days,Brand Y,9333944902,15,527.4702919919863
4194,Product B,Electronics,86,Supplier Z,2.659267073357474,1.236106843281692,42,SKU002,Warehouse A,15 Days,Brand Z,9180977717,31,554.538353588618
4195,Product A,Home,32,Supplier Z,45.00773757238277,2.339726211838511,41,SKU003,Warehouse B,15 Days,Brand Z,9977070092,24,106.1930351463058
4196,Product C,Clothing,43,Supplier X,36.26115813925677,4.386844489330077,73,SKU001,Warehouse C,7 Days,Brand X,9234444151,93,141.0072505588905
4197,Product C,Clothing,83,Supplier X,49.80575850964561,4.097165161524641,59,SKU002,Warehouse A,7 Days,Brand Y,9649825850,36,680.229609312128
4198,Product A,Clothing,40,Supplier X,15.10856316526439,3.579042860908352,61,SKU002,Warehouse B,7 Days,Brand Y,9444134659,36,678.2961560670207
4199,Product B,Electronics,65,Supplier Y,43.92429238784551,4.481833666500405,63,SKU003,Warehouse C,7 Days,Brand Y,9735199311,34,979.3123603097506
4200,Product B,Clothing,35,Supplier X,30.15271339662409,3.837078176688802,90,SKU002,Warehouse A,30 Days,Brand Y,9690940379,44,714.8334581848949
4201,Product C,Electronics,69,Supplier Y,22.65627034518025,3.077500420843212,57,SKU003,Warehouse C,15 Days,Brand Z,9164396091,7,498.3110609741128
4202,Product A,Home,50,Supplier X,11.12865556443175,4.918870001543146,1,SKU002,Warehouse C,15 Days,Brand X,9414870574,46,858.7545452982173
4203,Product B,Clothing,12,Supplier Y,36.91960826430714,3.779424319157278,77,SKU001,Warehouse B,30 Days,Brand Z,9150099788,35,113.4282559577769
4204,Product B,Clothing,76,Supplier Z,45.207037445215,3.405468707252012,70,SKU003,Warehouse C,7 Days,Brand Y,9157177321,88,454.802862687292
4205,Product C,Clothing,85,Supplier Y,11.76541990376854,2.635482243814259,80,SKU002,Warehouse B,15 Days,Brand Z,9441417476,81,294.238019818294
4206,Product B,Home,58,Supplier Y,8.769516748680628,4.609649994316202,83,SKU001,Warehouse B,30 Days,Brand X,9103341091,9,113.5914288583493
4207,Product A,Clothing,83,Supplier Y,34.81109575024335,2.182836382419971,7,SKU002,Warehouse C,15 Days,Brand Y,9502066706,0,765.8670638731626
4208,Product C,Electronics,63,Supplier Z,48.84865813627596,1.036878376843611,55,SKU001,Warehouse C,30 Days,Brand Y,9679795967,67,515.6841101938951
4209,Product C,Home,73,Supplier Y,37.4977550552039,1.78696208972944,83,SKU003,Warehouse C,30 Days,Brand Z,9457883933,89,561.2010326985157
4210,Product A,Home,49,Supplier Z,14.22903695238245,1.438069967769437,35,SKU001,Warehouse C,15 Days,Brand Z,9641461614,74,417.1426360312257
4211,Product C,Home,36,Supplier X,20.99777120738928,2.275975096692288,68,SKU002,Warehouse A,7 Days,Brand Z,9621356584,14,465.7338592867079
4212,Product B,Home,54,Supplier X,19.21588177291859,4.30351470983382,12,SKU001,Warehouse B,7 Days,Brand X,9582116271,95,124.8572132517731
4213,Product B,Home,47,Supplier Z,42.60475090235227,3.60611874146003,38,SKU001,Warehouse C,30 Days,Brand X,9507600667,78,676.1886460441067
4214,Product A,Electronics,32,Supplier Y,38.56853894361119,1.67592235693485,80,SKU003,Warehouse A,7 Days,Brand X,9524394270,91,438.1228860091616
4215,Product B,Home,99,Supplier X,29.44877173807601,4.155286884369354,5,SKU001,Warehouse C,15 Days,Brand Y,9875413731,86,818.5998973982875
4216,Product A,Clothing,95,Supplier Y,13.74795551984516,3.016879464397611,18,SKU001,Warehouse A,30 Days,Brand Y,9469485496,2,204.3243281416453
4217,Product A,Home,53,Supplier Y,46.89942638610281,3.050858496473188,24,SKU002,Warehouse B,15 Days,Brand Z,9401754282,31,213.0045424846474
4218,Product B,Home,32,Supplier Z,32.66576123845733,2.448448723923493,2,SKU002,Warehouse C,15 Days,Brand Y,9396315892,19,649.3019758153808
4219,Product A,Home,62,Supplier X,48.52383232208912,4.458465459288094,52,SKU003,Warehouse A,7 Days,Brand X,9908855232,55,847.543389163423
4220,Product B,Home,37,Supplier Z,29.00585165210154,2.273309215423171,27,SKU003,Warehouse A,15 Days,Brand Y,9445566344,77,477.4758602319936
4221,Product C,Home,96,Supplier Z,41.05963791818071,1.376559042678755,25,SKU003,Warehouse B,30 Days,Brand Z,9030274059,98,729.684330045769
4222,Product C,Electronics,38,Supplier Z,40.65526896972634,2.21091597588778,46,SKU002,Warehouse C,30 Days,Brand Z,9918103766,41,999.3366222781548
4223,Product A,Electronics,30,Supplier Z,16.8664388416796,3.861414185071543,7,SKU001,Warehouse C,15 Days,Brand Z,9523898507,72,990.3629833316388
4224,Product B,Home,58,Supplier Y,48.20103614786141,3.630327547213315,56,SKU003,Warehouse B,15 Days,Brand Z,9824641833,59,746.8934743934831
4225,Product B,Electronics,32,Supplier X,1.0970733798782,1.752068614214311,54,SKU002,Warehouse B,30 Days,Brand Y,9379132360,55,742.1906247814663
4226,Product C,Clothing,66,Supplier X,38.43554543837071,1.447137196419768,78,SKU002,Warehouse B,7 Days,Brand Z,9665454004,46,255.1426983269166
4227,Product C,Home,51,Supplier X,48.27785428820219,3.643463033606985,0,SKU003,Warehouse A,7 Days,Brand Y,9498572633,23,835.204235228336
4228,Product B,Clothing,11,Supplier Y,16.94541016418614,3.705507342619649,39,SKU002,Warehouse A,7 Days,Brand Z,9727929309,40,411.0511057766494
4229,Product A,Clothing,59,Supplier Y,32.4055293895486,2.464598548842283,22,SKU001,Warehouse B,15 Days,Brand Z,9453248184,3,962.3739707681544
4230,Product C,Home,20,Supplier Z,28.11116249221053,4.371205534116319,99,SKU002,Warehouse C,15 Days,Brand Y,9064687827,75,90.61341181986616
4231,Product A,Clothing,37,Supplier Z,38.07536548382618,4.912820815199668,53,SKU002,Warehouse A,30 Days,Brand X,9396130575,50,441.4819651839988
4232,Product A,Clothing,73,Supplier Z,43.30889608225262,1.822580893797582,41,SKU001,Warehouse B,30 Days,Brand X,9666924130,87,560.2820828066637
4233,Product C,Clothing,49,Supplier Z,30.1522284649774,3.308274862824113,79,SKU003,Warehouse A,30 Days,Brand X,9713517489,0,411.1046450153032
4234,Product A,Home,19,Supplier X,40.79522931907285,1.021385316015757,49,SKU002,Warehouse A,30 Days,Brand X,9034145923,13,218.4733985998939
4235,Product A,Home,55,Supplier Z,15.61427879446276,3.85221758410515,3,SKU001,Warehouse B,7 Days,Brand Z,9117914226,94,597.0586038946848
4236,Product B,Clothing,40,Supplier Y,11.42935293524084,2.657128454253271,7,SKU003,Warehouse C,15 Days,Brand Y,9661464536,9,758.3587354788862
4237,Product A,Home,7,Supplier Y,21.53338447664201,1.773076907612659,35,SKU001,Warehouse C,15 Days,Brand X,9760198412,96,648.3902100599945
4238,Product B,Home,5,Supplier Y,33.88682997903916,4.008887687057505,9,SKU002,Warehouse A,7 Days,Brand Z,9068738619,35,242.1043603199591
4239,Product C,Clothing,42,Supplier Z,9.36234744693618,4.242595190224323,29,SKU001,Warehouse C,30 Days,Brand Y,9756607771,41,734.2918649248387
4240,Product C,Home,88,Supplier X,34.01760960759457,1.444666004703749,99,SKU003,Warehouse C,30 Days,Brand Z,9047470987,98,264.3288279841177
4241,Product B,Electronics,48,Supplier X,19.70468242860337,1.163983047352136,15,SKU003,Warehouse B,15 Days,Brand X,9407100251,47,183.4503392947996
4242,Product C,Home,7,Supplier Z,39.7787636946316,2.336313766676469,29,SKU003,Warehouse B,30 Days,Brand Y,9709044096,17,693.7613352843349
4243,Product A,Electronics,11,Supplier Z,1.841790855165165,3.503961863044142,63,SKU001,Warehouse B,15 Days,Brand Y,9258597793,88,844.3593736527898
4244,Product A,Clothing,73,Supplier Y,33.39913189146972,4.173678108754532,73,SKU001,Warehouse C,7 Days,Brand Z,9172372354,75,486.7240532196087
4245,Product A,Home,49,Supplier Y,32.49111683249838,3.184249986521831,10,SKU003,Warehouse C,15 Days,Brand Z,9014752277,59,536.0778752070534
4246,Product C,Clothing,30,Supplier X,47.04677380626572,3.322995105227923,33,SKU003,Warehouse B,7 Days,Brand Y,9138497364,27,309.7200947665202
4247,Product A,Clothing,41,Supplier Y,35.66837767820352,4.199432887011564,79,SKU003,Warehouse C,30 Days,Brand X,9482926106,52,499.6718349589319
4248,Product C,Clothing,3,Supplier Y,39.81509482116406,3.115373496875038,54,SKU002,Warehouse B,15 Days,Brand X,9943662996,8,140.6631680322831
4249,Product A,Clothing,86,Supplier Z,45.22955079265842,3.444617960905202,82,SKU002,Warehouse A,30 Days,Brand Y,9088477909,23,956.2725213861602
4250,Product B,Clothing,40,Supplier X,33.75259591459939,3.064869359906237,3,SKU002,Warehouse A,30 Days,Brand Y,9073881996,19,802.3570471200303
4251,Product C,Home,51,Supplier Z,14.50768174799873,4.521832933470816,48,SKU003,Warehouse C,30 Days,Brand X,9786659371,89,671.2933302139629
4252,Product C,Electronics,84,Supplier X,43.4886899791761,1.942066474340356,43,SKU002,Warehouse C,15 Days,Brand X,9418374223,68,542.812427967559
4253,Product A,Home,32,Supplier Z,37.37890597379875,2.055974338162037,30,SKU003,Warehouse C,30 Days,Brand Z,9393314669,26,794.2474448656849
4254,Product C,Home,48,Supplier X,21.22188020004467,1.511845846407303,47,SKU001,Warehouse C,15 Days,Brand Z,9613685015,91,499.8096671899463
4255,Product C,Home,71,Supplier Y,35.52645863249811,4.277867005977686,98,SKU003,Warehouse A,30 Days,Brand X,9463538349,39,306.9741690729872
4256,Product B,Home,71,Supplier X,43.3844438590571,2.647109162249429,97,SKU003,Warehouse B,7 Days,Brand Y,9429572368,70,168.7704928150053
4257,Product B,Electronics,20,Supplier X,48.78260656956358,2.391575763524975,25,SKU002,Warehouse A,15 Days,Brand Y,9128661252,82,651.1097329137892
4258,Product A,Home,89,Supplier Z,47.61757519795277,4.925394868348625,69,SKU001,Warehouse B,7 Days,Brand Z,9414354981,53,930.1314875762489
4259,Product B,Clothing,35,Supplier X,16.26639133820708,4.707213465759142,96,SKU001,Warehouse C,7 Days,Brand Y,9258182714,85,162.0823679693077
4260,Product A,Home,24,Supplier X,21.08468568590909,4.887950728499046,90,SKU001,Warehouse B,15 Days,Brand Y,9258265577,81,188.2178646002987
4261,Product A,Home,40,Supplier X,5.476830248868564,1.569195987034771,11,SKU002,Warehouse B,15 Days,Brand Y,9815298458,14,439.2699730754397
4262,Product A,Electronics,77,Supplier Z,12.3772143509023,4.565007252592665,44,SKU002,Warehouse B,15 Days,Brand Y,9916733109,96,808.8303544404921
4263,Product C,Electronics,52,Supplier X,44.12106042434751,2.314838397549806,7,SKU002,Warehouse B,30 Days,Brand Z,9609744488,50,300.9835016817896
4264,Product B,Clothing,39,Supplier Z,18.04249631396795,1.05062708084745,8,SKU002,Warehouse A,30 Days,Brand Y,9901119071,68,261.3737954233278
4265,Product A,Home,68,Supplier Y,31.02763292974405,2.565193343932275,0,SKU002,Warehouse C,7 Days,Brand X,9818561625,39,623.7666285482055
4266,Product B,Home,61,Supplier Z,33.29828091535166,3.036785412552239,4,SKU003,Warehouse C,15 Days,Brand Z,9230091846,68,540.2586340555886
4267,Product A,Home,76,Supplier X,39.0914637571656,1.432881694269621,70,SKU001,Warehouse B,7 Days,Brand Y,9042017379,42,69.6181608007839
4268,Product B,Clothing,81,Supplier Y,9.140001512281549,3.150710467497025,81,SKU002,Warehouse C,30 Days,Brand Y,9710466870,63,90.67507753618378
4269,Product B,Electronics,65,Supplier X,15.24065673072177,4.277854336706926,53,SKU001,Warehouse A,7 Days,Brand Y,9805634374,6,646.5828503829185
4270,Product A,Clothing,62,Supplier Z,22.41681707290903,2.510603803356776,23,SKU002,Warehouse B,7 Days,Brand Z,9410448218,1,470.4723631563018
4271,Product C,Home,81,Supplier Y,18.24205306191368,2.410579226137209,25,SKU003,Warehouse C,15 Days,Brand Y,9704893093,29,971.2674196732555
4272,Product B,Electronics,2,Supplier Y,49.14526164298449,2.35524168092271,9,SKU001,Warehouse C,15 Days,Brand Z,9457247599,74,681.7460966227641
4273,Product C,Electronics,6,Supplier Y,41.74704016068562,4.692377783534768,60,SKU002,Warehouse B,7 Days,Brand X,9174519023,51,19.97292537329914
4274,Product C,Clothing,75,Supplier X,23.9843377310243,1.195032395160796,39,SKU003,Warehouse A,30 Days,Brand Y,9166016215,32,486.2085920024572
4275,Product A,Electronics,43,Supplier Y,43.9634313043234,2.780304567971821,43,SKU003,Warehouse B,7 Days,Brand Z,9983529815,8,420.3034556851247
4276,Product A,Electronics,82,Supplier Y,17.38264737916484,2.058397816598867,11,SKU001,Warehouse B,30 Days,Brand X,9343099452,10,115.646721393831
4277,Product A,Home,40,Supplier Y,39.29141619451323,4.575228101549977,21,SKU002,Warehouse C,7 Days,Brand Z,9642025388,75,923.9767475134681
4278,Product B,Home,89,Supplier Y,11.18377990532268,1.384209054335216,26,SKU003,Warehouse C,7 Days,Brand Y,9837608633,9,806.9611860909064
4279,Product A,Electronics,39,Supplier Z,38.6161022613183,2.645771066721643,66,SKU003,Warehouse B,15 Days,Brand Z,9151884139,53,237.7850493358019
4280,Product A,Electronics,28,Supplier X,22.82267015978642,2.627264608124343,81,SKU003,Warehouse B,7 Days,Brand Y,9390462364,74,263.4209512545672
4281,Product B,Clothing,80,Supplier X,5.374966049612118,4.553577670188091,68,SKU001,Warehouse C,30 Days,Brand Z,9253387775,96,41.69787278625645
4282,Product B,Clothing,63,Supplier Y,13.66312272777911,1.861973780163878,13,SKU001,Warehouse B,7 Days,Brand X,9818369717,19,303.7502770632506
4283,Product A,Electronics,64,Supplier Z,20.11373120117823,3.579581641206445,24,SKU002,Warehouse A,7 Days,Brand Y,9743392986,4,588.7757888242201
4284,Product A,Home,12,Supplier Y,37.46464558322186,1.537624507551156,51,SKU002,Warehouse B,30 Days,Brand X,9115050529,23,426.6349545028016
4285,Product A,Electronics,41,Supplier X,3.649135736547543,4.815902856322171,94,SKU001,Warehouse A,7 Days,Brand Y,9042316180,31,969.562909082484
4286,Product A,Electronics,29,Supplier X,32.97734975463198,3.372059837089143,84,SKU001,Warehouse B,7 Days,Brand Z,9433485356,30,65.51936757103417
4287,Product C,Home,23,Supplier X,35.80068204664218,3.505026921282681,58,SKU001,Warehouse B,7 Days,Brand X,9695266176,43,595.5158573100205
4288,Product C,Home,85,Supplier Y,32.69606849628757,2.735093606641889,37,SKU003,Warehouse B,7 Days,Brand Y,9753997961,77,859.7263461019776
4289,Product A,Clothing,80,Supplier Y,38.03348190837778,2.369130850665289,19,SKU001,Warehouse C,30 Days,Brand X,9035053241,18,485.9335032856254
4290,Product C,Clothing,51,Supplier Z,8.908430801141915,1.850705717979505,77,SKU002,Warehouse C,30 Days,Brand X,9837740381,23,12.93309335479285
4291,Product B,Clothing,45,Supplier Z,29.35516775315187,3.415951015329036,19,SKU003,Warehouse C,30 Days,Brand Y,9544737307,95,250.3734848280124
4292,Product C,Clothing,90,Supplier X,47.05724736019399,4.818246981392952,55,SKU001,Warehouse C,30 Days,Brand Z,9181211241,11,330.5312859112865
4293,Product C,Home,22,Supplier X,30.53921349022689,2.439163816369612,29,SKU002,Warehouse C,7 Days,Brand X,9328396573,49,966.3345496118878
4294,Product A,Electronics,10,Supplier Z,30.56681734764765,4.532627554648217,40,SKU001,Warehouse C,30 Days,Brand Y,9637484827,84,912.6555490203125
4295,Product C,Clothing,7,Supplier X,36.82198210566344,1.595105251388999,83,SKU002,Warehouse B,7 Days,Brand X,9655145116,99,949.678800056554
4296,Product C,Clothing,73,Supplier Z,16.66021160629295,4.744504083527203,70,SKU003,Warehouse A,15 Days,Brand X,9388654878,24,827.5008730407986
4297,Product C,Home,89,Supplier Y,35.02379506607703,2.401945135592306,62,SKU003,Warehouse C,7 Days,Brand Z,9444247146,50,358.1312567727653
4298,Product C,Home,15,Supplier X,45.81169166566075,2.518908846373383,68,SKU002,Warehouse C,7 Days,Brand Y,9998016232,13,906.8176578752385
4299,Product B,Electronics,77,Supplier X,0.5447736512671497,2.851369028137313,94,SKU002,Warehouse B,30 Days,Brand Y,9480829635,71,981.8676608776783
4300,Product A,Electronics,46,Supplier Z,43.50565205544326,3.872977079790601,28,SKU003,Warehouse C,30 Days,Brand X,9899279856,28,356.5705991522034
4301,Product A,Home,90,Supplier Y,10.93091656294295,3.878613734756141,78,SKU003,Warehouse B,30 Days,Brand Z,9523065170,24,267.9504063265844
4302,Product B,Clothing,85,Supplier X,22.79616368501876,2.918354338878661,88,SKU002,Warehouse C,15 Days,Brand Z,9151654601,86,551.4471298543991
4303,Product C,Clothing,87,Supplier X,42.6173900476319,3.092611597255744,76,SKU002,Warehouse A,7 Days,Brand Z,9345950316,58,195.2806706729407
4304,Product B,Clothing,61,Supplier Z,41.19560637283145,1.120041951096565,43,SKU001,Warehouse C,15 Days,Brand Y,9274018846,99,42.29797919231641
4305,Product C,Electronics,92,Supplier Y,44.59637390630279,2.217186806233303,87,SKU001,Warehouse C,7 Days,Brand Y,9297686753,56,946.372859404711
4306,Product B,Clothing,61,Supplier Z,47.0208396316263,2.384068296922438,78,SKU003,Warehouse B,7 Days,Brand X,9689537064,11,926.4832261170051
4307,Product A,Clothing,51,Supplier Y,22.35784783858793,3.234909074903038,87,SKU003,Warehouse C,15 Days,Brand Z,9655159014,49,171.0273152244998
4308,Product A,Home,38,Supplier Y,32.81819054005035,3.233199069485218,89,SKU001,Warehouse B,15 Days,Brand Z,9877879977,11,413.6628444604223
4309,Product A,Clothing,12,Supplier Z,19.52392202630534,3.839599190911493,82,SKU001,Warehouse A,7 Days,Brand Y,9153750315,81,832.7259501399587
4310,Product C,Home,88,Supplier Z,17.53583587460829,3.868109184872324,56,SKU003,Warehouse C,15 Days,Brand X,9499059102,99,664.3902958326445
4311,Product C,Clothing,77,Supplier Y,21.57977052988348,1.940842896848332,23,SKU003,Warehouse B,30 Days,Brand Y,9503416821,47,400.8396340790068
4312,Product B,Electronics,66,Supplier Z,37.1538067391338,4.080748604419298,18,SKU002,Warehouse A,7 Days,Brand Y,9416065907,49,746.7292872109908
4313,Product B,Clothing,54,Supplier X,25.07203735707764,1.078414272185128,16,SKU002,Warehouse A,30 Days,Brand X,9327190154,18,898.0769143280891
4314,Product A,Clothing,39,Supplier X,40.7029837224171,3.864647538426882,68,SKU003,Warehouse B,15 Days,Brand Z,9655846179,52,926.8967472206093
4315,Product C,Home,76,Supplier X,37.26092385980779,1.408244414077692,60,SKU001,Warehouse B,30 Days,Brand Z,9516079979,34,385.0611158029672
4316,Product B,Home,39,Supplier X,1.023923056219966,3.918592833684876,3,SKU002,Warehouse C,15 Days,Brand X,9903656683,26,181.8250732720907
4317,Product C,Home,78,Supplier X,31.51190785530808,3.108472362273617,21,SKU003,Warehouse A,30 Days,Brand Z,9351092511,66,913.7104696120354
4318,Product C,Clothing,30,Supplier Z,21.82855616542955,2.749018002732369,73,SKU001,Warehouse A,15 Days,Brand X,9571148758,76,101.629891402418
4319,Product A,Clothing,48,Supplier Y,22.83144945755708,3.762665559045716,84,SKU001,Warehouse B,7 Days,Brand X,9966571879,50,724.471507315882
4320,Product A,Electronics,83,Supplier Z,40.91865269349474,1.145483334988931,88,SKU003,Warehouse A,7 Days,Brand Y,9856170995,18,149.0923417121936
4321,Product C,Clothing,31,Supplier X,27.38039930423384,1.893881302702313,5,SKU002,Warehouse B,7 Days,Brand Z,9168528877,42,395.4929861210152
4322,Product C,Electronics,25,Supplier X,44.28109117294736,3.465760569870616,29,SKU002,Warehouse C,7 Days,Brand Z,9273959334,34,417.4401890795771
4323,Product C,Home,68,Supplier Z,35.64027961958452,4.388861626523272,92,SKU003,Warehouse B,15 Days,Brand X,9084853314,14,167.1703359609625
4324,Product C,Home,51,Supplier Z,27.64200043820264,2.524430547780468,74,SKU001,Warehouse C,30 Days,Brand Y,9652828507,15,923.4546196665458
4325,Product A,Home,13,Supplier Y,37.72689880755519,2.035045890534228,10,SKU002,Warehouse B,7 Days,Brand Y,9290516760,98,12.6414863291934
4326,Product B,Electronics,63,Supplier X,1.917452546270365,3.074945743155977,47,SKU003,Warehouse C,15 Days,Brand Z,9315178523,68,894.8704577844643
4327,Product A,Clothing,42,Supplier Z,1.354182741410387,3.489261009547366,45,SKU002,Warehouse A,15 Days,Brand X,9661207442,70,884.9910302407307
4328,Product B,Home,54,Supplier Y,4.167466346042604,2.680412125622986,26,SKU003,Warehouse B,7 Days,Brand Z,9464730605,84,323.7940171610216
4329,Product C,Clothing,67,Supplier X,21.87826625735713,4.50684273063902,18,SKU002,Warehouse B,7 Days,Brand Z,9827872978,40,707.2414271804828
4330,Product B,Clothing,80,Supplier X,11.77250728134716,3.093754835440054,85,SKU002,Warehouse B,15 Days,Brand Y,9972817641,53,260.2808221853323
4331,Product A,Home,90,Supplier X,49.21306472078923,1.14329435028234,91,SKU002,Warehouse C,30 Days,Brand Y,9540547563,64,761.1858266313991
4332,Product A,Electronics,56,Supplier Z,27.11450695056834,1.892215818824762,58,SKU003,Warehouse B,15 Days,Brand Y,9376703900,88,565.508544369866
4333,Product C,Clothing,19,Supplier X,33.12078730405793,2.802588123671258,67,SKU003,Warehouse B,7 Days,Brand Y,9062460849,29,307.2231997051817
4334,Product A,Home,46,Supplier X,13.94100681233483,3.790902076067733,53,SKU001,Warehouse A,7 Days,Brand X,9953506322,18,406.2324061012781
4335,Product C,Clothing,15,Supplier Y,16.08984542938044,1.879008975170355,82,SKU002,Warehouse B,7 Days,Brand Z,9110196023,87,692.9898449160195
4336,Product A,Clothing,32,Supplier Z,16.7730957070578,4.905029758869684,16,SKU002,Warehouse B,30 Days,Brand Y,9306237329,45,907.0364751473452
4337,Product A,Clothing,49,Supplier Y,34.93678525751503,2.274233032752334,49,SKU003,Warehouse B,30 Days,Brand Z,9997657516,59,139.4192514016019
4338,Product C,Clothing,21,Supplier Z,23.68531038446542,3.129920827442354,39,SKU002,Warehouse B,30 Days,Brand X,9780384368,78,575.6503299724656
4339,Product B,Clothing,65,Supplier X,25.88418262650372,1.075865538924165,99,SKU003,Warehouse A,15 Days,Brand Y,9048236020,98,261.1919074625463
4340,Product A,Electronics,70,Supplier Y,29.60014910796727,4.539562885723218,86,SKU001,Warehouse B,15 Days,Brand X,9919411031,23,803.3585273767046
4341,Product B,Electronics,27,Supplier Z,38.44058281191085,4.155338614100733,91,SKU002,Warehouse B,30 Days,Brand Y,9436154725,35,79.53493281078626
4342,Product A,Home,23,Supplier Z,4.518487425623907,1.781832017182371,10,SKU003,Warehouse A,30 Days,Brand Z,9453809871,48,692.0662322694582
4343,Product A,Electronics,47,Supplier X,38.84369561094108,4.732946764959371,13,SKU003,Warehouse C,7 Days,Brand X,9970487889,58,183.1965535541195
4344,Product A,Electronics,95,Supplier X,28.16175344375899,2.263359055189619,12,SKU002,Warehouse C,7 Days,Brand Y,9489840891,13,600.421564219197
4345,Product A,Electronics,12,Supplier Y,33.45477224276286,3.768745153520468,87,SKU001,Warehouse A,15 Days,Brand Z,9485430824,85,837.3356613207651
4346,Product B,Clothing,85,Supplier Y,16.3775882420381,4.275905272066399,79,SKU003,Warehouse A,30 Days,Brand Z,9426508669,38,757.5298555004628
4347,Product B,Clothing,66,Supplier Z,20.46934184082246,3.963657844948723,27,SKU002,Warehouse C,30 Days,Brand Z,9823789324,7,755.4134588068009
4348,Product A,Home,5,Supplier Y,11.55829098269601,4.670331136119365,93,SKU001,Warehouse B,15 Days,Brand Y,9772174540,47,522.6668590650362
4349,Product A,Home,9,Supplier X,48.96499987087027,4.457099041362834,43,SKU003,Warehouse C,30 Days,Brand Z,9893850722,79,891.8381359312241
4350,Product B,Home,20,Supplier Y,24.85014862551583,4.97844605636644,62,SKU001,Warehouse B,7 Days,Brand Z,9336701891,80,592.224146259578
4351,Product C,Clothing,82,Supplier Y,49.80384578982989,1.730445650304582,60,SKU003,Warehouse A,30 Days,Brand Y,9038996562,68,918.3427888640749
4352,Product C,Electronics,63,Supplier Z,24.48929890306332,2.2190472049068,90,SKU002,Warehouse A,15 Days,Brand X,9854245399,40,551.0572332540934
4353,Product B,Electronics,86,Supplier X,10.98756321920337,3.54490346972652,16,SKU002,Warehouse A,15 Days,Brand Z,9402013600,34,510.9059073898029
4354,Product A,Clothing,72,Supplier Z,25.37261983684284,3.932188743566335,49,SKU002,Warehouse C,30 Days,Brand Y,9870973792,63,230.1294890182113
4355,Product A,Home,98,Supplier X,1.97977858995389,3.138420218222837,25,SKU001,Warehouse A,15 Days,Brand X,9469391432,52,549.338787489903
4356,Product C,Home,73,Supplier X,45.23849007109757,1.29571345954646,6,SKU001,Warehouse C,7 Days,Brand Z,9776352438,53,149.178982936408
4357,Product C,Home,71,Supplier Z,40.92751255972205,4.366380907201528,98,SKU002,Warehouse B,7 Days,Brand Y,9783470584,36,870.99329924695
4358,Product B,Clothing,30,Supplier Y,36.29102603471424,4.843497424085088,78,SKU003,Warehouse B,7 Days,Brand Y,9062976514,51,679.1329698212105
4359,Product C,Home,82,Supplier Z,30.491335772123,2.622067375305579,15,SKU001,Warehouse B,30 Days,Brand Z,9121176834,17,993.6990940080125
4360,Product B,Home,91,Supplier Y,28.99171168351816,1.899249926795384,84,SKU001,Warehouse A,15 Days,Brand X,9538604573,20,101.1764535126179
4361,Product C,Clothing,16,Supplier Z,49.83641070397314,1.07725501984835,16,SKU003,Warehouse B,7 Days,Brand X,9931779217,41,248.266022346834
4362,Product C,Electronics,85,Supplier Z,13.8998717009969,1.949196144374341,89,SKU003,Warehouse A,15 Days,Brand X,9124573121,64,878.3870182234779
4363,Product C,Clothing,5,Supplier Y,38.98421826827889,3.799675099353689,34,SKU002,Warehouse C,15 Days,Brand Z,9345832927,80,401.3015587712285
4364,Product A,Clothing,29,Supplier Y,29.07023851068287,4.646357550690922,83,SKU001,Warehouse A,15 Days,Brand Z,9947420074,7,471.6399600820786
4365,Product A,Clothing,47,Supplier Y,48.79402718794426,1.374052265727063,83,SKU003,Warehouse B,7 Days,Brand X,9224441800,92,862.0453685137408
4366,Product A,Clothing,22,Supplier Z,41.39015916491262,3.21303674864772,22,SKU003,Warehouse A,15 Days,Brand X,9685386561,83,526.6049927004527
4367,Product C,Electronics,78,Supplier Y,49.92625564947964,3.782124994047329,68,SKU002,Warehouse A,7 Days,Brand X,9295618259,38,201.5410909202244
4368,Product B,Home,57,Supplier Y,29.41624972312232,2.105523284425074,8,SKU002,Warehouse C,7 Days,Brand X,9242312218,60,893.1098142556831
4369,Product B,Clothing,83,Supplier Y,10.22719787724675,3.279588156681208,86,SKU001,Warehouse A,7 Days,Brand Y,9491443555,59,40.75103985880315
4370,Product B,Electronics,35,Supplier X,25.18435178473669,3.860993704023091,17,SKU003,Warehouse B,30 Days,Brand Z,9469728872,68,896.4423049670088
4371,Product B,Home,88,Supplier Y,35.55555670252873,4.350876972541507,92,SKU002,Warehouse A,15 Days,Brand X,9184828525,58,60.01502440561134
4372,Product A,Home,60,Supplier Y,38.7180193090794,2.809999403279924,74,SKU001,Warehouse A,30 Days,Brand Y,9695566354,9,669.1908709541268
4373,Product A,Home,70,Supplier Y,0.02549945079717841,3.991428875675842,47,SKU002,Warehouse B,30 Days,Brand X,9908929551,62,80.96258587858132
4374,Product C,Clothing,60,Supplier X,25.2513544251147,2.207131886959399,71,SKU001,Warehouse A,30 Days,Brand X,9286450457,69,709.1508561054148
4375,Product C,Clothing,58,Supplier X,11.76172899853233,1.852186987088634,90,SKU003,Warehouse C,30 Days,Brand Y,9868683021,6,43.63160811962138
4376,Product B,Home,3,Supplier Y,43.74559166273942,1.74925498436267,65,SKU002,Warehouse B,7 Days,Brand X,9782917166,34,844.0331504336797
4377,Product A,Home,34,Supplier Y,7.645272202511427,2.435490927302905,22,SKU001,Warehouse B,7 Days,Brand X,9297677969,90,471.2845114206849
4378,Product B,Home,45,Supplier Y,33.32281247874167,1.143518727155396,84,SKU001,Warehouse A,15 Days,Brand Y,9152350363,41,102.5193735421891
4379,Product C,Home,50,Supplier Y,13.30310951624624,2.131967350660999,9,SKU003,Warehouse C,15 Days,Brand Y,9354322286,84,709.7512505600425
4380,Product C,Home,2,Supplier X,17.82710716071361,3.608891297772913,37,SKU002,Warehouse C,7 Days,Brand Y,9051609490,87,494.3972559287249
4381,Product B,Home,15,Supplier Y,47.02796303784224,3.591676188640547,58,SKU001,Warehouse B,15 Days,Brand Y,9310825501,28,199.0393702866885
4382,Product C,Electronics,37,Supplier X,12.02240627040397,1.294215225965965,67,SKU001,Warehouse B,15 Days,Brand Y,9352481896,26,25.51565014983852
4383,Product B,Home,15,Supplier Z,4.750138091146533,2.149662468322481,84,SKU001,Warehouse A,30 Days,Brand X,9670137492,37,423.8182771282818
4384,Product A,Clothing,60,Supplier X,3.464245072211292,3.278230658711687,42,SKU001,Warehouse B,30 Days,Brand Z,9831276948,1,94.77293842125022
4385,Product B,Clothing,96,Supplier Z,25.23075550497311,2.274208550012411,11,SKU002,Warehouse C,30 Days,Brand Y,9535445039,24,103.2280012647648
4386,Product A,Clothing,85,Supplier X,32.0855741142144,2.671952096755494,52,SKU002,Warehouse A,30 Days,Brand Z,9413752989,65,274.6562528790501
4387,Product A,Home,64,Supplier X,16.36468217854436,3.851243028463056,13,SKU001,Warehouse A,30 Days,Brand X,9659918832,37,634.15371427
4388,Product C,Clothing,81,Supplier X,34.51298708965404,1.03706731782652,51,SKU002,Warehouse C,7 Days,Brand Y,9116161577,58,534.6115024753396
4389,Product C,Electronics,98,Supplier Y,3.05168592866189,2.105574176353722,83,SKU002,Warehouse C,30 Days,Brand Z,9389759140,81,78.2974351760938
4390,Product C,Home,96,Supplier X,42.86673224614384,1.569488975140067,71,SKU003,Warehouse B,30 Days,Brand Z,9431495976,6,968.7469631335451
4391,Product B,Clothing,52,Supplier Y,40.82836048696189,1.510436731057967,90,SKU003,Warehouse C,7 Days,Brand Z,9222408365,48,888.2970014116452
4392,Product B,Electronics,23,Supplier X,49.27481356960428,4.836160865788989,60,SKU001,Warehouse A,30 Days,Brand Z,9478997343,67,266.6332322737067
4393,Product C,Electronics,99,Supplier X,46.82524904509227,2.506241326249671,40,SKU003,Warehouse A,15 Days,Brand Z,9103001181,40,131.1151902025198
4394,Product B,Clothing,37,Supplier Z,17.8098581959464,3.108354339638559,20,SKU002,Warehouse C,7 Days,Brand Y,9457848021,73,942.9788361094203
4395,Product C,Electronics,41,Supplier X,19.96376920077886,3.93528754827853,47,SKU001,Warehouse B,15 Days,Brand Y,9204096699,50,466.5303601018929
4396,Product B,Clothing,57,Supplier Y,37.29824237391298,1.189789899440201,55,SKU003,Warehouse A,15 Days,Brand Y,9605129815,91,318.0552951237215
4397,Product A,Electronics,97,Supplier Z,6.70413859774916,1.964090554230793,34,SKU001,Warehouse B,7 Days,Brand Z,9276063689,93,495.4544548135355
4398,Product A,Home,25,Supplier Z,15.70073551224174,4.32859114937485,43,SKU001,Warehouse C,7 Days,Brand Z,9488637911,23,775.016703100948
4399,Product C,Home,37,Supplier X,5.927046848782414,4.447962452711524,38,SKU003,Warehouse B,30 Days,Brand X,9144369408,35,176.7014453200239
4400,Product B,Home,40,Supplier X,22.74432245364157,2.491803682563208,14,SKU002,Warehouse A,7 Days,Brand Z,9534855415,79,769.820875174214
4401,Product B,Home,85,Supplier Z,27.60021399426588,2.499446398607073,11,SKU002,Warehouse C,7 Days,Brand X,9579499061,96,751.9523200545268
4402,Product A,Home,46,Supplier Y,10.55802349813762,4.027587508435527,97,SKU003,Warehouse A,30 Days,Brand X,9414681459,9,543.954722792471
4403,Product A,Clothing,60,Supplier X,1.33158434570525,2.180280906999477,7,SKU003,Warehouse A,30 Days,Brand Y,9764763938,20,867.1838658620859
4404,Product C,Home,98,Supplier Z,35.96779158752616,1.468376324559992,93,SKU003,Warehouse C,7 Days,Brand Z,9043986575,26,140.8219443881619
4405,Product A,Home,19,Supplier Y,1.000258221308425,2.030141800962334,66,SKU003,Warehouse B,30 Days,Brand Z,9029400580,54,599.5242165990164
4406,Product C,Home,91,Supplier X,48.67013044641781,2.549378926543099,93,SKU001,Warehouse C,30 Days,Brand X,9067401630,84,454.8496219768034
4407,Product A,Home,9,Supplier Z,11.08036283711977,1.208818838380393,92,SKU002,Warehouse A,30 Days,Brand X,9940990828,90,428.0691917074734
4408,Product A,Electronics,69,Supplier Z,33.19500460581455,2.914721016800699,0,SKU002,Warehouse A,15 Days,Brand Z,9680057892,95,260.0354605568302
4409,Product B,Home,5,Supplier X,21.73758631199946,3.960030051091114,79,SKU003,Warehouse A,30 Days,Brand X,9593461656,4,378.556860241809
4410,Product A,Home,89,Supplier Y,2.98369301685536,3.054980577921846,41,SKU002,Warehouse C,15 Days,Brand Z,9711606634,98,117.0692484634291
4411,Product A,Clothing,26,Supplier Y,23.60918033172337,1.287581362058028,30,SKU002,Warehouse C,7 Days,Brand Z,9886377840,85,259.0829800671769
4412,Product C,Electronics,19,Supplier Z,25.83803171483998,2.760598525383834,73,SKU002,Warehouse C,15 Days,Brand X,9534524861,58,279.2454567003018
4413,Product A,Clothing,30,Supplier Y,42.73416040464343,3.835618432171331,29,SKU003,Warehouse C,15 Days,Brand Y,9601347224,35,723.4611887855381
4414,Product C,Home,48,Supplier Z,36.61745348239489,1.23238661596076,42,SKU003,Warehouse B,15 Days,Brand Z,9298635586,73,58.06492293677452
4415,Product A,Clothing,16,Supplier X,3.965123737669318,1.239388758907554,25,SKU002,Warehouse A,15 Days,Brand X,9766100213,33,654.6803850693522
4416,Product A,Clothing,71,Supplier Y,10.45813417161325,2.482405612723931,11,SKU003,Warehouse B,15 Days,Brand X,9348499237,51,229.195810695258
4417,Product C,Home,18,Supplier X,15.59438421074739,1.779855856494836,58,SKU002,Warehouse A,15 Days,Brand X,9314224095,5,91.04289085713098
4418,Product B,Electronics,56,Supplier Z,5.820384323240973,4.739123165233682,68,SKU003,Warehouse A,7 Days,Brand Z,9419720111,13,307.7980994745798
4419,Product C,Electronics,21,Supplier X,22.84495354572453,3.325374414958973,72,SKU002,Warehouse B,7 Days,Brand Z,9933404371,58,232.2281407343168
4420,Product C,Clothing,31,Supplier Y,49.21545954312678,2.149301597623585,10,SKU003,Warehouse C,7 Days,Brand Z,9316989887,56,556.5120520814515
4421,Product C,Home,1,Supplier X,25.73063956188808,3.819106916459803,46,SKU002,Warehouse A,15 Days,Brand X,9184413313,36,363.8026394134828
4422,Product B,Clothing,3,Supplier Y,37.09410841615847,2.499716205437315,22,SKU003,Warehouse C,30 Days,Brand Y,9927058623,57,966.3338049842429
4423,Product A,Clothing,95,Supplier Y,34.14688988496731,1.52846257751604,80,SKU003,Warehouse B,15 Days,Brand Y,9971406020,82,963.9141033969421
4424,Product C,Clothing,25,Supplier Y,42.4955717546069,1.948928919374322,42,SKU002,Warehouse A,7 Days,Brand Z,9714082047,31,449.2781164290371
4425,Product C,Home,8,Supplier Y,10.78617452328047,3.570989137837503,76,SKU001,Warehouse C,15 Days,Brand Z,9549107347,19,797.136586053657
4426,Product B,Home,65,Supplier Y,37.69131308465141,1.207504423987967,80,SKU002,Warehouse B,7 Days,Brand Z,9804522325,84,23.13585545226628
4427,Product C,Electronics,62,Supplier Z,44.06776201528748,2.090756160192255,86,SKU002,Warehouse A,30 Days,Brand Y,9376100106,78,552.3334688775547
4428,Product A,Home,7,Supplier X,8.575491149012137,1.833245910568698,38,SKU001,Warehouse B,30 Days,Brand Y,9778805110,80,745.8661805839092
4429,Product B,Clothing,7,Supplier Z,17.34011098940019,1.804540442706128,72,SKU003,Warehouse C,7 Days,Brand Z,9572841297,60,224.7737931532625
4430,Product A,Clothing,8,Supplier X,48.50508821657807,3.731049647903884,81,SKU001,Warehouse A,7 Days,Brand X,9145732058,56,70.56003761428431
4431,Product A,Electronics,19,Supplier X,39.03939229898963,4.303267667017458,54,SKU002,Warehouse A,15 Days,Brand Y,9653663646,51,164.3597465473913
4432,Product B,Home,17,Supplier X,14.12954162687662,3.863466432257035,17,SKU001,Warehouse A,15 Days,Brand Z,9451051810,87,447.4296063021185
4433,Product C,Clothing,11,Supplier Z,28.19708848222435,3.582911263202049,93,SKU003,Warehouse B,15 Days,Brand Y,9768204971,84,511.3077065486993
4434,Product A,Electronics,49,Supplier Y,20.21630614247394,4.665807087271456,41,SKU002,Warehouse B,30 Days,Brand X,9195835318,47,387.0762708876808
4435,Product A,Electronics,11,Supplier Y,24.49825881635649,1.233569521697187,25,SKU002,Warehouse B,30 Days,Brand X,9438124844,78,445.5740293719562
4436,Product A,Clothing,41,Supplier Z,17.75830956953542,1.669932343904963,17,SKU003,Warehouse B,30 Days,Brand Y,9777648276,10,475.5326100131885
4437,Product A,Clothing,62,Supplier Y,13.96655092651703,2.657627422682129,84,SKU003,Warehouse C,15 Days,Brand Z,9849230483,29,771.7422949850853
4438,Product B,Home,52,Supplier X,33.73815206957094,2.489806574015471,40,SKU002,Warehouse B,7 Days,Brand Y,9333847816,59,114.1894790968759
4439,Product B,Electronics,66,Supplier Y,38.92709075430588,2.67220641185209,41,SKU003,Warehouse B,7 Days,Brand Z,9724290654,17,771.260962487802
4440,Product A,Clothing,68,Supplier Y,43.69785613736724,1.825819620170824,32,SKU001,Warehouse B,15 Days,Brand Y,9551186312,91,691.7410292720482
4441,Product C,Electronics,92,Supplier Y,7.766498365909403,1.598013262320913,42,SKU001,Warehouse C,15 Days,Brand X,9820673209,76,744.244201381555
4442,Product A,Home,97,Supplier X,41.14277618226203,3.036772989831712,13,SKU001,Warehouse C,7 Days,Brand Y,9803630022,73,737.1237020165696
4443,Product C,Clothing,75,Supplier Y,12.74004122385318,4.712210096275175,54,SKU001,Warehouse A,7 Days,Brand Z,9297105824,46,475.8858976437658
4444,Product A,Home,67,Supplier Y,21.36681949550253,2.567877849399668,57,SKU003,Warehouse B,30 Days,Brand Z,9077736192,11,219.286182715291
4445,Product C,Electronics,40,Supplier Y,45.07218429246233,1.173412856478112,9,SKU001,Warehouse A,15 Days,Brand X,9429852370,49,541.2626152587859
4446,Product A,Home,5,Supplier Z,22.7251800491301,3.824669371558098,27,SKU001,Warehouse A,30 Days,Brand Z,9233628162,39,958.4022330730086
4447,Product C,Home,85,Supplier Z,9.85317670221581,2.1644196221087,13,SKU002,Warehouse C,30 Days,Brand Z,9621159078,89,592.64042457943
4448,Product A,Electronics,22,Supplier Y,7.99343276185589,1.980380029219568,82,SKU003,Warehouse C,7 Days,Brand X,9231059339,63,20.93667376064983
4449,Product A,Home,37,Supplier Z,23.64918833260669,2.297032002791848,25,SKU003,Warehouse A,15 Days,Brand Z,9588180829,18,69.11379582762673
4450,Product C,Electronics,11,Supplier Z,38.1336211988277,3.895262095631505,73,SKU003,Warehouse A,7 Days,Brand Z,9503419791,86,992.9347992675168
4451,Product B,Clothing,44,Supplier X,49.86025719871506,4.275277547481217,16,SKU002,Warehouse B,30 Days,Brand Y,9032385228,99,81.22689564704596
4452,Product C,Electronics,86,Supplier Z,39.37043142154509,3.352224269355855,33,SKU002,Warehouse C,15 Days,Brand Y,9706474673,26,55.58470844444957
4453,Product B,Electronics,53,Supplier Z,43.85059794714267,2.289915014878206,13,SKU003,Warehouse C,30 Days,Brand Y,9835453271,51,359.4940266650688
4454,Product A,Clothing,77,Supplier Y,37.3916180467444,2.241912932469113,25,SKU001,Warehouse A,30 Days,Brand Y,9915405264,79,969.6240312366433
4455,Product C,Electronics,61,Supplier X,44.7717550378053,1.497233399621852,33,SKU002,Warehouse C,7 Days,Brand Y,9972570138,6,325.488402195537
4456,Product C,Clothing,67,Supplier X,3.814677165695662,4.733204192940779,82,SKU002,Warehouse A,15 Days,Brand Y,9102350876,62,415.7852895665179
4457,Product C,Clothing,13,Supplier X,46.49657994908227,3.552557595875278,23,SKU002,Warehouse A,15 Days,Brand Y,9177077886,76,637.7362905964799
4458,Product B,Electronics,92,Supplier Z,19.82030768628281,1.107898479423456,94,SKU003,Warehouse C,15 Days,Brand X,9283846760,54,33.87072093313384
4459,Product B,Home,11,Supplier Y,46.08071116402223,3.649468380746723,69,SKU001,Warehouse B,15 Days,Brand Y,9916830541,75,898.7859417439961
4460,Product A,Home,11,Supplier X,3.786641872973778,2.788613696774032,19,SKU002,Warehouse C,30 Days,Brand Z,9868834372,90,524.2485873788878
4461,Product B,Clothing,85,Supplier X,35.76214785605679,4.890231852187678,38,SKU002,Warehouse A,7 Days,Brand X,9601800810,96,472.1427969440174
4462,Product B,Home,85,Supplier Z,36.78443743351023,4.276275299225627,44,SKU003,Warehouse A,15 Days,Brand Y,9682809011,30,862.1193955845641
4463,Product A,Home,7,Supplier X,49.84554446488863,1.685263015331193,33,SKU001,Warehouse B,30 Days,Brand Y,9247330053,10,953.545823464441
4464,Product C,Electronics,17,Supplier Y,38.44276353449069,3.880444475499466,21,SKU002,Warehouse A,7 Days,Brand Z,9673191575,16,429.1909793303664
4465,Product C,Clothing,48,Supplier X,19.12868529078033,2.942264015341054,70,SKU003,Warehouse B,7 Days,Brand X,9445344295,65,180.7166685002984
4466,Product A,Clothing,14,Supplier Y,27.86242758092727,1.748180654679713,32,SKU003,Warehouse C,7 Days,Brand Z,9306990368,66,817.5521773020522
4467,Product C,Electronics,63,Supplier Y,18.32754690832951,3.794959629319796,5,SKU002,Warehouse B,15 Days,Brand Z,9565641705,97,409.2278170102623
4468,Product B,Home,64,Supplier Y,9.800932265242906,3.189550314776981,15,SKU003,Warehouse A,30 Days,Brand X,9297488048,31,936.1900841166484
4469,Product A,Clothing,97,Supplier Z,12.42511637511368,1.121495515086282,71,SKU003,Warehouse A,7 Days,Brand Z,9652128322,23,950.3999939926731
4470,Product A,Home,75,Supplier Z,11.10052671371605,3.586351802115304,22,SKU002,Warehouse B,7 Days,Brand X,9535011284,87,123.6807414041558
4471,Product A,Clothing,77,Supplier Y,27.44076650816065,3.539948359449763,17,SKU003,Warehouse C,7 Days,Brand Z,9855236885,12,956.9884276595227
4472,Product C,Clothing,65,Supplier Y,45.30803172659466,1.576340644205851,13,SKU001,Warehouse B,30 Days,Brand X,9636538860,21,374.5876221906697
4473,Product A,Clothing,34,Supplier X,45.63633130441988,2.395950907986772,49,SKU001,Warehouse A,30 Days,Brand Y,9972347207,18,649.7899924806186
4474,Product A,Clothing,9,Supplier X,2.738188876291275,3.34359588300416,60,SKU002,Warehouse C,15 Days,Brand X,9177600723,52,44.40258091670557
4475,Product A,Home,77,Supplier X,3.994970047594676,1.55513205642692,35,SKU001,Warehouse B,15 Days,Brand Z,9512229197,93,889.9954313429943
4476,Product C,Home,37,Supplier Z,12.25595285861717,4.410893511339026,14,SKU001,Warehouse B,30 Days,Brand Z,9986588509,38,645.1813560514163
4477,Product B,Home,30,Supplier X,12.75297262347375,1.109944185150815,4,SKU002,Warehouse B,15 Days,Brand Y,9571761267,20,647.118922286855
4478,Product A,Home,41,Supplier Y,4.744458761962555,1.41134965987742,52,SKU003,Warehouse A,30 Days,Brand Y,9605358727,86,903.154398377709
4479,Product B,Electronics,45,Supplier Y,19.42316705867202,1.464427679419536,47,SKU001,Warehouse A,15 Days,Brand Y,9445834386,15,513.2637031582697
4480,Product C,Clothing,47,Supplier Z,29.38626963456436,3.112428503900221,78,SKU003,Warehouse A,15 Days,Brand X,9746090860,6,416.411473958925
4481,Product C,Clothing,7,Supplier Z,28.90811002997318,3.480456048674501,10,SKU002,Warehouse C,30 Days,Brand X,9225903269,83,867.467464769393
4482,Product C,Clothing,14,Supplier X,27.17148406292964,2.614963186005946,1,SKU001,Warehouse C,7 Days,Brand X,9226901219,77,744.9963067526843
4483,Product C,Electronics,48,Supplier Z,16.93359624437486,2.154667310672665,86,SKU002,Warehouse C,7 Days,Brand X,9569372293,25,949.485908315252
4484,Product B,Home,6,Supplier Y,35.32278426582904,4.23726950250223,23,SKU003,Warehouse A,15 Days,Brand X,9303765171,85,940.7206743774273
4485,Product A,Clothing,34,Supplier Y,41.32419704905357,1.273143934905681,81,SKU002,Warehouse C,7 Days,Brand Z,9348728609,99,388.5029029146378
4486,Product C,Home,80,Supplier Z,17.31371332387042,2.121167444531167,67,SKU001,Warehouse C,7 Days,Brand Z,9032488286,89,452.5164272400037
4487,Product C,Home,46,Supplier Y,4.276767964973099,1.156462315215883,78,SKU002,Warehouse B,15 Days,Brand Z,9984238474,75,263.4251042528707
4488,Product B,Electronics,59,Supplier Z,14.81651255459283,1.055560539865072,11,SKU002,Warehouse A,7 Days,Brand X,9099287594,30,664.041410247182
4489,Product B,Electronics,70,Supplier Y,6.868432728745138,2.413519547728805,58,SKU002,Warehouse B,30 Days,Brand Y,9296002338,67,370.8965503879977
4490,Product C,Home,8,Supplier X,23.36793636135904,1.779294649779728,66,SKU003,Warehouse A,30 Days,Brand Z,9195642506,39,788.2396401415944
4491,Product A,Clothing,24,Supplier Z,7.796757565803913,2.073463419352985,31,SKU003,Warehouse A,7 Days,Brand Z,9052314535,26,130.3352531236014
4492,Product A,Clothing,67,Supplier Z,23.14223788289886,4.283788629819872,35,SKU003,Warehouse C,30 Days,Brand X,9661071100,8,125.2388226540884
4493,Product C,Electronics,4,Supplier Z,11.05014461623239,1.651920384996886,20,SKU003,Warehouse B,30 Days,Brand X,9034120095,75,212.4108276052029
4494,Product B,Electronics,96,Supplier Y,36.93655527312015,4.120933468607204,69,SKU001,Warehouse B,7 Days,Brand X,9031992752,92,93.44926655303935
4495,Product C,Electronics,1,Supplier X,1.378412041792282,3.700202492585454,65,SKU003,Warehouse C,30 Days,Brand Z,9007615994,91,623.8312916014523
4496,Product C,Electronics,34,Supplier Z,27.73731519159628,2.305782100563331,8,SKU003,Warehouse B,15 Days,Brand Y,9842381657,15,155.8792383565712
4497,Product B,Electronics,9,Supplier Y,8.474413746002835,3.186224580705151,75,SKU001,Warehouse B,15 Days,Brand X,9436422613,71,168.3632882929777
4498,Product C,Electronics,63,Supplier Z,0.04959322348135342,2.777742439098155,43,SKU003,Warehouse A,15 Days,Brand X,9921365176,12,24.08594149187433
4499,Product C,Electronics,76,Supplier Y,43.46000440324035,1.513581261990661,58,SKU002,Warehouse B,7 Days,Brand Y,9050475584,77,784.2691144773737
4500,Product C,Clothing,10,Supplier X,33.57638939070338,4.628741286936703,23,SKU003,Warehouse B,30 Days,Brand Y,9842697519,59,814.1730948692463
4501,Product B,Electronics,10,Supplier Y,4.94714110252617,3.27847187034304,62,SKU001,Warehouse A,7 Days,Brand Y,9423561180,78,170.4021922007953
4502,Product A,Electronics,50,Supplier Y,33.20361838419278,4.52096018318182,77,SKU002,Warehouse C,7 Days,Brand X,9163442867,59,742.1291899245522
4503,Product A,Clothing,44,Supplier Z,30.58236663687993,4.295306047253161,40,SKU001,Warehouse A,30 Days,Brand X,9996910886,8,439.209671925786
4504,Product B,Clothing,48,Supplier Y,23.66783435216017,1.319103701237693,75,SKU002,Warehouse C,30 Days,Brand Z,9908726485,52,247.1989341357374
4505,Product A,Home,87,Supplier Z,20.9629049212807,1.82908266407381,90,SKU002,Warehouse C,30 Days,Brand Z,9537254325,31,625.1707619930907
4506,Product C,Electronics,6,Supplier Y,44.35348814578675,1.581044457499323,73,SKU002,Warehouse A,7 Days,Brand Z,9104472031,85,186.6992336036139
4507,Product A,Electronics,88,Supplier X,12.25740099487256,4.323118131147675,1,SKU001,Warehouse A,7 Days,Brand Z,9143716504,54,759.3147715765051
4508,Product C,Electronics,24,Supplier Y,19.91550285066916,4.449786505820809,94,SKU002,Warehouse C,15 Days,Brand Z,9795007847,24,57.13907529484618
4509,Product A,Electronics,85,Supplier Z,16.45577064474136,3.111886039233464,27,SKU002,Warehouse A,7 Days,Brand Z,9438875052,40,959.5396235986352
4510,Product B,Home,95,Supplier Y,38.56005145183168,1.416712290032028,15,SKU002,Warehouse A,30 Days,Brand X,9845903260,25,81.15650117153822
4511,Product A,Clothing,58,Supplier Y,45.82326531162697,1.542466474172065,58,SKU002,Warehouse B,7 Days,Brand Z,9115289956,28,583.6539350562028
4512,Product A,Clothing,64,Supplier X,42.48908493701153,4.254195249753069,0,SKU002,Warehouse A,15 Days,Brand X,9203951903,81,903.1723472211547
4513,Product A,Electronics,94,Supplier Z,39.88519651498842,4.716760546117321,85,SKU003,Warehouse A,30 Days,Brand X,9882055773,35,21.78542415937184
4514,Product B,Electronics,56,Supplier X,49.33949727850415,1.797902740442627,0,SKU001,Warehouse B,15 Days,Brand Y,9027187067,83,503.5293163791665
4515,Product A,Electronics,98,Supplier Y,34.85722752051926,1.044550305888692,30,SKU002,Warehouse C,7 Days,Brand X,9389529466,96,356.5068946675731
4516,Product B,Home,82,Supplier X,37.55268956067669,2.323811620603112,21,SKU002,Warehouse C,7 Days,Brand X,9316393041,83,584.52886835533
4517,Product C,Home,12,Supplier Y,49.14012698525095,1.121997558591525,97,SKU002,Warehouse A,15 Days,Brand X,9943359595,2,233.2028128702821
4518,Product A,Clothing,35,Supplier Y,0.3495392699587041,4.311899664312152,75,SKU002,Warehouse A,15 Days,Brand Y,9235596527,58,74.25022505940751
4519,Product B,Electronics,71,Supplier X,31.70241882181825,2.966049028905006,58,SKU002,Warehouse C,30 Days,Brand X,9607725323,33,629.6737064802198
4520,Product B,Electronics,89,Supplier X,36.94857659766448,3.567443115052079,86,SKU003,Warehouse A,30 Days,Brand Y,9322536377,5,422.6807470984684
4521,Product A,Electronics,6,Supplier Y,45.89135268785975,2.645939504546169,27,SKU003,Warehouse C,15 Days,Brand Z,9174288114,30,626.2606833191674
4522,Product C,Electronics,65,Supplier X,44.19221520921714,2.382030188049927,75,SKU002,Warehouse C,30 Days,Brand X,9349926163,98,218.4337553694645
4523,Product B,Home,80,Supplier X,42.09803406168972,1.888801652304339,26,SKU002,Warehouse B,15 Days,Brand Z,9271275313,31,345.353850323947
4524,Product A,Clothing,60,Supplier Y,47.28956359708519,4.082130188152583,86,SKU002,Warehouse B,15 Days,Brand X,9180677767,41,566.0645754709642
4525,Product C,Clothing,68,Supplier Z,26.86895939568538,3.782190337662117,0,SKU001,Warehouse A,7 Days,Brand Y,9045704350,56,597.18165054148
4526,Product B,Home,29,Supplier X,0.3460047792413379,2.442915937984345,1,SKU001,Warehouse A,15 Days,Brand Z,9339136663,72,378.5916596965225
4527,Product B,Electronics,38,Supplier X,0.5527199348504763,2.284464537196732,94,SKU003,Warehouse C,30 Days,Brand X,9809393021,45,287.2526735603909
4528,Product C,Clothing,92,Supplier Z,27.2319527808929,1.004971514594716,65,SKU003,Warehouse A,15 Days,Brand X,9524108684,90,280.9636231937099
4529,Product C,Clothing,22,Supplier X,21.76361194319706,1.25420852018189,48,SKU001,Warehouse B,7 Days,Brand Y,9666753019,87,182.9523579066895
4530,Product A,Home,8,Supplier Y,22.56225266827242,3.493022099570539,88,SKU002,Warehouse C,30 Days,Brand X,9339564999,55,332.1509127062913
4531,Product A,Electronics,63,Supplier X,20.02023686050185,3.058429240941847,18,SKU003,Warehouse C,15 Days,Brand Z,9061337129,49,207.4459336430878
4532,Product B,Clothing,96,Supplier Y,45.88629045456179,2.73921281794009,27,SKU002,Warehouse A,7 Days,Brand Y,9925339981,85,637.4772521676454
4533,Product C,Electronics,97,Supplier Z,17.9585175584895,4.310008963206634,69,SKU002,Warehouse C,30 Days,Brand Z,9693854670,29,573.3763282596688
4534,Product C,Clothing,13,Supplier Z,42.81134708815416,3.015592817611386,38,SKU003,Warehouse C,7 Days,Brand Z,9982640084,35,388.7629354342109
4535,Product C,Home,27,Supplier Z,45.14323968958205,2.53797432562928,18,SKU001,Warehouse C,7 Days,Brand X,9240981838,25,332.5717197380205
4536,Product B,Electronics,18,Supplier X,24.97508849994774,1.64502539009994,63,SKU001,Warehouse B,30 Days,Brand X,9498265253,49,245.2380581926961
4537,Product C,Home,18,Supplier Z,22.34690186825442,4.282752032858477,57,SKU001,Warehouse C,7 Days,Brand Y,9691285357,1,540.1037258697478
4538,Product C,Clothing,77,Supplier X,38.05103021077234,3.304993000484751,16,SKU002,Warehouse B,7 Days,Brand Y,9883782437,6,919.7137367022314
4539,Product B,Home,86,Supplier X,35.39857538199412,1.369839863691029,69,SKU002,Warehouse C,7 Days,Brand Y,9607392182,26,688.8460208750478
4540,Product A,Home,62,Supplier X,16.4267558298103,3.595593591988303,78,SKU002,Warehouse A,30 Days,Brand Z,9434065801,79,746.9705668952117
4541,Product A,Home,14,Supplier Z,5.127406296232328,2.70028298195364,85,SKU001,Warehouse A,7 Days,Brand Z,9889851346,48,836.0340850198437
4542,Product B,Clothing,11,Supplier Z,13.24262000912402,4.245544894351983,40,SKU002,Warehouse C,15 Days,Brand Z,9015589642,45,358.1186236044703
4543,Product C,Electronics,86,Supplier X,6.551425290614948,4.675658387983985,97,SKU003,Warehouse A,7 Days,Brand Z,9241473410,92,72.24702429334275
4544,Product B,Home,17,Supplier Z,14.73661378883457,3.401863252704984,4,SKU002,Warehouse B,15 Days,Brand X,9627997818,84,626.3332152884278
4545,Product A,Electronics,51,Supplier X,13.09107827903995,3.926451277253466,22,SKU003,Warehouse C,7 Days,Brand Y,9501687830,25,196.7855683157523
4546,Product A,Clothing,96,Supplier Z,31.88557119433568,1.226363390408663,68,SKU001,Warehouse B,15 Days,Brand X,9234683197,81,573.3532134957096
4547,Product B,Electronics,14,Supplier Y,47.72480142273898,3.241021820004629,9,SKU002,Warehouse C,30 Days,Brand X,9393647301,64,742.1151308254941
4548,Product B,Home,57,Supplier Z,34.28718661652418,4.021359913421897,67,SKU002,Warehouse B,7 Days,Brand Z,9833051688,1,785.8019191263583
4549,Product A,Home,93,Supplier Z,46.33247040322848,2.987048597912415,11,SKU001,Warehouse A,15 Days,Brand Y,9674785400,77,308.8207290450403
4550,Product B,Home,6,Supplier Z,39.20661293042217,3.374200358017349,9,SKU002,Warehouse B,30 Days,Brand Z,9107764136,78,517.308900243622
4551,Product A,Home,57,Supplier X,36.39388110355866,4.595792742324177,59,SKU003,Warehouse B,7 Days,Brand Z,9585656156,63,624.7554453144204
4552,Product B,Home,4,Supplier X,20.70309701066707,1.792398288124798,29,SKU001,Warehouse A,7 Days,Brand Y,9737212419,63,821.2859144836157
4553,Product B,Home,11,Supplier Y,16.23972514316843,1.392986030207648,23,SKU003,Warehouse A,7 Days,Brand Y,9494804222,99,763.774778453898
4554,Product B,Clothing,74,Supplier Y,42.31386862364596,3.762574452558004,68,SKU001,Warehouse C,30 Days,Brand X,9503149186,87,988.0955677675965
4555,Product A,Clothing,92,Supplier Y,45.26966164645027,4.291395622089777,12,SKU003,Warehouse C,30 Days,Brand Z,9792476670,59,18.00382976471077
4556,Product B,Clothing,11,Supplier X,22.5941246825466,4.401960754330254,99,SKU003,Warehouse B,15 Days,Brand Z,9673123795,88,443.1145464545017
4557,Product A,Electronics,99,Supplier Y,0.4531549093322207,3.566577988364881,8,SKU003,Warehouse C,7 Days,Brand Z,9446237490,8,263.4840415123666
4558,Product A,Electronics,79,Supplier Y,39.62655294532352,4.332853672683214,17,SKU002,Warehouse B,15 Days,Brand Y,9020091062,14,128.6944532734247
4559,Product B,Clothing,8,Supplier Z,14.25344202361458,3.802656822893161,34,SKU002,Warehouse C,15 Days,Brand Z,9479919210,36,912.4001748855128
4560,Product B,Electronics,84,Supplier Y,0.4943932508460369,1.349507663627163,94,SKU002,Warehouse A,15 Days,Brand Z,9407489010,5,997.9824454347294
4561,Product A,Electronics,59,Supplier Z,40.2494279488061,4.048174031539952,87,SKU002,Warehouse A,15 Days,Brand Z,9024407486,42,188.7902458256764
4562,Product A,Home,21,Supplier X,25.87070944084491,1.717438758201319,3,SKU002,Warehouse A,15 Days,Brand Z,9157936816,44,48.04905887334996
4563,Product C,Home,65,Supplier X,34.26053731692345,1.946437370363891,40,SKU003,Warehouse A,7 Days,Brand X,9130381895,75,282.3039032036954
4564,Product A,Electronics,93,Supplier Z,45.73449105722388,2.578602507994659,25,SKU002,Warehouse B,30 Days,Brand Y,9025282629,90,836.5132988857317
4565,Product C,Electronics,24,Supplier Y,27.05869150690527,2.258268265305348,43,SKU003,Warehouse A,15 Days,Brand X,9364460612,70,300.9511823673236
4566,Product C,Clothing,30,Supplier X,25.15970362894829,2.286606953211648,41,SKU001,Warehouse A,30 Days,Brand Y,9307152647,27,66.33246569264534
4567,Product C,Electronics,99,Supplier Z,14.53310606741318,1.677038096816183,9,SKU003,Warehouse A,15 Days,Brand Z,9111894650,51,61.9672621134996
4568,Product B,Home,97,Supplier X,15.25969172199763,2.175484188438177,72,SKU002,Warehouse A,7 Days,Brand Y,9952041863,75,433.1485743457421
4569,Product B,Electronics,84,Supplier X,39.82710330148229,1.078650359903527,0,SKU001,Warehouse C,15 Days,Brand X,9981273826,34,932.5074658310035
4570,Product A,Clothing,57,Supplier Y,22.45146227929685,2.891643786753304,53,SKU002,Warehouse B,15 Days,Brand Z,9636564370,65,293.0612372232356
4571,Product C,Home,80,Supplier X,8.17631043040602,4.074363835079227,15,SKU001,Warehouse B,15 Days,Brand X,9762734959,25,432.8861038940333
4572,Product B,Home,73,Supplier Z,4.72643820002478,4.448989476899358,45,SKU003,Warehouse C,7 Days,Brand X,9063738313,19,110.9144673287825
4573,Product B,Home,95,Supplier Y,23.64600584308897,4.281714235837754,12,SKU001,Warehouse C,15 Days,Brand X,9164640950,88,498.6370653362912
4574,Product B,Home,17,Supplier Z,23.24775118088652,2.665830875980453,63,SKU002,Warehouse B,7 Days,Brand Y,9963984610,61,699.581593642847
4575,Product B,Electronics,59,Supplier Z,32.6729139102698,3.921705924655425,77,SKU001,Warehouse B,30 Days,Brand X,9549924808,84,278.4388575654474
4576,Product B,Clothing,31,Supplier Z,23.55337388725703,2.15156309638085,86,SKU003,Warehouse C,30 Days,Brand Y,9817515007,0,303.7441954433979
4577,Product C,Electronics,64,Supplier Y,7.173785206710736,1.222249890870472,54,SKU001,Warehouse A,30 Days,Brand X,9665598983,91,843.5552751522085
4578,Product C,Electronics,48,Supplier X,25.39014423992568,3.703886101565066,62,SKU003,Warehouse B,7 Days,Brand X,9002267064,52,20.26008512370531
4579,Product C,Home,23,Supplier Z,45.33947019430126,3.595184658945624,17,SKU001,Warehouse C,15 Days,Brand Y,9988922951,76,640.106001464596
4580,Product C,Clothing,70,Supplier X,7.97207058101062,4.206517581851502,60,SKU003,Warehouse A,30 Days,Brand Y,9512912083,29,399.9457885922008
4581,Product A,Home,30,Supplier X,34.48773204888745,3.464424826811519,91,SKU003,Warehouse A,30 Days,Brand X,9064245805,59,305.3967084258543
4582,Product C,Electronics,55,Supplier Z,29.69296324827633,1.627566499895666,19,SKU003,Warehouse C,15 Days,Brand X,9119635093,9,661.0178939214384
4583,Product B,Electronics,7,Supplier X,37.42928633559013,4.412649568200793,64,SKU003,Warehouse B,30 Days,Brand Z,9939233872,21,836.3218365718081
4584,Product C,Home,75,Supplier Y,7.530013671379638,3.509011152074803,63,SKU002,Warehouse B,30 Days,Brand X,9010265348,28,562.8081951653869
4585,Product A,Electronics,98,Supplier Y,47.08026684529973,4.230438796140016,75,SKU003,Warehouse A,15 Days,Brand X,9126456289,68,40.78367572362545
4586,Product B,Electronics,12,Supplier X,31.04832138835793,4.096428481504163,90,SKU002,Warehouse C,7 Days,Brand Z,9430949550,7,466.7871789173203
4587,Product C,Home,60,Supplier X,42.35355688455684,2.191457948900354,63,SKU003,Warehouse A,7 Days,Brand X,9698246570,52,468.1323414850334
4588,Product C,Electronics,52,Supplier Y,12.33033818401178,1.298211899408209,12,SKU001,Warehouse A,30 Days,Brand X,9840782478,10,548.3605098565617
4589,Product C,Clothing,27,Supplier X,36.97064446989808,1.706017636358339,67,SKU001,Warehouse A,30 Days,Brand Y,9111697599,25,674.2493120331168
4590,Product B,Home,12,Supplier X,39.05153521669595,1.371449337253003,88,SKU002,Warehouse C,7 Days,Brand Y,9556144286,18,29.12521949899704
4591,Product B,Clothing,13,Supplier X,19.87176361935378,1.973649728320546,69,SKU001,Warehouse B,30 Days,Brand Y,9656681196,18,506.992498155753
4592,Product A,Electronics,72,Supplier X,19.1976726441711,2.838129092103972,56,SKU003,Warehouse A,7 Days,Brand X,9130350674,29,592.4246916867849
4593,Product B,Electronics,80,Supplier Z,32.88981325128746,4.627242419925132,44,SKU001,Warehouse B,30 Days,Brand Y,9490110763,35,349.9198525518914
4594,Product B,Home,62,Supplier X,4.670384088010798,4.488075023682539,85,SKU002,Warehouse B,30 Days,Brand X,9049564638,41,671.6815743245287
4595,Product C,Electronics,29,Supplier Y,36.78120751087545,3.874399260382912,37,SKU001,Warehouse C,7 Days,Brand Z,9411622062,55,235.8959399578794
4596,Product B,Home,35,Supplier Z,2.144337991970546,1.096449438191304,53,SKU002,Warehouse B,15 Days,Brand Y,9475374731,8,324.1986097367771
4597,Product C,Home,60,Supplier Z,9.5295150560413,2.365556805282214,35,SKU003,Warehouse B,30 Days,Brand Z,9497606719,6,963.1277939500827
4598,Product C,Home,29,Supplier Y,33.20718786206836,3.729393705938079,66,SKU003,Warehouse A,30 Days,Brand X,9460613910,17,354.5896671525287
4599,Product B,Home,31,Supplier X,4.916183354598191,1.516115587356273,78,SKU001,Warehouse C,15 Days,Brand X,9790020145,8,353.0358784920876
4600,Product A,Home,77,Supplier Z,48.5921045738395,4.204351400063635,10,SKU001,Warehouse C,30 Days,Brand Z,9024031446,5,599.7238294648841
4601,Product A,Clothing,76,Supplier Z,43.41981047309503,4.658294719950375,97,SKU001,Warehouse A,15 Days,Brand Z,9050378364,69,971.2655765614596
4602,Product B,Home,61,Supplier X,31.31511662033682,2.416417786551302,26,SKU003,Warehouse A,15 Days,Brand Z,9038705187,44,983.2496414934703
4603,Product A,Clothing,2,Supplier X,40.95287278346749,3.823372247455334,86,SKU001,Warehouse B,7 Days,Brand Z,9604685962,21,583.861384039553
4604,Product C,Electronics,33,Supplier Y,44.37900242947839,1.592816530674853,16,SKU003,Warehouse B,15 Days,Brand Y,9500956757,80,11.07614960688321
4605,Product C,Home,72,Supplier Z,12.97378247859092,3.763265796452108,86,SKU002,Warehouse C,7 Days,Brand Z,9041675182,78,901.6499852607157
4606,Product B,Electronics,62,Supplier X,42.47057939746598,1.085821649148173,97,SKU001,Warehouse C,7 Days,Brand Y,9087286264,72,574.5355849312776
4607,Product A,Home,59,Supplier X,9.73968918188009,1.603086027244404,84,SKU001,Warehouse B,7 Days,Brand Z,9136840759,69,372.3364442070365
4608,Product A,Clothing,40,Supplier Y,20.66711320744077,3.83952578643468,32,SKU002,Warehouse A,30 Days,Brand Z,9123474168,86,830.903189605779
4609,Product C,Clothing,49,Supplier Z,27.91298156242997,3.847400891505225,4,SKU002,Warehouse C,30 Days,Brand Y,9123552477,80,405.834134756703
4610,Product B,Clothing,32,Supplier X,35.69454815370162,3.564650823380708,80,SKU002,Warehouse A,15 Days,Brand X,9323098436,95,43.70406113826202
4611,Product A,Electronics,38,Supplier Y,1.507065886126402,2.909456097536813,61,SKU002,Warehouse B,7 Days,Brand X,9515001124,31,822.8615008264486
4612,Product B,Home,92,Supplier Z,14.52547063890945,3.69963236468778,64,SKU003,Warehouse C,30 Days,Brand X,9776356307,66,550.4008070095647
4613,Product A,Electronics,79,Supplier Z,30.42595491051951,4.095203193155153,70,SKU001,Warehouse C,30 Days,Brand X,9803752696,15,344.7621028419542
4614,Product C,Clothing,87,Supplier Z,17.86843395745594,4.865926636146975,66,SKU003,Warehouse B,15 Days,Brand Y,9514777597,1,258.3834525903127
4615,Product C,Electronics,88,Supplier Z,38.75125278147467,4.554564126194419,89,SKU003,Warehouse B,30 Days,Brand X,9425778569,66,597.8594848212714
4616,Product B,Clothing,13,Supplier Y,32.58260805753581,4.178136810264498,79,SKU002,Warehouse A,30 Days,Brand Y,9516003255,40,215.9690527428491
4617,Product C,Clothing,85,Supplier X,11.72007268618679,3.779030066857492,79,SKU001,Warehouse A,30 Days,Brand Y,9638094037,50,330.6123776914332
4618,Product A,Clothing,54,Supplier Z,7.296448979616654,3.296622181729469,43,SKU003,Warehouse B,30 Days,Brand Y,9602802985,13,640.1650063198438
4619,Product C,Home,76,Supplier Z,31.45234967935252,1.482435293407665,13,SKU003,Warehouse B,30 Days,Brand Y,9561581149,77,882.7290059018727
4620,Product B,Home,13,Supplier X,22.52336638523789,1.662227368393572,89,SKU002,Warehouse B,30 Days,Brand Y,9707757541,93,537.5614251076828
4621,Product B,Clothing,39,Supplier Z,8.44785205506593,4.281118242683598,90,SKU001,Warehouse C,15 Days,Brand Z,9453586917,48,761.5153343161016
4622,Product B,Electronics,23,Supplier Z,16.31871026591887,4.213251648828882,56,SKU001,Warehouse B,7 Days,Brand Y,9132238774,48,765.4299977254115
4623,Product A,Electronics,92,Supplier X,15.15233741592933,3.457835703893452,47,SKU001,Warehouse C,30 Days,Brand X,9402407589,26,667.710413132793
4624,Product A,Home,14,Supplier X,5.406598616968755,2.755360530864614,16,SKU003,Warehouse B,7 Days,Brand Y,9391754807,80,253.3799543037125
4625,Product A,Clothing,17,Supplier Z,27.3454509632614,1.104130599294423,43,SKU002,Warehouse C,15 Days,Brand X,9717458886,38,868.1207121687395
4626,Product A,Electronics,24,Supplier X,38.18243169562771,2.308707770114176,3,SKU001,Warehouse A,15 Days,Brand Y,9976235889,72,441.9128990831708
4627,Product A,Clothing,58,Supplier Y,28.77334444264935,2.682558630261271,80,SKU003,Warehouse A,7 Days,Brand X,9981689721,35,53.76863649634356
4628,Product C,Electronics,63,Supplier Y,41.31456824686762,2.943265144693682,96,SKU003,Warehouse C,7 Days,Brand Y,9255823779,9,252.1665433688299
4629,Product A,Home,34,Supplier Z,6.378427360771566,4.717298394244837,29,SKU001,Warehouse A,15 Days,Brand Z,9525957965,92,767.8928705583226
4630,Product A,Clothing,51,Supplier Z,21.78059289111119,1.434837599200571,84,SKU002,Warehouse A,30 Days,Brand X,9382850442,3,78.44200245931448
4631,Product C,Clothing,86,Supplier X,30.47075518290496,3.075467679119082,80,SKU002,Warehouse C,7 Days,Brand X,9213616006,84,155.8907581333621
4632,Product A,Electronics,10,Supplier X,33.80007804709537,2.471689187833119,74,SKU001,Warehouse B,7 Days,Brand Y,9588850527,1,697.2845478812874
4633,Product B,Electronics,72,Supplier Z,34.78931532117135,4.960392476864206,54,SKU003,Warehouse B,30 Days,Brand X,9239676403,78,893.6747818302651
4634,Product A,Electronics,21,Supplier Z,36.44827135489405,4.447456065131622,29,SKU002,Warehouse C,7 Days,Brand Y,9327457313,27,637.3946850070605
4635,Product A,Clothing,37,Supplier Y,32.57149060980083,2.755143416955684,17,SKU003,Warehouse A,30 Days,Brand Z,9108994622,88,230.068143291259
4636,Product B,Home,7,Supplier X,4.711404447043383,4.998782437419042,83,SKU003,Warehouse B,15 Days,Brand Z,9222887425,25,62.87962561705312
4637,Product B,Home,90,Supplier Z,34.76528388011482,3.056252985885985,97,SKU002,Warehouse B,7 Days,Brand Y,9023399101,72,618.9753167248086
4638,Product B,Electronics,13,Supplier Z,36.23913283871938,1.668471186365603,91,SKU003,Warehouse A,30 Days,Brand Y,9658427782,29,56.92459215185234
4639,Product B,Home,80,Supplier X,49.67399671668136,3.223498767306858,72,SKU003,Warehouse C,30 Days,Brand Z,9775139882,8,616.5948314223394
4640,Product A,Electronics,30,Supplier X,34.6681218350563,1.904823063214586,43,SKU001,Warehouse C,15 Days,Brand X,9504298078,0,233.3241447194841
4641,Product B,Home,31,Supplier Z,34.34151978757745,3.545251360305008,61,SKU002,Warehouse B,7 Days,Brand X,9788244627,55,905.6095017847414
4642,Product B,Clothing,5,Supplier Z,25.7406645090986,4.749760699535702,30,SKU003,Warehouse C,30 Days,Brand X,9122562054,55,480.3417418024882
4643,Product C,Electronics,32,Supplier Z,43.3961454292557,4.144794307340113,15,SKU002,Warehouse A,7 Days,Brand Z,9126645973,75,231.6990489765987
4644,Product B,Home,16,Supplier X,49.84173809805792,2.092654761676221,94,SKU002,Warehouse C,30 Days,Brand Y,9604904952,60,854.6138633930057
4645,Product B,Clothing,73,Supplier Z,38.9522435098716,2.187434499864028,92,SKU003,Warehouse C,7 Days,Brand Z,9848545572,44,261.4950444630333
4646,Product C,Home,22,Supplier Z,30.62501889289042,1.277152812361248,76,SKU002,Warehouse C,7 Days,Brand X,9358834273,12,313.5330857596268
4647,Product C,Clothing,64,Supplier Z,3.947741346578409,2.14347134258511,22,SKU001,Warehouse C,30 Days,Brand Y,9143762733,13,835.9351200649012
4648,Product A,Clothing,44,Supplier Y,36.33695658648138,1.370499198711269,13,SKU001,Warehouse A,30 Days,Brand Y,9082354022,9,315.70410950259
4649,Product C,Home,40,Supplier Y,35.42807842909752,2.997794877302571,1,SKU003,Warehouse C,7 Days,Brand X,9483292201,16,416.062131538331
4650,Product A,Home,37,Supplier X,38.77840739047159,3.83338831799303,11,SKU002,Warehouse B,7 Days,Brand Y,9540440891,16,354.1890140512779
4651,Product C,Clothing,78,Supplier Z,6.227769419974466,4.004724645996633,57,SKU003,Warehouse C,15 Days,Brand X,9203584241,30,125.2363146520721
4652,Product C,Clothing,16,Supplier Z,32.68662500630717,1.238116928992716,91,SKU002,Warehouse B,30 Days,Brand Z,9881986943,45,48.50685412435789
4653,Product A,Clothing,43,Supplier X,14.78619524758373,2.359823592952808,95,SKU003,Warehouse A,7 Days,Brand Y,9193866855,48,727.2952673203715
4654,Product C,Electronics,84,Supplier X,38.01356217014168,2.152687066189735,55,SKU003,Warehouse C,7 Days,Brand X,9495738191,89,648.6857526963635
4655,Product A,Clothing,63,Supplier X,12.01869770157331,1.417201291949338,23,SKU002,Warehouse B,30 Days,Brand X,9369096315,98,289.5424068765366
4656,Product C,Electronics,15,Supplier Z,34.19893384102053,2.449885243728023,36,SKU001,Warehouse C,7 Days,Brand Z,9732596200,99,302.6431337350297
4657,Product B,Clothing,44,Supplier Y,14.74964734919899,2.197280436556944,28,SKU003,Warehouse C,7 Days,Brand Y,9124769311,74,945.5557251785945
4658,Product C,Electronics,90,Supplier X,0.4497146408715569,3.537996917357107,41,SKU001,Warehouse B,15 Days,Brand Y,9313133989,79,987.7944159611573
4659,Product A,Clothing,9,Supplier Z,31.66789559865477,4.533210654934852,17,SKU002,Warehouse A,15 Days,Brand Y,9265806502,92,478.7005542013566
4660,Product C,Clothing,65,Supplier X,5.663454157946118,2.819366883492863,2,SKU003,Warehouse A,30 Days,Brand Y,9934151449,17,804.4272280266788
4661,Product A,Clothing,99,Supplier Z,32.9645736394107,3.986660691067274,76,SKU002,Warehouse A,30 Days,Brand Z,9888966173,74,739.3190171106718
4662,Product A,Home,44,Supplier X,46.28047241784687,1.584041468442697,12,SKU001,Warehouse A,30 Days,Brand Z,9980903677,10,304.3445324169265
4663,Product B,Home,20,Supplier Z,48.46229671055451,4.579865514575459,28,SKU002,Warehouse A,15 Days,Brand Y,9599095976,72,67.97708341527357
4664,Product B,Clothing,70,Supplier X,11.79615436638063,1.610378952860369,65,SKU003,Warehouse A,15 Days,Brand X,9707009382,88,151.1306945635906
4665,Product A,Electronics,74,Supplier Y,40.46266138253274,1.768404722397557,58,SKU001,Warehouse C,15 Days,Brand Y,9632977800,54,839.9111758307557
4666,Product C,Electronics,33,Supplier X,17.67766384362201,1.425855214350706,91,SKU003,Warehouse C,7 Days,Brand Y,9018176695,95,733.9016817963183
4667,Product A,Clothing,80,Supplier X,45.02285363739912,2.238718006082146,47,SKU001,Warehouse B,15 Days,Brand X,9917575220,97,667.6914960176551
4668,Product A,Home,6,Supplier Y,39.37447843146869,3.209641786862104,3,SKU002,Warehouse A,15 Days,Brand Y,9286920582,2,139.3423433796818
4669,Product C,Electronics,83,Supplier X,3.696085832288182,4.951976445625307,50,SKU002,Warehouse A,30 Days,Brand X,9420060107,77,643.5313805760195
4670,Product C,Home,31,Supplier Y,20.35684969386386,4.173472138630176,4,SKU003,Warehouse A,15 Days,Brand Z,9513149846,88,774.4308081781843
4671,Product C,Electronics,66,Supplier Z,16.8658913004837,2.521743211567928,38,SKU003,Warehouse B,15 Days,Brand X,9748596048,15,861.9957323616877
4672,Product C,Clothing,18,Supplier Y,39.25905103616385,3.303384231614282,40,SKU003,Warehouse C,7 Days,Brand Z,9502420403,99,23.09896640168203
4673,Product A,Home,28,Supplier Y,20.51428553265795,3.493232123756831,4,SKU001,Warehouse C,15 Days,Brand Y,9044895380,8,687.630350859693
4674,Product A,Electronics,68,Supplier Z,34.22941988265419,4.290908884989388,7,SKU001,Warehouse A,30 Days,Brand X,9112903243,67,28.90667904717238
4675,Product B,Clothing,65,Supplier Y,30.12176277952202,3.945807141679202,97,SKU003,Warehouse C,7 Days,Brand X,9127308757,44,709.8041170880042
4676,Product A,Clothing,80,Supplier Y,48.78193595488169,3.277164507884561,55,SKU001,Warehouse C,15 Days,Brand Y,9206500246,1,639.2651510846848
4677,Product C,Clothing,45,Supplier Z,46.88924784008074,3.676732108158627,24,SKU001,Warehouse C,15 Days,Brand Z,9579128900,88,156.8643842897828
4678,Product B,Home,58,Supplier X,21.38497573693594,3.983670443851599,90,SKU002,Warehouse A,15 Days,Brand X,9678131985,21,768.460533831679
4679,Product C,Home,47,Supplier X,36.17891058205747,1.532576236533617,51,SKU002,Warehouse C,7 Days,Brand X,9939866852,68,77.66414200779424
4680,Product A,Clothing,66,Supplier Y,41.47300469906109,1.80182184522152,51,SKU002,Warehouse C,7 Days,Brand Y,9227611172,48,828.1347860071871
4681,Product B,Home,52,Supplier X,44.94428769310726,3.754337155630067,6,SKU003,Warehouse B,15 Days,Brand Z,9944776838,20,269.3099523997467
4682,Product C,Electronics,36,Supplier X,3.406713188824184,4.401702247950528,60,SKU002,Warehouse A,30 Days,Brand Y,9855676988,73,691.9633436776584
4683,Product B,Clothing,1,Supplier Y,15.10393996367484,2.637049130799071,99,SKU002,Warehouse C,15 Days,Brand X,9946703490,86,924.4524476116516
4684,Product B,Clothing,39,Supplier Z,16.01150204842609,4.919561289884824,95,SKU001,Warehouse A,7 Days,Brand Y,9982065664,90,346.4287544267145
4685,Product A,Home,87,Supplier X,21.72229756099393,1.864286930693491,84,SKU002,Warehouse C,7 Days,Brand Y,9612328507,93,507.865137161015
4686,Product C,Clothing,90,Supplier Y,8.46323753577095,2.666797128173755,46,SKU001,Warehouse A,7 Days,Brand Z,9672715653,54,468.4868536109458
4687,Product B,Electronics,75,Supplier Z,24.81029399750041,2.514092173853013,81,SKU002,Warehouse C,30 Days,Brand Z,9824072571,3,166.0352355722394
4688,Product B,Home,1,Supplier X,33.16071636492281,4.721183762905716,65,SKU003,Warehouse C,15 Days,Brand Y,9093161286,57,594.4088903858541
4689,Product C,Home,75,Supplier Z,24.86819601083588,2.141514070290158,58,SKU003,Warehouse B,15 Days,Brand Y,9162650458,69,745.5718993357385
4690,Product B,Clothing,88,Supplier Y,33.28965475988079,2.883163112168862,4,SKU002,Warehouse A,7 Days,Brand Y,9442330654,58,917.706080634581
4691,Product B,Clothing,74,Supplier Z,3.322081590895015,1.748935358461318,43,SKU002,Warehouse C,15 Days,Brand X,9249325319,25,852.2945756330176
4692,Product B,Clothing,14,Supplier Z,43.79936658537051,3.085064954249775,41,SKU002,Warehouse B,30 Days,Brand Z,9383352781,73,514.9191859307514
4693,Product C,Home,78,Supplier Y,46.95345960505342,4.429616677854364,60,SKU003,Warehouse B,30 Days,Brand X,9145641334,68,721.8269829668154
4694,Product C,Clothing,71,Supplier X,30.89537120593243,2.216157847562257,62,SKU001,Warehouse A,15 Days,Brand Z,9912308622,38,802.7755792401539
4695,Product C,Electronics,23,Supplier X,44.06954993184485,4.243168288651313,49,SKU001,Warehouse A,15 Days,Brand Z,9909717510,0,498.5538266009653
4696,Product C,Clothing,43,Supplier Z,6.572300832410622,4.645246328702504,37,SKU002,Warehouse B,15 Days,Brand X,9081261958,56,124.2732850972251
4697,Product A,Clothing,22,Supplier Z,39.87244600381551,1.291831558858255,91,SKU003,Warehouse A,15 Days,Brand X,9086193056,97,443.5514562088972
4698,Product B,Home,60,Supplier Z,5.957409673629699,4.025698145277004,94,SKU001,Warehouse A,15 Days,Brand Y,9825249704,47,844.0532578195492
4699,Product C,Clothing,27,Supplier Z,20.40051157487683,2.021373744601963,53,SKU002,Warehouse A,15 Days,Brand Z,9045221816,71,600.6749913397977
4700,Product B,Home,56,Supplier X,16.19092672791375,1.701310650146517,43,SKU003,Warehouse C,7 Days,Brand Z,9410641542,20,727.2137932392457
4701,Product B,Clothing,2,Supplier Y,29.27959126102271,3.404489568100144,23,SKU003,Warehouse A,7 Days,Brand Z,9269156344,30,193.4153419310616
4702,Product A,Electronics,39,Supplier Y,15.07572676197668,3.822410464914799,62,SKU001,Warehouse A,7 Days,Brand Y,9092648467,57,964.6943905288956
4703,Product C,Electronics,51,Supplier Y,31.86568148335664,2.579043942940855,96,SKU003,Warehouse B,30 Days,Brand Z,9601905478,46,410.0397241983763
4704,Product C,Home,19,Supplier Z,18.36936445759789,1.156694828328762,38,SKU002,Warehouse B,30 Days,Brand Z,9474506673,22,657.0991674905516
4705,Product B,Home,62,Supplier Z,43.03951905152322,4.634818096787173,11,SKU002,Warehouse B,30 Days,Brand X,9290177677,74,28.68353204469921
4706,Product C,Clothing,71,Supplier Y,31.69419201098058,3.92298766738998,62,SKU001,Warehouse A,30 Days,Brand X,9341857653,79,136.0460696327384
4707,Product B,Clothing,76,Supplier X,10.76491486607231,2.086667226732059,8,SKU003,Warehouse A,7 Days,Brand Y,9675780750,90,784.2139271860698
4708,Product B,Electronics,67,Supplier Y,16.80647110140435,2.98745542297896,78,SKU001,Warehouse B,15 Days,Brand Z,9715525841,6,968.2897510650521
4709,Product A,Clothing,63,Supplier X,42.37104438133279,1.111171159868312,86,SKU001,Warehouse B,15 Days,Brand Y,9942135689,48,326.8548015049234
4710,Product A,Electronics,5,Supplier Z,19.32398749937293,2.357131127223767,21,SKU003,Warehouse C,15 Days,Brand X,9613491170,87,46.80892759185219
4711,Product A,Home,72,Supplier Y,26.78995327828226,3.090140942340473,35,SKU001,Warehouse C,30 Days,Brand Z,9769448922,95,367.2579359603362
4712,Product B,Clothing,78,Supplier Y,32.44709679761664,3.068894460465001,73,SKU003,Warehouse C,7 Days,Brand Z,9138462844,98,27.2934489762126
4713,Product C,Home,61,Supplier Z,17.39048247929584,1.832739512034165,27,SKU002,Warehouse A,15 Days,Brand Y,9797452778,30,200.4493613398444
4714,Product A,Clothing,71,Supplier X,14.69893153790341,4.106989464735562,55,SKU001,Warehouse A,30 Days,Brand Z,9426880320,46,754.947294903201
4715,Product C,Electronics,7,Supplier Y,23.76274513040143,2.195448634106574,98,SKU003,Warehouse B,30 Days,Brand Z,9780125110,92,937.7175141254312
4716,Product A,Home,50,Supplier Y,10.74404860463946,3.321640092711891,28,SKU003,Warehouse C,30 Days,Brand X,9846930331,67,96.57459352519778
4717,Product A,Home,46,Supplier X,14.21052934595317,2.086088902151899,4,SKU003,Warehouse A,15 Days,Brand Y,9211650991,34,562.3217710224042
4718,Product B,Clothing,96,Supplier Y,3.103924201601804,2.700671491947081,3,SKU001,Warehouse C,7 Days,Brand X,9686100482,74,261.3420376627917
4719,Product A,Home,72,Supplier Y,15.19851379855027,1.830058501000921,50,SKU002,Warehouse C,15 Days,Brand Y,9730553275,33,147.6685345359902
4720,Product A,Electronics,76,Supplier Z,16.03520466817847,3.532031170128153,14,SKU001,Warehouse A,7 Days,Brand X,9485527536,57,226.7904275926419
4721,Product B,Home,74,Supplier X,48.09165831456598,2.702337440565403,93,SKU002,Warehouse C,7 Days,Brand Y,9193417346,14,581.9854368227303
4722,Product C,Home,14,Supplier Y,29.48644127329401,1.064469217951057,59,SKU001,Warehouse B,15 Days,Brand Z,9505857098,77,74.48315642952143
4723,Product A,Clothing,73,Supplier Y,39.36912127079028,1.112659976067064,25,SKU001,Warehouse B,15 Days,Brand Z,9899532099,84,439.8764102067333
4724,Product B,Home,94,Supplier Z,2.268862639016123,2.884537273885689,22,SKU001,Warehouse A,30 Days,Brand Y,9972746205,70,143.8755724456122
4725,Product A,Clothing,69,Supplier Y,5.326834680418596,1.732903467621417,28,SKU002,Warehouse C,30 Days,Brand Y,9099483558,80,279.9502818705367
4726,Product B,Clothing,65,Supplier Z,40.72684804312961,3.340168192578969,85,SKU003,Warehouse B,15 Days,Brand Y,9487277567,41,198.8467864458312
4727,Product C,Home,65,Supplier Y,31.17747747088179,2.632767127088085,98,SKU001,Warehouse C,15 Days,Brand Y,9218583199,17,884.1457448325882
4728,Product C,Electronics,57,Supplier Z,9.549101527010146,3.617679342158891,56,SKU001,Warehouse B,7 Days,Brand Z,9407826191,77,710.9312175625766
4729,Product B,Clothing,62,Supplier X,20.23977029308691,4.809580696255806,61,SKU002,Warehouse B,7 Days,Brand Y,9126605328,37,869.7779531579957
4730,Product B,Home,20,Supplier X,26.93362499908114,3.114944539181014,58,SKU001,Warehouse C,30 Days,Brand Z,9990537098,63,389.6282062022156
4731,Product B,Clothing,75,Supplier Y,42.18049145687209,4.149514414360398,47,SKU003,Warehouse A,7 Days,Brand Z,9435160095,28,320.2792312051334
4732,Product C,Electronics,26,Supplier Y,3.020599584724709,4.012163985263749,81,SKU003,Warehouse A,15 Days,Brand Y,9936569720,9,386.7813229487894
4733,Product A,Electronics,44,Supplier Z,29.83611446836812,4.687164417295461,34,SKU002,Warehouse A,7 Days,Brand Z,9263604706,16,28.36271376716339
4734,Product C,Clothing,67,Supplier Z,35.8517960793342,1.856071468952025,45,SKU002,Warehouse C,7 Days,Brand Y,9111798133,31,727.4572323970726
4735,Product B,Electronics,70,Supplier X,48.89459289552297,4.309307883139764,32,SKU003,Warehouse C,7 Days,Brand Z,9702006895,60,356.2747323261275
4736,Product B,Home,62,Supplier Y,40.35800391460922,4.622081514018747,70,SKU003,Warehouse C,15 Days,Brand Y,9370424417,83,320.1905655410238
4737,Product C,Home,45,Supplier Z,13.81136567826367,2.571051923790311,97,SKU003,Warehouse A,30 Days,Brand Y,9668125956,80,602.1596547168276
4738,Product B,Clothing,11,Supplier X,35.47895969391325,2.255264778395873,9,SKU002,Warehouse C,7 Days,Brand X,9738026328,45,441.8874125927182
4739,Product C,Electronics,72,Supplier X,38.16389424634885,4.808143638713151,87,SKU003,Warehouse A,15 Days,Brand X,9614596187,70,981.0349345416595
4740,Product B,Home,93,Supplier Z,36.48677499591976,3.510531288555472,88,SKU003,Warehouse B,7 Days,Brand Y,9865476241,55,362.6905124698133
4741,Product A,Home,74,Supplier Y,41.0072033975935,2.522705940965873,47,SKU003,Warehouse A,7 Days,Brand X,9890543618,60,617.7568837858342
4742,Product A,Home,34,Supplier X,45.18649881068188,4.167310883726521,43,SKU001,Warehouse A,15 Days,Brand Z,9535088065,43,318.5345896035552
4743,Product B,Clothing,88,Supplier Z,4.921493449467013,2.21789560646286,90,SKU002,Warehouse A,7 Days,Brand Y,9354370337,93,990.6890304085501
4744,Product C,Clothing,46,Supplier X,5.238192884055942,1.705630344279448,69,SKU002,Warehouse C,15 Days,Brand Y,9836993365,37,450.6599243729269
4745,Product A,Home,81,Supplier Y,39.8199994385323,3.175878543190822,62,SKU002,Warehouse A,30 Days,Brand Y,9629482868,49,637.787522758135
4746,Product C,Home,32,Supplier Z,12.61862382607354,3.264848179642414,48,SKU002,Warehouse B,7 Days,Brand X,9018105629,73,135.4544542431503
4747,Product B,Electronics,75,Supplier Y,2.927071097503897,4.302985929069353,71,SKU001,Warehouse B,15 Days,Brand X,9271187937,31,735.6939727150215
4748,Product C,Electronics,98,Supplier Y,20.06145904903029,2.82810942008172,84,SKU001,Warehouse B,7 Days,Brand Z,9964958767,89,276.5179572968658
4749,Product A,Electronics,88,Supplier X,40.99384559130391,4.258346158021366,40,SKU001,Warehouse B,7 Days,Brand X,9188367424,52,454.1271203013752
4750,Product C,Clothing,5,Supplier Y,6.328251190699019,2.245290717393354,82,SKU001,Warehouse B,7 Days,Brand X,9641323228,47,884.3017317041833
4751,Product C,Home,63,Supplier X,33.59209859022337,3.301472808711168,97,SKU001,Warehouse B,15 Days,Brand Z,9041258940,80,970.8469897362504
4752,Product B,Clothing,29,Supplier Z,0.1807930885783848,1.833891115602863,38,SKU002,Warehouse A,15 Days,Brand Y,9370428050,0,430.3263808219534
4753,Product B,Home,48,Supplier Z,5.486872360622497,2.541783803666386,22,SKU002,Warehouse C,15 Days,Brand Y,9459182034,89,836.4546412749548
4754,Product B,Electronics,98,Supplier X,17.54251728842434,4.430158791331404,12,SKU002,Warehouse C,30 Days,Brand Z,9471596008,29,62.81550460436215
4755,Product A,Electronics,16,Supplier X,4.180114051220701,1.86395277374302,52,SKU001,Warehouse B,7 Days,Brand X,9699589811,8,849.0982894923599
4756,Product A,Electronics,25,Supplier X,42.29508337185565,4.240957851597071,91,SKU003,Warehouse A,15 Days,Brand Z,9493114877,32,633.2152189311232
4757,Product B,Electronics,72,Supplier Y,43.20352515727344,2.131486631389625,69,SKU002,Warehouse B,7 Days,Brand Z,9987021309,25,493.8191067076859
4758,Product B,Home,29,Supplier Z,37.77853515497621,1.137958878717815,56,SKU002,Warehouse B,7 Days,Brand Y,9080090408,41,891.0640680858753
4759,Product A,Electronics,52,Supplier Z,12.12398156978087,1.439738280227385,75,SKU003,Warehouse B,7 Days,Brand X,9336246108,73,846.8838502813497
4760,Product A,Home,46,Supplier Y,26.16235376199899,3.983518181283153,66,SKU001,Warehouse B,15 Days,Brand Y,9744792554,41,303.9756449940363
4761,Product A,Home,25,Supplier X,9.20942627616857,2.048283706008593,47,SKU003,Warehouse C,30 Days,Brand Y,9535353696,95,793.57349852131
4762,Product A,Clothing,23,Supplier Z,14.06392250365554,3.616582368965089,19,SKU003,Warehouse C,30 Days,Brand Z,9825562098,38,108.4960243257489
4763,Product B,Electronics,34,Supplier Y,25.80026460868956,3.796795611028932,61,SKU002,Warehouse A,30 Days,Brand Y,9032106576,60,824.5362961126964
4764,Product A,Electronics,67,Supplier X,36.75069042303989,2.380473857738739,44,SKU002,Warehouse A,30 Days,Brand Y,9658143936,46,678.701061843018
4765,Product B,Clothing,94,Supplier Z,4.732719019681958,2.899675948844561,62,SKU001,Warehouse B,15 Days,Brand Y,9343198129,41,96.9876676226233
4766,Product C,Home,34,Supplier X,14.83483488140431,2.615068361823242,7,SKU003,Warehouse C,30 Days,Brand X,9832943912,47,686.2493717393941
4767,Product C,Electronics,32,Supplier Y,46.33106742859611,4.789395985418135,25,SKU001,Warehouse B,30 Days,Brand X,9906589306,51,584.7140839096064
4768,Product A,Home,29,Supplier Z,21.45616588909441,2.279795449406349,37,SKU003,Warehouse C,15 Days,Brand Y,9559230240,32,598.6046001335943
4769,Product C,Clothing,9,Supplier X,46.94348369546572,1.733292168899843,91,SKU002,Warehouse C,15 Days,Brand Z,9981418723,26,297.9552957784015
4770,Product C,Home,66,Supplier X,49.57002707760678,2.462371371502313,98,SKU003,Warehouse A,7 Days,Brand Z,9969391573,42,273.8322280127168
4771,Product C,Electronics,57,Supplier X,26.3329913055708,3.678062830408049,40,SKU001,Warehouse A,7 Days,Brand Y,9374178301,28,764.9097609334798
4772,Product A,Home,39,Supplier Y,14.40220048924253,3.789450761445861,1,SKU003,Warehouse C,30 Days,Brand X,9689537617,18,264.2453462070667
4773,Product A,Home,7,Supplier X,39.53884042862895,4.696229261440028,6,SKU001,Warehouse A,7 Days,Brand Z,9236829584,81,451.7996292917996
4774,Product C,Electronics,69,Supplier Z,7.965536776250747,4.527017939503237,24,SKU003,Warehouse B,15 Days,Brand Z,9531114463,98,697.8411086127969
4775,Product B,Electronics,8,Supplier Z,12.60234298360353,2.153282081669102,50,SKU002,Warehouse C,7 Days,Brand X,9884911699,27,88.8200888141634
4776,Product C,Home,96,Supplier X,39.24399547496411,2.820652995870386,49,SKU002,Warehouse C,7 Days,Brand X,9578151154,9,598.6028987855407
4777,Product A,Home,18,Supplier Y,21.68229623660149,3.989075952733736,95,SKU001,Warehouse C,15 Days,Brand Z,9042100150,66,593.4826089216361
4778,Product A,Clothing,82,Supplier Z,10.07689684938334,4.6661491224081,63,SKU002,Warehouse B,30 Days,Brand Y,9781482710,92,687.3864237791453
4779,Product A,Electronics,49,Supplier Z,32.55628724761623,2.348660051427567,11,SKU003,Warehouse C,7 Days,Brand Z,9020403373,15,376.2288143526021
4780,Product C,Home,16,Supplier Z,36.63809306908414,2.777765736707984,52,SKU003,Warehouse A,7 Days,Brand X,9057078105,99,454.4899763232013
4781,Product B,Electronics,21,Supplier X,6.253561972528454,4.597913081814435,74,SKU002,Warehouse B,30 Days,Brand X,9078629818,0,336.6696208052467
4782,Product A,Clothing,10,Supplier Z,13.84901299874671,2.433935492633691,9,SKU001,Warehouse C,7 Days,Brand X,9086744902,81,810.086564716888
4783,Product A,Home,4,Supplier X,11.06383776861166,2.922051944766943,60,SKU003,Warehouse B,30 Days,Brand X,9283623528,3,139.3046524357711
4784,Product C,Home,44,Supplier X,18.99273143812261,4.618016564872315,54,SKU001,Warehouse B,15 Days,Brand Y,9146417208,68,963.3244140395766
4785,Product B,Home,8,Supplier X,38.17224477880322,4.208972871959393,98,SKU003,Warehouse A,15 Days,Brand Z,9974787347,84,638.4877944194252
4786,Product C,Electronics,55,Supplier X,35.68540511371621,1.973723700039211,67,SKU001,Warehouse A,30 Days,Brand X,9865627816,3,888.0376571482541
4787,Product A,Clothing,19,Supplier X,33.1261955191852,2.299180261647733,41,SKU001,Warehouse A,15 Days,Brand X,9322244334,19,431.9691436821166
4788,Product B,Electronics,64,Supplier Z,0.3142772934295601,2.411834909837356,65,SKU003,Warehouse C,15 Days,Brand X,9793714250,62,338.9562796880767
4789,Product B,Home,40,Supplier X,7.107165669019472,4.650953893724239,43,SKU003,Warehouse C,15 Days,Brand Z,9813430214,82,901.7185520227437
4790,Product A,Clothing,51,Supplier X,11.16487745510334,4.995734948418157,27,SKU001,Warehouse A,15 Days,Brand X,9144151845,34,107.8842985875398
4791,Product B,Home,9,Supplier X,13.59779230194248,4.09601720862176,77,SKU003,Warehouse A,15 Days,Brand Z,9653347610,44,125.936159190225
4792,Product B,Home,30,Supplier X,7.321327082445,2.937305209974026,57,SKU002,Warehouse C,15 Days,Brand Y,9990364040,56,306.3533087198306
4793,Product C,Electronics,56,Supplier X,20.51577757369448,1.040695272269916,92,SKU003,Warehouse A,7 Days,Brand X,9800061635,23,960.1772319486553
4794,Product A,Home,81,Supplier X,3.759029250701296,3.78995222639183,1,SKU001,Warehouse B,7 Days,Brand Y,9909879280,19,636.737923766456
4795,Product A,Clothing,44,Supplier Z,37.50110951938904,2.557444657991139,54,SKU003,Warehouse B,7 Days,Brand Z,9212212133,27,558.6517596492442
4796,Product A,Home,59,Supplier X,39.38603936480525,3.531945880914422,33,SKU003,Warehouse B,15 Days,Brand Y,9533886428,37,708.3027729918664
4797,Product A,Home,15,Supplier X,28.71333448004491,3.426775853849715,96,SKU001,Warehouse C,7 Days,Brand X,9548426608,23,423.2998105173845
4798,Product A,Electronics,68,Supplier Z,4.485243852098391,2.923328226297549,19,SKU003,Warehouse A,30 Days,Brand Y,9518344921,83,760.4927664065913
4799,Product B,Clothing,70,Supplier Z,44.5041584773379,4.777549590905291,46,SKU001,Warehouse B,30 Days,Brand Y,9720046232,23,399.2983909931488
4800,Product C,Electronics,61,Supplier Y,48.28179143540572,1.092585381421367,93,SKU001,Warehouse C,30 Days,Brand Y,9254441229,69,828.0995530078999
4801,Product A,Home,80,Supplier Z,10.11817801608947,3.848529937890353,25,SKU001,Warehouse A,7 Days,Brand Y,9887044132,24,274.6221312557395
4802,Product C,Electronics,90,Supplier Z,35.23199097203599,2.639359473198184,83,SKU001,Warehouse A,15 Days,Brand Y,9010887857,95,284.771192705044
4803,Product C,Electronics,23,Supplier X,42.09693153212429,3.855161801966445,0,SKU002,Warehouse B,30 Days,Brand Z,9595178843,80,527.1594723724678
4804,Product B,Electronics,77,Supplier Y,26.99217612713511,3.700878590158528,64,SKU002,Warehouse A,7 Days,Brand Z,9207876807,80,436.4535467781178
4805,Product A,Electronics,47,Supplier X,16.16615497633745,1.040952010303982,88,SKU001,Warehouse A,7 Days,Brand X,9988855465,68,651.6346858418484
4806,Product B,Home,17,Supplier Y,23.92793575401763,2.141353980698685,96,SKU003,Warehouse B,15 Days,Brand Z,9581507018,16,370.6478471268432
4807,Product A,Home,57,Supplier X,25.6134375392226,1.756366082015122,86,SKU002,Warehouse B,15 Days,Brand Z,9395655477,57,238.2451425796631
4808,Product B,Clothing,54,Supplier Z,20.0318522094014,1.667945411769969,74,SKU001,Warehouse A,7 Days,Brand X,9804439676,72,475.1104772540721
4809,Product C,Electronics,91,Supplier Z,46.49212468168531,3.913906736484531,14,SKU002,Warehouse C,15 Days,Brand Z,9646426274,19,565.3469345021748
4810,Product A,Electronics,52,Supplier Y,37.1941555471251,1.958205396372498,13,SKU001,Warehouse C,15 Days,Brand X,9454627194,1,151.1740532913935
4811,Product C,Clothing,22,Supplier X,12.0650821127482,2.898950459949203,54,SKU002,Warehouse B,15 Days,Brand X,9681146142,82,561.1514394758336
4812,Product C,Electronics,83,Supplier X,29.27785936599343,1.987955981142718,0,SKU001,Warehouse A,15 Days,Brand Z,9864132449,8,326.0641381954179
4813,Product B,Clothing,39,Supplier Z,34.43445754655837,3.32093529374132,32,SKU002,Warehouse B,15 Days,Brand Y,9371841273,62,398.5273660198228
4814,Product A,Home,99,Supplier Z,7.007821085106514,3.882295072239872,69,SKU002,Warehouse C,7 Days,Brand X,9520660346,82,286.5249477726484
4815,Product C,Clothing,13,Supplier Y,17.92128711900744,2.324298954792706,55,SKU003,Warehouse C,30 Days,Brand Y,9855430061,67,932.0962245151293
4816,Product B,Electronics,78,Supplier Z,45.2774140801958,3.412083393148488,22,SKU002,Warehouse A,7 Days,Brand X,9268638947,5,686.5029184674117
4817,Product A,Clothing,95,Supplier Y,28.35865500926008,4.299419097654956,53,SKU003,Warehouse B,7 Days,Brand Z,9912432272,99,269.8357082866765
4818,Product A,Home,66,Supplier Y,10.84988730301584,1.376897140657967,89,SKU002,Warehouse B,7 Days,Brand Y,9757066352,10,648.5810212064307
4819,Product C,Electronics,52,Supplier Y,6.139239905957538,3.842682396165085,2,SKU001,Warehouse C,7 Days,Brand X,9394227540,20,850.0866854862257
4820,Product A,Home,14,Supplier Y,25.91134467374389,2.292579777741521,45,SKU003,Warehouse B,7 Days,Brand Z,9423731033,62,407.613906249441
4821,Product C,Home,73,Supplier Z,27.3842861514572,1.490599826099777,5,SKU002,Warehouse B,15 Days,Brand Y,9840580584,88,831.6579340646205
4822,Product A,Clothing,74,Supplier Y,16.72072256773062,3.182616830457395,24,SKU003,Warehouse B,30 Days,Brand Z,9793227355,29,162.8707948965924
4823,Product B,Home,63,Supplier Z,31.52080142095592,1.905049277070927,16,SKU001,Warehouse A,15 Days,Brand Z,9947784884,81,824.5535512175063
4824,Product C,Electronics,71,Supplier Y,3.434234310969436,4.285447170676631,27,SKU001,Warehouse C,30 Days,Brand Y,9195017855,88,544.8913002456427
4825,Product C,Home,28,Supplier Z,7.256984663307032,1.171583638124305,31,SKU001,Warehouse B,7 Days,Brand X,9943058197,20,230.7447431298823
4826,Product A,Home,89,Supplier Y,27.31369105056296,1.39461158508359,92,SKU001,Warehouse A,7 Days,Brand X,9557020601,22,413.0699707103523
4827,Product A,Clothing,46,Supplier Z,3.090784692222698,3.083984503943268,22,SKU001,Warehouse B,7 Days,Brand Z,9129513128,60,988.1130625221506
4828,Product C,Home,28,Supplier X,44.04543824955503,3.355767136307827,15,SKU003,Warehouse B,7 Days,Brand X,9771902722,29,785.7204564760019
4829,Product A,Clothing,2,Supplier Y,7.10731852282584,3.919546658090987,95,SKU003,Warehouse C,7 Days,Brand Y,9577469787,45,579.3354977712642
4830,Product B,Clothing,17,Supplier Y,33.69599370422682,2.037042913008775,25,SKU002,Warehouse A,7 Days,Brand Y,9212859454,59,124.0122727854803
4831,Product A,Electronics,59,Supplier X,19.56017208572126,4.367041632853168,32,SKU002,Warehouse B,7 Days,Brand Z,9993368547,17,423.6334670724852
4832,Product B,Electronics,52,Supplier X,19.98938737711242,4.812569359095132,57,SKU001,Warehouse C,30 Days,Brand Z,9005512001,61,270.4209988718179
4833,Product B,Electronics,4,Supplier Y,38.24447643055719,2.996157214379454,47,SKU001,Warehouse A,7 Days,Brand Y,9415951149,96,80.29106871033635
4834,Product B,Electronics,77,Supplier Z,24.9731067086457,4.042125459879205,82,SKU003,Warehouse B,7 Days,Brand Y,9965882343,44,546.7823448321218
4835,Product B,Clothing,82,Supplier Y,36.28277318219332,3.099393418175171,54,SKU001,Warehouse C,7 Days,Brand Z,9914584035,60,890.2938428424674
4836,Product B,Home,3,Supplier Z,25.25956143763846,1.277868117648842,40,SKU001,Warehouse B,30 Days,Brand Z,9342372999,58,678.8438694923839
4837,Product A,Electronics,37,Supplier X,29.64526707026317,2.304446051370484,61,SKU001,Warehouse B,30 Days,Brand Y,9365683238,34,257.1835841007061
4838,Product B,Electronics,97,Supplier Z,38.03573139348321,1.34994675850806,16,SKU002,Warehouse A,7 Days,Brand Z,9759744408,21,577.8487608842512
4839,Product A,Electronics,24,Supplier Y,30.36543714606377,4.955516477020054,58,SKU003,Warehouse C,15 Days,Brand X,9079346126,23,943.8019405134992
4840,Product B,Home,72,Supplier X,30.78075546943943,1.916103648293509,13,SKU002,Warehouse A,30 Days,Brand Y,9434951517,86,725.685902393706
4841,Product C,Electronics,35,Supplier X,39.46097957137972,3.543601677662875,81,SKU001,Warehouse B,7 Days,Brand Y,9738353454,50,692.5791604126963
4842,Product B,Home,2,Supplier Y,47.45434079096866,2.137380407779749,20,SKU001,Warehouse C,30 Days,Brand Z,9991388065,64,968.4765845652411
4843,Product C,Clothing,33,Supplier Y,18.83580769676684,3.612984861423703,62,SKU002,Warehouse B,15 Days,Brand Z,9175753283,14,800.8845780721846
4844,Product B,Clothing,76,Supplier X,28.85585786129756,1.84160676348193,45,SKU002,Warehouse B,7 Days,Brand Y,9649431096,27,145.2573076677646
4845,Product B,Clothing,86,Supplier Z,4.31365788667728,4.141080263640298,54,SKU003,Warehouse B,30 Days,Brand Z,9391615957,41,354.1587361064394
4846,Product B,Home,77,Supplier Z,17.94019402844335,1.443246411346542,61,SKU001,Warehouse C,15 Days,Brand X,9141358232,19,965.4892937303092
4847,Product C,Electronics,10,Supplier Z,20.6024612944693,4.580601600361121,38,SKU001,Warehouse B,30 Days,Brand Z,9893186248,99,494.8083402560179
4848,Product C,Electronics,81,Supplier Y,41.76186584120255,4.361686770163178,41,SKU002,Warehouse C,30 Days,Brand Y,9586222166,42,120.5210708679735
4849,Product B,Electronics,62,Supplier X,25.66962010628384,3.715229374553542,47,SKU003,Warehouse B,7 Days,Brand Z,9601981757,79,464.0188308756184
4850,Product A,Electronics,43,Supplier Z,36.55331866492289,1.269658508571391,27,SKU003,Warehouse A,7 Days,Brand Y,9379849766,68,700.0233017300927
4851,Product B,Electronics,69,Supplier X,0.9503700012835681,1.834276113315713,83,SKU001,Warehouse C,30 Days,Brand X,9958561791,62,997.5727394644288
4852,Product C,Home,59,Supplier Z,23.22463348141578,4.437446382764303,5,SKU001,Warehouse B,15 Days,Brand Y,9634225777,42,330.6662633975699
4853,Product B,Clothing,9,Supplier X,45.06588325817921,1.487897737210381,58,SKU002,Warehouse A,7 Days,Brand X,9603485561,78,518.946006130481
4854,Product C,Electronics,77,Supplier Y,11.21569546528925,1.62372838523208,89,SKU001,Warehouse C,30 Days,Brand X,9429844171,1,880.883897603296
4855,Product C,Clothing,60,Supplier Y,1.576109265355646,3.176013295022083,69,SKU002,Warehouse A,30 Days,Brand X,9344243917,87,361.7145458767602
4856,Product C,Home,63,Supplier Y,21.67043668567382,2.096709758697375,38,SKU001,Warehouse B,7 Days,Brand X,9179857542,76,118.1689410249487
4857,Product B,Home,52,Supplier Z,35.22159103237977,1.888302799775718,56,SKU001,Warehouse A,7 Days,Brand X,9479179525,22,949.446516251489
4858,Product C,Electronics,23,Supplier Y,22.72317534207347,3.303253727392722,53,SKU001,Warehouse B,30 Days,Brand Z,9578711510,11,493.5563986463651
4859,Product C,Home,30,Supplier Y,22.99891567556329,2.490306705832116,59,SKU003,Warehouse B,7 Days,Brand X,9043062197,45,507.755873664252
4860,Product B,Clothing,43,Supplier Y,33.49025206191597,1.562239587078675,89,SKU001,Warehouse C,30 Days,Brand Z,9799249530,32,624.9881431581404
4861,Product C,Electronics,68,Supplier X,12.71944041415245,3.139415070181858,16,SKU001,Warehouse B,15 Days,Brand Z,9713083474,43,13.50125746619236
4862,Product B,Electronics,21,Supplier X,37.59448958209887,2.548049613114491,39,SKU003,Warehouse B,7 Days,Brand Z,9544364756,24,931.8198638131606
4863,Product C,Clothing,43,Supplier X,7.655676545286672,3.938067097095078,65,SKU003,Warehouse C,7 Days,Brand Y,9132711186,34,367.8365739267963
4864,Product A,Electronics,73,Supplier X,19.78753026429938,1.411021769282357,84,SKU001,Warehouse C,30 Days,Brand Y,9393972213,34,402.9625437605051
4865,Product A,Electronics,7,Supplier X,32.8004054235459,3.482452975783895,53,SKU003,Warehouse B,7 Days,Brand X,9490460434,64,182.3681550579026
4866,Product C,Clothing,16,Supplier X,41.41845036150988,2.745973307772991,70,SKU003,Warehouse B,15 Days,Brand Z,9267637995,42,384.3700971595364
4867,Product A,Electronics,23,Supplier X,39.57655355825276,2.624247500209616,43,SKU003,Warehouse C,30 Days,Brand Y,9696751649,67,805.9040954682915
4868,Product B,Electronics,58,Supplier Y,36.08427996538489,1.929150752033365,83,SKU003,Warehouse C,15 Days,Brand Z,9621342890,61,801.9917558299795
4869,Product A,Clothing,87,Supplier Y,17.95481917681955,1.121704112810844,66,SKU002,Warehouse A,15 Days,Brand Y,9297309836,30,936.4388724864982
4870,Product C,Home,31,Supplier Z,6.115215814686192,4.390756777458583,56,SKU001,Warehouse A,15 Days,Brand Z,9269953443,27,409.1971779539878
4871,Product C,Clothing,69,Supplier Y,10.84171088464953,2.305640344137704,35,SKU002,Warehouse A,15 Days,Brand Y,9642207256,10,711.6342887110985
4872,Product B,Electronics,6,Supplier X,43.24169072882425,3.724364158919388,56,SKU001,Warehouse C,30 Days,Brand X,9361780320,31,512.1651796554816
4873,Product C,Clothing,65,Supplier X,42.86656850663297,4.790349599106829,42,SKU003,Warehouse C,7 Days,Brand X,9701545271,65,805.9825616239397
4874,Product B,Electronics,59,Supplier Z,47.57804262695079,3.259961192328527,43,SKU002,Warehouse C,15 Days,Brand X,9896698657,59,715.416589041667
4875,Product A,Electronics,28,Supplier Y,3.79943259477708,2.588587610079465,61,SKU003,Warehouse A,15 Days,Brand Z,9620653165,50,374.2238960334129
4876,Product A,Clothing,18,Supplier Y,26.8404542638728,2.073094265394815,82,SKU003,Warehouse B,30 Days,Brand X,9717214801,58,343.3070959111556
4877,Product B,Electronics,88,Supplier Z,32.43415224521168,4.736175170589974,60,SKU003,Warehouse B,15 Days,Brand X,9165423210,76,259.9180383976879
4878,Product B,Home,77,Supplier X,35.53286885334283,3.728307272204571,93,SKU001,Warehouse B,15 Days,Brand Y,9180291338,16,580.7506325837514
4879,Product C,Electronics,97,Supplier X,32.19316175052151,3.661125573026238,10,SKU003,Warehouse C,15 Days,Brand Y,9628819730,67,964.204423077921
4880,Product A,Clothing,10,Supplier X,38.5005694951141,2.704633300581108,76,SKU001,Warehouse B,15 Days,Brand Y,9741866160,94,208.0660702413903
4881,Product B,Home,7,Supplier X,17.97357881446708,4.380194851469723,32,SKU001,Warehouse B,7 Days,Brand X,9686205872,37,104.299930355282
4882,Product A,Home,37,Supplier Z,8.971638606774107,3.854688748037948,65,SKU003,Warehouse C,15 Days,Brand Y,9244438945,63,128.2066356555505
4883,Product B,Electronics,96,Supplier Y,10.22916860752193,2.132733087124064,22,SKU001,Warehouse C,30 Days,Brand Y,9815122305,2,785.2676894876485
4884,Product A,Clothing,45,Supplier X,0.5989344735082169,3.398314640100192,48,SKU002,Warehouse C,7 Days,Brand X,9192125213,53,356.6037562417181
4885,Product C,Electronics,86,Supplier Y,17.51609360531112,2.720775818405063,19,SKU001,Warehouse C,30 Days,Brand Y,9185094764,75,232.1231594154559
4886,Product A,Electronics,16,Supplier Y,4.587202543998864,1.026360651318852,93,SKU003,Warehouse C,7 Days,Brand Z,9557954597,43,359.315677189765
4887,Product A,Clothing,88,Supplier X,16.07443463950954,4.23049372600719,14,SKU003,Warehouse A,7 Days,Brand Y,9778742542,81,648.8775047012266
4888,Product A,Clothing,14,Supplier X,31.41050385831239,1.491321395678803,65,SKU002,Warehouse C,15 Days,Brand Z,9432631114,29,551.3192535800009
4889,Product A,Electronics,11,Supplier X,44.723902779341,3.039818024010457,29,SKU002,Warehouse B,15 Days,Brand Y,9105448151,74,746.1535124560137
4890,Product A,Home,83,Supplier Y,41.98027254952582,2.344904772339262,88,SKU001,Warehouse B,30 Days,Brand Y,9255425339,87,345.6834069969585
4891,Product C,Electronics,87,Supplier Z,12.63371059787884,2.36835616480271,3,SKU001,Warehouse A,7 Days,Brand Z,9380465283,84,457.5082877300385
4892,Product B,Home,34,Supplier X,6.704157109902348,2.909459533655232,63,SKU002,Warehouse C,7 Days,Brand X,9489304402,53,110.9486852732943
4893,Product A,Electronics,60,Supplier Y,9.653613689836565,4.98809241607898,64,SKU003,Warehouse B,15 Days,Brand Z,9990601436,47,82.32805957245364
4894,Product C,Clothing,13,Supplier Y,48.54933259518035,2.633518722525903,7,SKU003,Warehouse B,7 Days,Brand X,9787780365,34,467.6326904156595
4895,Product A,Home,39,Supplier X,27.47372398427454,1.72931691926629,51,SKU002,Warehouse C,15 Days,Brand Y,9208350032,67,308.5806413714643
4896,Product A,Clothing,44,Supplier Z,9.125111150028742,3.454425352197476,13,SKU002,Warehouse A,15 Days,Brand X,9059518727,25,616.6725664147696
4897,Product B,Clothing,28,Supplier X,42.03730773434076,1.945150832158085,57,SKU003,Warehouse C,30 Days,Brand X,9746262604,71,52.5721437901262
4898,Product A,Clothing,40,Supplier X,19.75956221562775,1.422196546851802,10,SKU003,Warehouse C,15 Days,Brand Z,9535142102,87,130.5487138235698
4899,Product C,Clothing,16,Supplier Z,44.96110759873637,1.200696688263716,58,SKU001,Warehouse C,15 Days,Brand X,9287509084,55,866.5389029953312
4900,Product C,Clothing,50,Supplier X,13.03385634172433,1.091525096078735,23,SKU002,Warehouse C,7 Days,Brand X,9675360622,75,570.6485053039135
4901,Product B,Electronics,28,Supplier X,19.66108794021181,2.724658593244255,87,SKU002,Warehouse C,30 Days,Brand Z,9823082634,68,714.9339883543149
4902,Product A,Home,68,Supplier Z,25.24738813950423,2.706903119493575,31,SKU002,Warehouse A,30 Days,Brand X,9843739727,79,843.5523975202227
4903,Product C,Electronics,92,Supplier Y,44.63076670445158,1.742181600311812,88,SKU003,Warehouse B,30 Days,Brand X,9568391729,63,469.1959995205517
4904,Product A,Electronics,60,Supplier Y,43.43787158025279,4.136076215084837,45,SKU001,Warehouse C,15 Days,Brand Z,9239336171,95,763.4497801278013
4905,Product A,Electronics,12,Supplier Y,28.71775351519389,1.517082511679515,27,SKU003,Warehouse B,30 Days,Brand Z,9477816150,28,529.3397232827891
4906,Product A,Clothing,16,Supplier Y,11.08877548904453,4.66126877055721,15,SKU002,Warehouse B,15 Days,Brand Z,9869212491,96,230.5212825709668
4907,Product B,Electronics,53,Supplier Y,20.16784858689375,3.35030391057309,41,SKU002,Warehouse C,15 Days,Brand X,9155049253,77,344.2796071129301
4908,Product A,Home,54,Supplier X,48.78165326827527,1.110465504419718,15,SKU002,Warehouse B,15 Days,Brand Y,9453325975,58,495.4469366451042
4909,Product C,Electronics,49,Supplier Z,30.3886611938701,4.851890502970866,99,SKU002,Warehouse C,15 Days,Brand Z,9084794462,24,323.716696650548
4910,Product A,Clothing,36,Supplier Y,39.05488775620983,2.231765038183414,11,SKU002,Warehouse C,30 Days,Brand Z,9074443429,71,342.1724144363994
4911,Product C,Home,62,Supplier Z,22.49323476807098,2.799899838311414,75,SKU003,Warehouse C,30 Days,Brand X,9791247843,26,344.0189029362787
4912,Product A,Home,84,Supplier Y,26.60036377334032,2.137074771978209,61,SKU001,Warehouse A,7 Days,Brand Y,9482575740,98,131.6115790685332
4913,Product C,Home,26,Supplier X,21.4477056116272,3.91368519213511,33,SKU002,Warehouse C,30 Days,Brand Y,9957899709,21,93.79618114012885
4914,Product C,Home,56,Supplier Y,35.1460499030984,2.942720882878155,37,SKU002,Warehouse C,7 Days,Brand X,9197627319,70,56.03107929439129
4915,Product A,Electronics,90,Supplier Y,42.57355069434387,1.52949183761001,83,SKU002,Warehouse B,30 Days,Brand Z,9218769728,99,119.8466984239934
4916,Product A,Clothing,22,Supplier Z,25.36817716122818,1.416815809437815,46,SKU003,Warehouse A,30 Days,Brand X,9832918617,46,350.2700212142618
4917,Product C,Home,73,Supplier Z,24.04337293181128,3.901501653298299,78,SKU003,Warehouse B,30 Days,Brand Y,9071287312,75,597.9330877252265
4918,Product B,Home,69,Supplier X,17.01432335491985,1.948325619725086,21,SKU002,Warehouse B,15 Days,Brand Z,9249799523,54,196.2654579373149
4919,Product A,Clothing,81,Supplier Z,8.854834714704191,1.55117349855389,79,SKU002,Warehouse C,30 Days,Brand Y,9313182096,8,889.1287575426115
4920,Product B,Electronics,49,Supplier Z,46.96238614375544,2.997710387991371,87,SKU002,Warehouse A,30 Days,Brand Y,9831029988,53,810.298606927055
4921,Product A,Home,98,Supplier Z,15.80398593397525,4.211061150145216,2,SKU002,Warehouse A,7 Days,Brand Y,9473703706,63,525.321841681072
4922,Product A,Electronics,2,Supplier X,40.03457317871428,2.115130983492522,0,SKU002,Warehouse C,30 Days,Brand Y,9263753048,98,726.9677325052263
4923,Product A,Electronics,53,Supplier X,35.76735106437371,2.105726446803231,52,SKU003,Warehouse A,15 Days,Brand Z,9467863261,38,372.6652394517708
4924,Product A,Electronics,7,Supplier X,39.54588001390646,4.335525041041508,63,SKU002,Warehouse C,30 Days,Brand Z,9115901672,82,46.410014805759
4925,Product B,Electronics,77,Supplier Z,46.83840666860512,1.591335178275131,43,SKU002,Warehouse A,7 Days,Brand Z,9295780120,91,905.2895190572144
4926,Product A,Home,20,Supplier Z,31.16853801104486,3.466910367146189,46,SKU002,Warehouse A,30 Days,Brand X,9721284965,92,136.5155533752438
4927,Product C,Home,94,Supplier X,44.89751716910223,4.820053931930342,37,SKU003,Warehouse C,30 Days,Brand Z,9385041759,7,948.457972915855
4928,Product C,Electronics,30,Supplier Z,8.384866145614684,4.36521259830923,62,SKU002,Warehouse A,7 Days,Brand Y,9620487371,26,576.1637623834489
4929,Product B,Electronics,75,Supplier Z,31.33562879783938,1.247260935118917,80,SKU003,Warehouse A,30 Days,Brand Y,9122266032,68,312.5074304112156
4930,Product A,Clothing,95,Supplier Y,38.61378064573064,2.279643506246502,40,SKU001,Warehouse A,7 Days,Brand Z,9446721337,92,500.5693770787262
4931,Product C,Clothing,67,Supplier X,13.5820565372087,1.569497862370465,20,SKU003,Warehouse B,7 Days,Brand Z,9644691924,98,506.6135108338632
4932,Product B,Clothing,59,Supplier X,37.03769006459825,4.796962550748558,44,SKU002,Warehouse C,15 Days,Brand X,9706471905,32,33.05420864815608
4933,Product A,Home,66,Supplier Z,38.92384145581184,4.943766264888325,12,SKU003,Warehouse B,15 Days,Brand Z,9883636603,95,361.9052533652973
4934,Product C,Clothing,3,Supplier Z,41.55939780082224,1.939972082160152,65,SKU002,Warehouse A,7 Days,Brand X,9620388608,84,742.4671415474883
4935,Product C,Home,56,Supplier Y,15.64414562979664,3.67879617931501,65,SKU003,Warehouse A,15 Days,Brand Z,9873896332,9,514.9684970612009
4936,Product B,Home,79,Supplier X,34.08032950841546,4.366526928188474,42,SKU003,Warehouse B,15 Days,Brand X,9306290612,15,251.7878158394884
4937,Product A,Home,17,Supplier X,15.21266417048811,1.934721137657906,61,SKU001,Warehouse A,7 Days,Brand Z,9445664020,10,341.7587614365746
4938,Product A,Home,52,Supplier Z,36.95201937492277,1.75072253728391,88,SKU003,Warehouse A,30 Days,Brand Z,9229497804,18,864.4238491847897
4939,Product C,Clothing,7,Supplier X,23.14868325728561,1.044844092989121,91,SKU001,Warehouse C,30 Days,Brand Z,9152791198,63,530.2941734487273
4940,Product C,Electronics,5,Supplier Z,29.877218726361,2.647849827766104,47,SKU001,Warehouse A,30 Days,Brand X,9717986620,51,533.0686013257236
4941,Product C,Electronics,98,Supplier Y,20.79199907152844,4.597749849578866,25,SKU003,Warehouse C,15 Days,Brand Y,9423988994,76,961.8527844605
4942,Product A,Electronics,97,Supplier Z,8.099146346491215,4.611918596225395,98,SKU003,Warehouse C,15 Days,Brand X,9672095644,14,327.6725850462769
4943,Product B,Clothing,54,Supplier Y,8.901476480268183,1.510972510036065,91,SKU003,Warehouse B,30 Days,Brand Z,9518498293,41,484.7457138551661
4944,Product B,Electronics,61,Supplier Z,3.878445363106725,1.81740992211358,60,SKU001,Warehouse B,7 Days,Brand Y,9077632175,99,813.5964617436256
4945,Product A,Clothing,16,Supplier Y,30.90363398608309,2.632189323738134,61,SKU002,Warehouse A,7 Days,Brand X,9197423185,95,761.3231263981594
4946,Product B,Clothing,67,Supplier Y,42.43191989765297,4.122498180654808,96,SKU002,Warehouse B,7 Days,Brand X,9920855997,82,273.1414277093858
4947,Product C,Clothing,59,Supplier X,1.041841313104047,3.447405934126914,81,SKU001,Warehouse C,15 Days,Brand Y,9692716568,78,159.580137129332
4948,Product B,Electronics,47,Supplier Z,3.311975104417675,3.055398974080866,13,SKU001,Warehouse B,30 Days,Brand Z,9459996065,37,703.6975304254946
4949,Product B,Electronics,48,Supplier X,22.87334961514552,3.367727536890412,53,SKU003,Warehouse C,7 Days,Brand Y,9138850321,85,265.0796150391228
4950,Product B,Electronics,64,Supplier X,36.88603680840946,1.384798775209187,40,SKU003,Warehouse B,30 Days,Brand Z,9502738416,48,923.4490702389987
4951,Product C,Home,50,Supplier Z,7.885382235597565,2.910654569019628,59,SKU002,Warehouse A,30 Days,Brand Y,9486384576,76,137.9552170493338
4952,Product A,Clothing,85,Supplier X,13.58256597745969,4.968253158156513,8,SKU002,Warehouse B,15 Days,Brand X,9329864987,83,325.1320481334288
4953,Product C,Home,41,Supplier X,11.60031006409036,1.353784587756351,43,SKU002,Warehouse A,7 Days,Brand X,9610875139,48,64.23937445566463
4954,Product A,Clothing,72,Supplier X,19.95256093355771,3.076986710539546,55,SKU003,Warehouse B,15 Days,Brand X,9223116150,78,706.2722537947443
4955,Product A,Electronics,22,Supplier Z,11.24993385087856,2.182597046629498,93,SKU003,Warehouse C,30 Days,Brand Z,9903765107,70,892.3500224262443
4956,Product A,Clothing,54,Supplier X,17.62993392723765,3.159653187447836,2,SKU001,Warehouse B,30 Days,Brand Z,9716848276,54,639.5157820576969
4957,Product B,Clothing,5,Supplier X,36.42712993309721,3.295275040134987,97,SKU003,Warehouse B,30 Days,Brand Y,9540917061,21,938.3754853563688
4958,Product B,Home,17,Supplier X,30.55046242270946,3.309891592477904,96,SKU002,Warehouse C,7 Days,Brand Z,9267530260,42,137.2189387161976
4959,Product A,Clothing,78,Supplier Z,4.059085269584645,4.408835141243546,90,SKU001,Warehouse C,7 Days,Brand Z,9792394724,49,96.85658799007192
4960,Product A,Electronics,41,Supplier Y,31.88728331228588,2.558989658694644,58,SKU003,Warehouse B,7 Days,Brand Y,9812883549,83,840.028603855697
4961,Product B,Clothing,92,Supplier Y,23.85385857796067,3.065416650665984,72,SKU002,Warehouse C,30 Days,Brand Z,9384345235,18,856.9560636326426
4962,Product C,Clothing,95,Supplier Y,46.72827873535694,1.043713595870994,12,SKU003,Warehouse C,30 Days,Brand Y,9948316797,90,832.7291318360568
4963,Product A,Clothing,81,Supplier Y,14.46521585520266,4.158202406319067,29,SKU001,Warehouse B,7 Days,Brand Z,9581045160,71,800.9752535084082
4964,Product C,Home,35,Supplier X,36.308320984958,2.037950829503412,52,SKU003,Warehouse A,30 Days,Brand Z,9737813215,17,368.6060802992736
4965,Product B,Clothing,40,Supplier Z,36.5430411522285,4.266220096162066,79,SKU002,Warehouse B,30 Days,Brand X,9039428020,9,225.2874627554739
4966,Product A,Clothing,22,Supplier X,11.07503905045937,2.062554665521269,50,SKU001,Warehouse B,30 Days,Brand Z,9073278072,49,929.5159797978122
4967,Product C,Home,48,Supplier Z,45.1611812485468,1.043153985049969,41,SKU002,Warehouse A,7 Days,Brand Y,9347896447,48,313.9301810198506
4968,Product C,Home,53,Supplier X,24.55916002148015,1.619325272773787,25,SKU001,Warehouse B,15 Days,Brand Y,9609513917,40,404.4236053423919
4969,Product C,Home,93,Supplier Y,33.94416834446512,4.942731610288671,58,SKU003,Warehouse B,15 Days,Brand X,9895820062,98,702.5633698571169
4970,Product B,Home,10,Supplier Y,7.292777944175227,2.279204983791954,68,SKU003,Warehouse C,15 Days,Brand Y,9731951971,14,300.4225191940477
4971,Product B,Electronics,18,Supplier Z,12.89019584959846,1.435295608050989,90,SKU002,Warehouse B,7 Days,Brand X,9610759320,22,820.9389193453912
4972,Product C,Electronics,99,Supplier X,29.30535589686114,1.475035214503002,78,SKU003,Warehouse A,30 Days,Brand Z,9954844484,75,79.33427739546345
4973,Product C,Clothing,80,Supplier Y,15.95136341866747,2.241370856228895,91,SKU001,Warehouse A,15 Days,Brand X,9528210119,26,793.2708407150452
4974,Product B,Electronics,49,Supplier Z,24.98464592854867,1.150580164467052,2,SKU003,Warehouse C,15 Days,Brand Z,9605420304,5,605.8328093916261
4975,Product C,Clothing,71,Supplier X,18.70025996866446,3.045954352487815,40,SKU003,Warehouse B,7 Days,Brand Y,9227088334,23,577.2637076724569
4976,Product C,Electronics,30,Supplier Z,32.0276898322024,1.854963661957281,0,SKU003,Warehouse B,30 Days,Brand X,9048099475,85,463.7932687472741
4977,Product B,Home,19,Supplier X,24.35726813904044,3.077242565587489,64,SKU003,Warehouse B,30 Days,Brand Y,9915609388,8,284.2751403205882
4978,Product C,Home,55,Supplier X,0.2304967986584083,1.563056874796881,69,SKU003,Warehouse B,7 Days,Brand Y,9337197422,73,469.4295825769242
4979,Product C,Electronics,60,Supplier X,32.4840418972692,2.719428916069969,74,SKU003,Warehouse A,15 Days,Brand Y,9728279260,61,455.5282268985005
4980,Product C,Electronics,87,Supplier Z,21.10607785250909,3.391667433604978,49,SKU003,Warehouse A,30 Days,Brand Y,9134213859,66,587.9166468952393
4981,Product B,Clothing,72,Supplier Z,17.08491702451114,1.247999753352432,79,SKU003,Warehouse C,30 Days,Brand Y,9198062385,69,288.7585429969749
4982,Product C,Clothing,81,Supplier X,4.707337614161178,2.594997237004234,96,SKU002,Warehouse B,15 Days,Brand X,9220332210,89,86.81962615638753
4983,Product B,Clothing,21,Supplier Y,11.01848452832457,2.210095283958751,87,SKU002,Warehouse A,7 Days,Brand Y,9872286071,77,153.6385521727469
4984,Product B,Home,26,Supplier X,11.18861457904267,1.961439265954536,58,SKU003,Warehouse B,15 Days,Brand X,9334677467,99,702.1856571469572
4985,Product A,Home,28,Supplier Z,46.76847497023645,3.418138504337986,95,SKU002,Warehouse A,30 Days,Brand X,9836074439,41,32.26740633918509
4986,Product A,Home,39,Supplier X,21.62564873732734,3.354167943061629,73,SKU003,Warehouse A,7 Days,Brand X,9533915597,59,857.8786141989757
4987,Product C,Home,33,Supplier Z,2.103292360758502,3.522799226710774,62,SKU003,Warehouse C,15 Days,Brand Y,9874058144,82,697.4533542051142
4988,Product B,Clothing,40,Supplier X,6.940834112166044,1.635530681730085,24,SKU003,Warehouse B,15 Days,Brand Y,9349940321,47,770.4056758946391
4989,Product A,Home,83,Supplier X,3.951633786645603,2.142836979449311,9,SKU002,Warehouse C,7 Days,Brand X,9999246451,55,837.6246046025401
4990,Product C,Home,29,Supplier Y,29.44346951036056,1.838715111980315,76,SKU001,Warehouse C,30 Days,Brand Y,9011192442,86,131.4833394908794
4991,Product A,Home,20,Supplier Y,9.331074578341337,3.162014419991368,0,SKU003,Warehouse C,7 Days,Brand X,9726157596,4,824.2265800603657
4992,Product A,Home,20,Supplier Z,24.9278820140888,2.844262756838465,98,SKU003,Warehouse C,7 Days,Brand Y,9713035669,78,509.5960132824658
4993,Product B,Electronics,74,Supplier X,18.50310314349878,2.321174950371,13,SKU001,Warehouse C,30 Days,Brand Y,9737102530,93,886.668600365665
4994,Product B,Clothing,12,Supplier Z,40.19381885720997,4.144059235473732,20,SKU002,Warehouse C,15 Days,Brand X,9735868655,96,887.72073504974
4995,Product A,Clothing,97,Supplier X,16.02448186326811,1.375894977633531,57,SKU001,Warehouse C,7 Days,Brand Y,9545765078,53,33.93626331662851
4996,Product A,Home,25,Supplier X,22.91327411984042,4.899586755022568,37,SKU003,Warehouse B,7 Days,Brand X,9169674754,37,389.0365633287036
4997,Product B,Electronics,25,Supplier X,36.06427742989129,1.466176311261275,0,SKU001,Warehouse C,15 Days,Brand X,9301824759,18,531.1348079066206
4998,Product C,Clothing,4,Supplier Y,21.66756034653197,4.092283250273478,83,SKU003,Warehouse B,30 Days,Brand Y,9746266885,68,681.576488885073
4999,Product B,Clothing,4,Supplier Z,39.66077680065946,2.472920756643327,4,SKU002,Warehouse B,15 Days,Brand Y,9549191335,72,293.3243842172926
5000,Product A,Home,9,Supplier X,33.08421781183324,4.461048916527222,43,SKU002,Warehouse A,15 Days,Brand X,9684959190,70,259.6208380580058
